Name,Category,ProductCode_เดิม,รหัสที่สกัดได้,Supplier(P-xx),ชั้นราคา,พบจาก,ตรงแคตตาล็อก,สถานะ
**ไม่ใช้งานแล้ว**,,,,,,,,เลิกใช้งาน
**ไม่ใช้งานแล้ว**,,,,,,,,เลิกใช้งาน
กล่องพลาสติกใส สำหรับใส่การ์ด,แฟลชไดร์ฟ,,,,,,,วัสดุแพ็กเกจ
กล่องเหล็ก,Flash Drive,,,,,,,วัสดุแพ็กเกจ
แฟลชไดร์ฟ USB 2.0 แบบการ์ด 444 ความจุ 8GB,แฟลชไดร์ฟ การ์ด,,444,,,เลขรุ่นในชื่อ,,มีรหัส แต่ไม่อยู่ในแคตตาล็อกใบราคา
กล่องไม้,,,,,,,,วัสดุแพ็กเกจ
แฟลชไดร์ฟ USB 2.0 แบบการ์ด 445 ความจุ 4GB,แฟลชไดร์ฟ การ์ด,,445,,,เลขรุ่นในชื่อ,,มีรหัส แต่ไม่อยู่ในแคตตาล็อกใบราคา
ขวดน้ำสูญญากาศ: เก็บอุณภูมิร้อน เย็น บอกอุณหภูมิ ขนาด 500 ML,,,,,,,,สินค้า ไม่มีรหัส — ต้องออกรหัส
ปลั๊กชาร์จ usb พร้อมสาย Type-C พร้อมสกรีนโลโก้ 1 สี 1 ตำแหน่งที่ปลั๊ก,Other,,,,,,,บริการ/ค่าใช้จ่าย ไม่ใช่สินค้า
สกรีนโลโก้ UV print  1 ตำแหน่ง,,,,,,,,บริการ/ค่าใช้จ่าย ไม่ใช่สินค้า
แฟลชไดร์ฟ คิงสตัน DTX USB 3.2 ความจุ 32GB,แฟลชไดร์ฟ,,,,,,,สินค้า ไม่มีรหัส — ต้องออกรหัส
แฟลชไดร์ฟ USB 2.0 แบบพลาสติก ความจุ 4GB,,,,,,,,สินค้า ไม่มีรหัส — ต้องออกรหัส
USB Flash drive พลาสติก แบบเปลือย,,,,,,,,สินค้า ไม่มีรหัส — ต้องออกรหัส
เครื่องนวดคอ,Gift Set,,,,,,,สินค้า ไม่มีรหัส — ต้องออกรหัส
แฟลชไดร์ฟ USB 2.0 แบบการ์ด 445 ความจุ 2 GB,,,445,,,เลขรุ่นในชื่อ,,มีรหัส แต่ไม่อยู่ในแคตตาล็อกใบราคา
กล่องกระดาษสีขาว P-19 ฝาแยก ขนาด 120*85*26 mm,Flash Drive,,,,,,,วัสดุแพ็กเกจ
ชุดของขวัญในกล่องพรีเมี่ยม 6 ชิ้นพร้อมสกรีน Model : MC00-1,Gift Set,,MC00-1,,,code เปล่า,MC00-1,ตรงแคตตาล็อก (set)
สาย USB 3 in1,,,,,,,,สินค้า ไม่มีรหัส — ต้องออกรหัส
กล่องพลาสติก,Flash Drive,,,,,,,วัสดุแพ็กเกจ
ปลอกกระดาษสวมกล่อง,Flash Drive,,,,,,,วัสดุแพ็กเกจ
บันทึกข้อมูล แบบลบได้  ( สามารถใช้ได้ปรกติทั่วไป ลบ หรือ copy ข้อมูลจา,Flash Drive,,,,,,,สินค้า ไม่มีรหัส — ต้องออกรหัส
บันทึกข้อมูล แบบล็อก  ( สามารถใช้ได้ปรกติทั่วไป ไม่สามารถลบข้อมูลออกจา,Flash Drive,,,,,,,สินค้า ไม่มีรหัส — ต้องออกรหัส
บันทึกข้อมูล แบบล็อก และป้องกันการ copy  (ไม่สามารถลบข้อมูลออกจากแฟลชไ,Flash Drive,,,,,,,สินค้า ไม่มีรหัส — ต้องออกรหัส
แฟลชไดร์ฟ USB 3.0 แบบเหล็ก,Flash Drive,,,,,,,สินค้า ไม่มีรหัส — ต้องออกรหัส
แฟลชไดร์ฟ USB 2.0 แบบพลาสติก,Flash Drive,,,,,,,สินค้า ไม่มีรหัส — ต้องออกรหัส
แฟลชไดร์ฟ USB 2.0 แบบการ์ด,Flash Drive,,,,,,,สินค้า ไม่มีรหัส — ต้องออกรหัส
แฟลชไดร์ฟ USB 2.0 แบบไม้,Flash Drive,,,,,,,สินค้า ไม่มีรหัส — ต้องออกรหัส
แฟลชไดร์ฟ USB 2.0 แบบเหล็ก,Flash Drive,,,,,,,สินค้า ไม่มีรหัส — ต้องออกรหัส
แฟลชไดร์ฟ USB 2.0 แบบขึ้นโมล์ด,Flash Drive,,,,,,,สินค้า ไม่มีรหัส — ต้องออกรหัส
แฟลชไดร์ฟ USB 2.0 แบบสายรัดข้อมือ,Flash Drive,,,,,,,สินค้า ไม่มีรหัส — ต้องออกรหัส
แฟลชไดร์ฟ USB 2.0 แบบคริสตัล,Flash Drive,,,,,,,สินค้า ไม่มีรหัส — ต้องออกรหัส
แฟลชไดร์ฟ USB 2.0 แบบปากกา,Flash Drive,,,,,,,สินค้า ไม่มีรหัส — ต้องออกรหัส
แฟลชไดร์ฟ USB 2.0 แบบหนัง,Flash Drive,,,,,,,สินค้า ไม่มีรหัส — ต้องออกรหัส
แฟลชไดร์ฟ OTG USB 2.0,Flash Drive,,,,,,,สินค้า ไม่มีรหัส — ต้องออกรหัส
แฟลชไดร์ฟ USB 3.0 แบบขึ้นโมล์ด,Flash Drive,,,,,,,สินค้า ไม่มีรหัส — ต้องออกรหัส
แฟลชไดร์ฟ OTG USB 3.0,Flash Drive,,,,,,,สินค้า ไม่มีรหัส — ต้องออกรหัส
ชุดของขวัญในกล่องพรีเมี่ยม 2 ชิ้นพร้อมสกรีน Model : VC-002,Gift Set,,,,,,,บริการ/ค่าใช้จ่าย ไม่ใช่สินค้า
Vacuum jug+เครื่องนวดคอ THB03-2(P-20),Gift Set,THB03-2(P-20)-100,THB03-2,P-20,100,ProductCode,THB03-2,ตรงแคตตาล็อก (set)
Vacuum jug+เครื่องนวดคอ THB03-2(P-20),Gift Set,THB03-2(P-20)-50,THB03-2,P-20,50,ProductCode,THB03-2,ตรงแคตตาล็อก (set)
Vacuum jug+เครื่องนวดคอ THB03-2(P-20),Gift Set,THB03-2(P-20)-10,THB03-2,P-20,10,ProductCode,THB03-2,ตรงแคตตาล็อก (set)
Vacuum jug+เครื่องนวดคอ THB03-2(P-20),Gift Set,THB03-2(P-20)-500,THB03-2,P-20,500,ProductCode,THB03-2,ตรงแคตตาล็อก (set)
Vacuum jug+เครื่องนวดคอ THB03-2(P-20),Gift Set,THB03-2(P-20)-20,THB03-2,P-20,20,ProductCode,THB03-2,ตรงแคตตาล็อก (set)
ขวดน้ำสูญญากาศ + เครื่องนวดคอ TBG03-2(P-2D),Gift Set,TBG03-2(P-2D)-10,TBG03-2,P-2D,10,ProductCode,,มีรหัส แต่ไม่อยู่ในแคตตาล็อกใบราคา
ขวดน้ำสูญญากาศ + เครื่องนวดคอ TBG03-2(P-2D),Gift Set,TBG03-2(P-2D)-100,TBG03-2,P-2D,100,ProductCode,,มีรหัส แต่ไม่อยู่ในแคตตาล็อกใบราคา
ขวดน้ำสูญญากาศ + เครื่องนวดคอ TBG03-2(P-2D),Gift Set,TBG03-2(P-2D)-500,TBG03-2,P-2D,500,ProductCode,,มีรหัส แต่ไม่อยู่ในแคตตาล็อกใบราคา
ขวดน้ำสูญญากาศ + เครื่องนวดคอ TBG03-2(P-2D),Gift Set,TBG03-2(P-2D)-20,TBG03-2,P-2D,20,ProductCode,,มีรหัส แต่ไม่อยู่ในแคตตาล็อกใบราคา
ขวดน้ำสูญญากาศ + เครื่องนวดคอ TBG03-2(P-2D),Gift Set,TBG03-2(P-2D)-50,TBG03-2,P-2D,50,ProductCode,,มีรหัส แต่ไม่อยู่ในแคตตาล็อกใบราคา
สมุดโน๊ตอัจฉริยะ (Notebook Powerbank) ชาร์จแบบไร้สาย + เครื่องนวดคอ TS,Gift Set,TSP07-2(P-06)-10,TSP07-2,P-06,10,ProductCode,TSP07-2,ตรงแคตตาล็อก (set)
แฟลชไดร์ฟ USB 3.0 แบบไม้,Flash Drive,,,,,,,สินค้า ไม่มีรหัส — ต้องออกรหัส
เครื่องนวดคอ TBY01(P-14),Gift Set,TBY01(P-14)-100,TBY01,P-14,100,ProductCode,,มีรหัส แต่ไม่อยู่ในแคตตาล็อกใบราคา
เครื่องนวดคอ TBY01(P-14),Gift Set,TBY01(P-14)-50,TBY01,P-14,50,ProductCode,,มีรหัส แต่ไม่อยู่ในแคตตาล็อกใบราคา
เครื่องนวดคอ TBY01(P-14),Gift Set,TBY01(P-14)-500,TBY01,P-14,500,ProductCode,,มีรหัส แต่ไม่อยู่ในแคตตาล็อกใบราคา
เครื่องนวดคอ TBY01(P-14),Gift Set,TBY01(P-14)-10,TBY01,P-14,10,ProductCode,,มีรหัส แต่ไม่อยู่ในแคตตาล็อกใบราคา
เครื่องนวดคอ TBY01(P-14),Gift Set,TBY01(P-14)-20,TBY01,P-14,20,ProductCode,,มีรหัส แต่ไม่อยู่ในแคตตาล็อกใบราคา
เครื่องนวดคอ+ที่ใส่ปากกา แบบถ้วยรางวัลเรืองแสง (Trophy Night) TYD0762(,Gift Set,TYD0762(P-PT)-10,TYD0762,P-PT,10,ProductCode,,มีรหัส แต่ไม่อยู่ในแคตตาล็อกใบราคา
เครื่องนวดคอ+ที่ใส่ปากกา แบบถ้วยรางวัลเรืองแสง (Trophy Night) TYD0762(,Gift Set,TYD0762(P-PT)-500,TYD0762,P-PT,500,ProductCode,,มีรหัส แต่ไม่อยู่ในแคตตาล็อกใบราคา
เครื่องนวดคอ+ที่ใส่ปากกา แบบถ้วยรางวัลเรืองแสง (Trophy Night) TYD0762(,Gift Set,TYD0762(P-PT)-20,TYD0762,P-PT,20,ProductCode,,มีรหัส แต่ไม่อยู่ในแคตตาล็อกใบราคา
เครื่องนวดคอ+ที่ใส่ปากกา แบบถ้วยรางวัลเรืองแสง (Trophy Night) TYD0762(,Gift Set,TYD0762(P-PT)-100,TYD0762,P-PT,100,ProductCode,,มีรหัส แต่ไม่อยู่ในแคตตาล็อกใบราคา
เครื่องนวดคอ+ที่ใส่ปากกา แบบถ้วยรางวัลเรืองแสง (Trophy Night) TYD0762(,Gift Set,TYD0762(P-PT)-50,TYD0762,P-PT,50,ProductCode,,มีรหัส แต่ไม่อยู่ในแคตตาล็อกใบราคา
สมุดโน๊ตอัจฉริยะ (Notebook Powerbank) ชาร์จแบบไร้สาย with Writing scre,Gift Set,TSPS2-2(P-06)-50,TSPS2-2,P-06,50,ProductCode,TSPS2-2,ตรงแคตตาล็อก (set)
สมุดโน๊ตอัจฉริยะ (Notebook Powerbank) ชาร์จแบบไร้สาย with Writing scre,Gift Set,TSPS2-2(P-06)-20,TSPS2-2,P-06,20,ProductCode,TSPS2-2,ตรงแคตตาล็อก (set)
สมุดโน๊ตอัจฉริยะ (Notebook Powerbank) ชาร์จแบบไร้สาย with Writing scre,Gift Set,TSPS2-2(P-06)-100,TSPS2-2,P-06,100,ProductCode,TSPS2-2,ตรงแคตตาล็อก (set)
เครื่องรีดผ้าแบบพกพา + เครื่องนวดคอ TYD0262(P-2D),Gift Set,TYD0262(P-2D)-13,TYD0262,P-2D,13,ProductCode,TYD0262,ตรงแคตตาล็อก (set)
เครื่องรีดผ้าแบบพกพา + เครื่องนวดคอ TYD0262(P-2D),Gift Set,TYD0262(P-2D)-12,TYD0262,P-2D,12,ProductCode,TYD0262,ตรงแคตตาล็อก (set)
Light เครื่องทำความชื้น + ร่ม+เครื่องนวดคอ+ขวดน้ำสูญญากาศ TSQ06-4(P-16,Gift Set,TSQ06-4(P-16)-50,TSQ06-4,P-16,50,ProductCode,TSQ06-4,ตรงแคตตาล็อก (set)
Light เครื่องทำความชื้น + ร่ม+เครื่องนวดคอ+ขวดน้ำสูญญากาศ TSQ06-4(P-16,Gift Set,TSQ06-4(P-16)-10,TSQ06-4,P-16,10,ProductCode,TSQ06-4,ตรงแคตตาล็อก (set)
Light เครื่องทำความชื้น + ร่ม+เครื่องนวดคอ+ขวดน้ำสูญญากาศ TSQ06-4(P-16,Gift Set,TSQ06-4(P-16)-20,TSQ06-4,P-16,20,ProductCode,TSQ06-4,ตรงแคตตาล็อก (set)
Light เครื่องทำความชื้น + ร่ม+เครื่องนวดคอ+ขวดน้ำสูญญากาศ TSQ06-4(P-16,Gift Set,TSQ06-4(P-16)-100,TSQ06-4,P-16,100,ProductCode,TSQ06-4,ตรงแคตตาล็อก (set)
Light เครื่องทำความชื้น + เครื่องนวดคอ+ขวดน้ำสูญญากาศ TSQ04-3(P-02),Gift Set,TSQ04-3(P-02)-20,TSQ04-3,P-02,20,ProductCode,TSQ04-3,ตรงแคตตาล็อก (set)
Light เครื่องทำความชื้น + เครื่องนวดคอ+ขวดน้ำสูญญากาศ TSQ04-3(P-02),Gift Set,TSQ04-3(P-02)-50,TSQ04-3,P-02,50,ProductCode,TSQ04-3,ตรงแคตตาล็อก (set)
Light เครื่องทำความชื้น + เครื่องนวดคอ+ขวดน้ำสูญญากาศ TSQ04-3(P-02),Gift Set,TSQ04-3(P-02)-100,TSQ04-3,P-02,100,ProductCode,TSQ04-3,ตรงแคตตาล็อก (set)
Light เครื่องทำความชื้น + เครื่องนวดคอ+ขวดน้ำสูญญากาศ TSQ04-3(P-02),Gift Set,TSQ04-3(P-02)-500,TSQ04-3,P-02,500,ProductCode,TSQ04-3,ตรงแคตตาล็อก (set)
Light เครื่องทำความชื้น + เครื่องนวดคอ+ขวดน้ำสูญญากาศ TSQ04-3(P-02),Gift Set,TSQ04-3(P-02)-10,TSQ04-3,P-02,10,ProductCode,TSQ04-3,ตรงแคตตาล็อก (set)
Light เครื่องทำความชื้น + เครื่องนวดคอ TSQ01-2(P-02),Gift Set,TSQ01-2(P-02)-50,TSQ01-2,P-02,50,ProductCode,TSQ01-2,ตรงแคตตาล็อก (set)
Light เครื่องทำความชื้น + เครื่องนวดคอ TSQ01-2(P-02),Gift Set,TSQ01-2(P-02)-10,TSQ01-2,P-02,10,ProductCode,TSQ01-2,ตรงแคตตาล็อก (set)
Light เครื่องทำความชื้น + เครื่องนวดคอ TSQ01-2(P-02),Gift Set,TSQ01-2(P-02)-500,TSQ01-2,P-02,500,ProductCode,TSQ01-2,ตรงแคตตาล็อก (set)
Light เครื่องทำความชื้น + เครื่องนวดคอ TSQ01-2(P-02),Gift Set,TSQ01-2(P-02)-100,TSQ01-2,P-02,100,ProductCode,TSQ01-2,ตรงแคตตาล็อก (set)
Light เครื่องทำความชื้น + เครื่องนวดคอ TSQ01-2(P-02),Gift Set,TSQ01-2(P-02)-20,TSQ01-2,P-02,20,ProductCode,TSQ01-2,ตรงแคตตาล็อก (set)
ขวดน้ำสูญญากาศ + แปรงสีฟันไฟฟ้า + เครื่องนวดคอ TSQ01-2(P-02),Gift Set,TDS04-3(P-06)-50,TDS04-3,P-06,50,ProductCode,TDS04-3,ตรงแคตตาล็อก (set)
ขวดน้ำสูญญากาศ + แปรงสีฟันไฟฟ้า + เครื่องนวดคอ TSQ01-2(P-02),Gift Set,TDS04-3(P-06)-10,TDS04-3,P-06,10,ProductCode,TDS04-3,ตรงแคตตาล็อก (set)
ขวดน้ำสูญญากาศ + แปรงสีฟันไฟฟ้า + เครื่องนวดคอ TSQ01-2(P-02),Gift Set,TDS04-3(P-06)-500,TDS04-3,P-06,500,ProductCode,TDS04-3,ตรงแคตตาล็อก (set)
ขวดน้ำสูญญากาศ + แปรงสีฟันไฟฟ้า + เครื่องนวดคอ TSQ01-2(P-02),Gift Set,TDS04-3(P-06)-100,TDS04-3,P-06,100,ProductCode,TDS04-3,ตรงแคตตาล็อก (set)
ขวดน้ำสูญญากาศ + แปรงสีฟันไฟฟ้า + เครื่องนวดคอ TSQ01-2(P-02),Gift Set,TDS04-3(P-06)-20,TDS04-3,P-06,20,ProductCode,TDS04-3,ตรงแคตตาล็อก (set)
สมุดโน๊ตอัจฉริยะ (Notebook Powerbank) ชาร์จแบบไร้สาย with Writing scre,Gift Set,TSPS2-2(P-06)-500,TSPS2-2,P-06,500,ProductCode,TSPS2-2,ตรงแคตตาล็อก (set)
สมุดโน๊ตอัจฉริยะ (Notebook Powerbank) ชาร์จแบบไร้สาย  with Writing scr,Gift Set,TSPB2-2(P-06)-20,TSPB2-2,P-06,20,ProductCode,TSPB2-2,ตรงแคตตาล็อก (set)
สมุดโน๊ตอัจฉริยะ (Notebook Powerbank) ชาร์จแบบไร้สาย  with Writing scr,Gift Set,TSPB2-2(P-06)-10,TSPB2-2,P-06,10,ProductCode,TSPB2-2,ตรงแคตตาล็อก (set)
สมุดโน๊ตอัจฉริยะ (Notebook Powerbank) ชาร์จแบบไร้สาย  with Writing scr,Gift Set,TSPB2-2(P-06)-50,TSPB2-2,P-06,50,ProductCode,TSPB2-2,ตรงแคตตาล็อก (set)
สมุดโน๊ตอัจฉริยะ (Notebook Powerbank) ชาร์จแบบไร้สาย with Writing scre,Gift Set,TSPS2-2(P-06)-10,TSPS2-2,P-06,10,ProductCode,TSPS2-2,ตรงแคตตาล็อก (set)
สมุดโน๊ตอัจฉริยะ (Notebook Powerbank) ชาร์จแบบไร้สาย  with Writing scr,Gift Set,TSPB2-2(P-06)-100,TSPB2-2,P-06,100,ProductCode,TSPB2-2,ตรงแคตตาล็อก (set)
สมุดโน๊ตอัจฉริยะ (Notebook Powerbank) ชาร์จแบบไร้สาย  with Writing scr,Gift Set,TSPB2-2(P-06)-500,TSPB2-2,P-06,500,ProductCode,TSPB2-2,ตรงแคตตาล็อก (set)
เครื่องรีดผ้าแบบพกพา + เครื่องนวดคอ+ เครื่องนวดตา TYD0363(P-2D),Gift Set,TYD0363(P-2D)-50,TYD0363,P-2D,50,ProductCode,TYD0363,ตรงแคตตาล็อก (set)
สมุดโน๊ตอัจฉริยะ (Notebook Powerbank) ชาร์จแบบไร้สาย + เครื่องนวดคอ TS,Gift Set,TSP07-2(P-06)-20,TSP07-2,P-06,20,ProductCode,TSP07-2,ตรงแคตตาล็อก (set)
เครื่องนวดคอ + แก้วชาพร้อมที่กรองในแก้ว TBG02-2(P-2D),Gift Set,TBG02-2(P-2D)-500,TBG02-2,P-2D,500,ProductCode,TBG02-2,ตรงแคตตาล็อก (set)
กาต้มน้ำไฟฟ้าแบบพกพา+ พัดลม + เครื่องนวดคอ + เครื่องนวดตา TDR0-4(P-13),Gift Set,TDR0-4(P-13)-20,TDR0-4,P-13,20,ProductCode,TDR0--4,ตรงหลัง normalize ขีด (set)
กาต้มน้ำไฟฟ้าแบบพกพา+ พัดลม + เครื่องนวดคอ + เครื่องนวดตา TDR0-4(P-13),Gift Set,TDR0-4(P-13)-500,TDR0-4,P-13,500,ProductCode,TDR0--4,ตรงหลัง normalize ขีด (set)
กาต้มน้ำไฟฟ้าแบบพกพา+ พัดลม + เครื่องนวดคอ + เครื่องนวดตา TDR0-4(P-13),Gift Set,TDR0-4(P-13)-10,TDR0-4,P-13,10,ProductCode,TDR0--4,ตรงหลัง normalize ขีด (set)
กาต้มน้ำไฟฟ้าแบบพกพา+ พัดลม + เครื่องนวดคอ + เครื่องนวดตา TDR0-4(P-13),Gift Set,TDR0-4(P-13)-100,TDR0-4,P-13,100,ProductCode,TDR0--4,ตรงหลัง normalize ขีด (set)
กาต้มน้ำไฟฟ้าแบบพกพา+ พัดลม + เครื่องนวดคอ + เครื่องนวดตา TDR0-4(P-13),Gift Set,TDR0-4(P-13)-50,TDR0-4,P-13,50,ProductCode,TDR0--4,ตรงหลัง normalize ขีด (set)
สมุดโน๊ตอัจฉริยะ (Notebook Powerbank) ชาร์จแบบไร้สาย + เครื่องนวดคอ TS,Gift Set,TSP07-2(P-06)-100,TSP07-2,P-06,100,ProductCode,TSP07-2,ตรงแคตตาล็อก (set)
สมุดโน๊ตอัจฉริยะ (Notebook Powerbank) ชาร์จแบบไร้สาย + เครื่องนวดคอ TS,Gift Set,TSP07-2(P-06)-50,TSP07-2,P-06,50,ProductCode,TSP07-2,ตรงแคตตาล็อก (set)
สมุดโน๊ตอัจฉริยะ (Notebook Powerbank) ชาร์จแบบไร้สาย + เครื่องนวดคอ TS,Gift Set,TSP07-2(P-06)-500,TSP07-2,P-06,500,ProductCode,TSP07-2,ตรงแคตตาล็อก (set)
สมุดโน๊ตอัจฉริยะ (Notebook Powerbank) ชาร์จแบบไร้สาย + เครื่องนวดคอ TS,Gift Set,TSP06-2(P-06)-500,TSP06-2,P-06,500,ProductCode,TSP06-2,ตรงแคตตาล็อก (set)
สมุดโน๊ตอัจฉริยะ (Notebook Powerbank) ชาร์จแบบไร้สาย + เครื่องนวดคอ TS,Gift Set,TSP06-2(P-06)-50,TSP06-2,P-06,50,ProductCode,TSP06-2,ตรงแคตตาล็อก (set)
เครื่องปั่นแบบพกพา  + เครื่องนวดคอ +  ปืนนวด TZZ0-3(P-13),Gift Set,TZZ0-3(P-13)-500,TZZ0-3,P-13,500,ProductCode,,มีรหัส แต่ไม่อยู่ในแคตตาล็อกใบราคา
สมุดโน๊ตอัจฉริยะ (Notebook Powerbank) ชาร์จแบบไร้สาย + เครื่องนวดคอ TS,Gift Set,TSP06-2(P-06)-20,TSP06-2,P-06,20,ProductCode,TSP06-2,ตรงแคตตาล็อก (set)
สมุดโน๊ตอัจฉริยะ (Notebook Powerbank) ชาร์จแบบไร้สาย + เครื่องนวดคอ TS,Gift Set,TSP06-2(P-06)-10,TSP06-2,P-06,10,ProductCode,TSP06-2,ตรงแคตตาล็อก (set)
สมุดโน๊ตอัจฉริยะ (Notebook Powerbank) ชาร์จแบบไร้สาย + เครื่องนวดคอ TS,Gift Set,TSP06-2(P-06)-100,TSP06-2,P-06,100,ProductCode,TSP06-2,ตรงแคตตาล็อก (set)
เครื่องรีดผ้าแบบพกพา + เครื่องนวดคอ+ เครื่องนวดตา TYD0363(P-2D),Gift Set,TYD0363(P-2D)-20,TYD0363,P-2D,20,ProductCode,TYD0363,ตรงแคตตาล็อก (set)
ไดร์เป่าผม with concentrator nozzle + เครื่องนวดคอ + ขวดน้ำสูญญากาศ TC,Gift Set,TCH01-3(P-06)-20,TCH01-3,P-06,20,ProductCode,TCH01-3,ตรงแคตตาล็อก (set)
ไดร์เป่าผม with concentrator nozzle + เครื่องนวดคอ + ขวดน้ำสูญญากาศ TC,Gift Set,TCH01-3(P-06)-100,TCH01-3,P-06,100,ProductCode,TCH01-3,ตรงแคตตาล็อก (set)
ไดร์เป่าผม with concentrator nozzle + เครื่องนวดคอ + ขวดน้ำสูญญากาศ TC,Gift Set,TCH01-3(P-06)-500,TCH01-3,P-06,500,ProductCode,TCH01-3,ตรงแคตตาล็อก (set)
ไดร์เป่าผม with concentrator nozzle + เครื่องนวดคอ + ขวดน้ำสูญญากาศ TC,Gift Set,TCH01-3(P-06)-50,TCH01-3,P-06,50,ProductCode,TCH01-3,ตรงแคตตาล็อก (set)
ไดร์เป่าผม with concentrator nozzle + เครื่องนวดคอ + ขวดน้ำสูญญากาศ TC,Gift Set,TCH01-3(P-06)-10,TCH01-3,P-06,10,ProductCode,TCH01-3,ตรงแคตตาล็อก (set)
ไดร์เป่าผม with concentrator nozzle + เครื่องนวดคอ TCH01-2(P-02),Gift Set,TCH01-2(P-02)-10,TCH01-2,P-02,10,ProductCode,TCH01-2,ตรงแคตตาล็อก (set)
ไดร์เป่าผม with concentrator nozzle + เครื่องนวดคอ TCH01-2(P-02),Gift Set,TCH01-2(P-02)-100,TCH01-2,P-02,100,ProductCode,TCH01-2,ตรงแคตตาล็อก (set)
ไดร์เป่าผม with concentrator nozzle + เครื่องนวดคอ TCH01-2(P-02),Gift Set,TCH01-2(P-02)-20,TCH01-2,P-02,20,ProductCode,TCH01-2,ตรงแคตตาล็อก (set)
ไดร์เป่าผม with concentrator nozzle + เครื่องนวดคอ TCH01-2(P-02),Gift Set,TCH01-2(P-02)-50,TCH01-2,P-02,50,ProductCode,TCH01-2,ตรงแคตตาล็อก (set)
ไดร์เป่าผม with concentrator nozzle + เครื่องนวดคอ TCH01-2(P-02),Gift Set,TCH01-2(P-02)-500,TCH01-2,P-02,500,ProductCode,TCH01-2,ตรงแคตตาล็อก (set)
ปืนนวด + เครื่องนวดคอ TJM02-2(P-02),Gift Set,TJM02-2(P-02)-500,TJM02-2,P-02,500,ProductCode,TJM02-2,ตรงแคตตาล็อก (set)
ปืนนวด + เครื่องนวดคอ TJM02-2(P-02),Gift Set,TJM02-2(P-02)-20,TJM02-2,P-02,20,ProductCode,TJM02-2,ตรงแคตตาล็อก (set)
ปืนนวด + เครื่องนวดคอ TJM02-2(P-02),Gift Set,TJM02-2(P-02)-50,TJM02-2,P-02,50,ProductCode,TJM02-2,ตรงแคตตาล็อก (set)
ปืนนวด + เครื่องนวดคอ TJM02-2(P-02),Gift Set,TJM02-2(P-02)-100,TJM02-2,P-02,100,ProductCode,TJM02-2,ตรงแคตตาล็อก (set)
ปืนนวด + เครื่องนวดคอ TJM02-2(P-02),Gift Set,TJM02-2(P-02)-10,TJM02-2,P-02,10,ProductCode,TJM02-2,ตรงแคตตาล็อก (set)
ปืนนวด + เครื่องนวดคอ + ขวดน้ำสูญญากาศ TJM03-3(P-06),Gift Set,TJM03-3(P-06)-500,TJM03-3,P-06,500,ProductCode,TJM03-3,ตรงแคตตาล็อก (set)
ปืนนวด + เครื่องนวดคอ + ขวดน้ำสูญญากาศ TJM03-3(P-06),Gift Set,TJM03-3(P-06)-50,TJM03-3,P-06,50,ProductCode,TJM03-3,ตรงแคตตาล็อก (set)
ปืนนวด + เครื่องนวดคอ + ขวดน้ำสูญญากาศ TJM03-3(P-06),Gift Set,TJM03-3(P-06)-20,TJM03-3,P-06,20,ProductCode,TJM03-3,ตรงแคตตาล็อก (set)
ปืนนวด + เครื่องนวดคอ + ขวดน้ำสูญญากาศ TJM03-3(P-06),Gift Set,TJM03-3(P-06)-100,TJM03-3,P-06,100,ProductCode,TJM03-3,ตรงแคตตาล็อก (set)
ปืนนวด + เครื่องนวดคอ + ขวดน้ำสูญญากาศ TJM03-3(P-06),Gift Set,TJM03-3(P-06)-10,TJM03-3,P-06,10,ProductCode,TJM03-3,ตรงแคตตาล็อก (set)
Light เครื่องทำความชื้น + ร่ม+เครื่องนวดคอ+ขวดน้ำสูญญากาศ TSQ06-4(P-16,Gift Set,,TSQ06-4,P-16,,ชื่อ/คำอธิบาย,TSQ06-4,ตรงแคตตาล็อก (set)
กาต้มน้ำไฟฟ้าแบบพกพา BE0011(P-09),Gift Set,BE0011(P-09)-10,BE0011,P-09,10,ProductCode,,มีรหัส แต่ไม่อยู่ในแคตตาล็อกใบราคา
กาต้มน้ำไฟฟ้าแบบพกพา BE0011(P-09),Gift Set,BE0011(P-09)-50,BE0011,P-09,50,ProductCode,,มีรหัส แต่ไม่อยู่ในแคตตาล็อกใบราคา
กาต้มน้ำไฟฟ้าแบบพกพา BE0011(P-09),Gift Set,BE0011(P-09)-20,BE0011,P-09,20,ProductCode,,มีรหัส แต่ไม่อยู่ในแคตตาล็อกใบราคา
กาต้มน้ำไฟฟ้าแบบพกพา BE0011(P-09),Gift Set,BE0011(P-09)-500,BE0011,P-09,500,ProductCode,,มีรหัส แต่ไม่อยู่ในแคตตาล็อกใบราคา
กาต้มน้ำไฟฟ้าแบบพกพา BE0011(P-09),Gift Set,BE0011(P-09)-100,BE0011,P-09,100,ProductCode,,มีรหัส แต่ไม่อยู่ในแคตตาล็อกใบราคา
กาต้มน้ำไฟฟ้าแบบพกพา+ พัดลม + เครื่องนวดคอ + smart bracelet + เครื่องน,Gift Set,TDR0-5(P-13)-100,TDR0-5,P-13,100,ProductCode,TDR0--5,ตรงหลัง normalize ขีด (set)
กาต้มน้ำไฟฟ้าแบบพกพา+ พัดลม + เครื่องนวดคอ + smart bracelet + เครื่องน,Gift Set,TDR0-5(P-13)-50,TDR0-5,P-13,50,ProductCode,TDR0--5,ตรงหลัง normalize ขีด (set)
กาต้มน้ำไฟฟ้าแบบพกพา+ พัดลม + เครื่องนวดคอ + smart bracelet + เครื่องน,Gift Set,TDR0-5(P-13)-20,TDR0-5,P-13,20,ProductCode,TDR0--5,ตรงหลัง normalize ขีด (set)
กาต้มน้ำไฟฟ้าแบบพกพา+ พัดลม + เครื่องนวดคอ + smart bracelet + เครื่องน,Gift Set,TDR0-5(P-13)-10,TDR0-5,P-13,10,ProductCode,TDR0--5,ตรงหลัง normalize ขีด (set)
กาต้มน้ำไฟฟ้าแบบพกพา+ พัดลม + เครื่องนวดคอ + smart bracelet + เครื่องน,Gift Set,TDR0-5(P-13)-500,TDR0-5,P-13,500,ProductCode,TDR0--5,ตรงหลัง normalize ขีด (set)
กาต้มน้ำไฟฟ้าแบบพกพา+ เครื่องนวดคอ +  ปืนนวด TDR0-3(P-13),Gift Set,TDR0-3(P-13)-100,TDR0-3,P-13,100,ProductCode,TDR0--3,ตรงหลัง normalize ขีด (set)
เครื่องรีดผ้าแบบพกพา + เครื่องนวดคอ+ เครื่องนวดตา TYD0363(P-2D),Gift Set,TYD0363(P-2D)-500,TYD0363,P-2D,500,ProductCode,TYD0363,ตรงแคตตาล็อก (set)
เครื่องรีดผ้าแบบพกพา + เครื่องนวดคอ+ เครื่องนวดตา TYD0363(P-2D),Gift Set,TYD0363(P-2D)-10,TYD0363,P-2D,10,ProductCode,TYD0363,ตรงแคตตาล็อก (set)
เครื่องรีดผ้าแบบพกพา + เครื่องนวดคอ+ เครื่องนวดตา TYD0363(P-2D),Gift Set,TYD0363(P-2D)-100,TYD0363,P-2D,100,ProductCode,TYD0363,ตรงแคตตาล็อก (set)
เครื่องรีดผ้าแบบพกพา + เครื่องนวดคอ TYD0262(P-2D),Gift Set,TYD0262(P-2D)-14,TYD0262,P-2D,14,ProductCode,TYD0262,ตรงแคตตาล็อก (set)
เครื่องรีดผ้าแบบพกพา + เครื่องนวดคอ TYD0262(P-2D),Gift Set,TYD0262(P-2D)-10,TYD0262,P-2D,10,ProductCode,TYD0262,ตรงแคตตาล็อก (set)
เครื่องรีดผ้าแบบพกพา + เครื่องนวดคอ TYD0262(P-2D),Gift Set,TYD0262(P-2D)-11,TYD0262,P-2D,11,ProductCode,TYD0262,ตรงแคตตาล็อก (set)
เครื่องนวดคอ + แปรงสีฟันไฟฟ้า TDS02-2(P-02),Gift Set,TDS02-2(P-02)-50,TDS02-2,P-02,50,ProductCode,TDS02-2,ตรงแคตตาล็อก (set)
เครื่องนวดคอ + แปรงสีฟันไฟฟ้า TDS02-2(P-02),Gift Set,TDS02-2(P-02)-100,TDS02-2,P-02,100,ProductCode,TDS02-2,ตรงแคตตาล็อก (set)
เครื่องนวดคอ + แปรงสีฟันไฟฟ้า TDS02-2(P-02),Gift Set,TDS02-2(P-02)-20,TDS02-2,P-02,20,ProductCode,TDS02-2,ตรงแคตตาล็อก (set)
เครื่องนวดคอ + แปรงสีฟันไฟฟ้า TDS02-2(P-02),Gift Set,TDS02-2(P-02)-500,TDS02-2,P-02,500,ProductCode,TDS02-2,ตรงแคตตาล็อก (set)
เครื่องนวดคอ + แปรงสีฟันไฟฟ้า TDS02-2(P-02),Gift Set,TDS02-2(P-02)-10,TDS02-2,P-02,10,ProductCode,TDS02-2,ตรงแคตตาล็อก (set)
เครื่องนวดคอ + แก้วชาพร้อมที่กรองในแก้ว TBG02-2(P-2D),Gift Set,TBG02-2(P-2D)-100,TBG02-2,P-2D,100,ProductCode,TBG02-2,ตรงแคตตาล็อก (set)
เครื่องนวดคอ + แก้วชาพร้อมที่กรองในแก้ว TBG02-2(P-2D),Gift Set,TBG02-2(P-2D)-50,TBG02-2,P-2D,50,ProductCode,TBG02-2,ตรงแคตตาล็อก (set)
เครื่องนวดคอ + แก้วชาพร้อมที่กรองในแก้ว TBG02-2(P-2D),Gift Set,TBG02-2(P-2D)-10,TBG02-2,P-2D,10,ProductCode,TBG02-2,ตรงแคตตาล็อก (set)
เครื่องนวดคอ + แก้วชาพร้อมที่กรองในแก้ว TBG02-2(P-2D),Gift Set,TBG02-2(P-2D)-20,TBG02-2,P-2D,20,ProductCode,TBG02-2,ตรงแคตตาล็อก (set)
เครื่องปั่นแบบพกพา + พัดลม + เครื่องนวดคอ + smart bracelet + เครื่องนว,Gift Set,TZZ0-5(P-13)-20,TZZ0-5,P-13,20,ProductCode,,มีรหัส แต่ไม่อยู่ในแคตตาล็อกใบราคา
เครื่องปั่นแบบพกพา + พัดลม + เครื่องนวดคอ + smart bracelet + เครื่องนว,Gift Set,TZZ0-5(P-13)-10,TZZ0-5,P-13,10,ProductCode,,มีรหัส แต่ไม่อยู่ในแคตตาล็อกใบราคา
เครื่องปั่นแบบพกพา + พัดลม + เครื่องนวดคอ + smart bracelet + เครื่องนว,Gift Set,TZZ0-5(P-13)-500,TZZ0-5,P-13,500,ProductCode,,มีรหัส แต่ไม่อยู่ในแคตตาล็อกใบราคา
เครื่องปั่นแบบพกพา + พัดลม + เครื่องนวดคอ + smart bracelet + เครื่องนว,Gift Set,TZZ0-5(P-13)-100,TZZ0-5,P-13,100,ProductCode,,มีรหัส แต่ไม่อยู่ในแคตตาล็อกใบราคา
เครื่องปั่นแบบพกพา + พัดลม + เครื่องนวดคอ + smart bracelet + เครื่องนว,Gift Set,TZZ0-5(P-13)-50,TZZ0-5,P-13,50,ProductCode,,มีรหัส แต่ไม่อยู่ในแคตตาล็อกใบราคา
เครื่องปั่นแบบพกพา  + เครื่องนวดคอ +  ปืนนวด TZZ0-3(P-13),Gift Set,TZZ0-3(P-13)-10,TZZ0-3,P-13,10,ProductCode,,มีรหัส แต่ไม่อยู่ในแคตตาล็อกใบราคา
เครื่องปั่นแบบพกพา  + เครื่องนวดคอ +  ปืนนวด TZZ0-3(P-13),Gift Set,TZZ0-3(P-13)-50,TZZ0-3,P-13,50,ProductCode,,มีรหัส แต่ไม่อยู่ในแคตตาล็อกใบราคา
เครื่องปั่นแบบพกพา  + เครื่องนวดคอ +  ปืนนวด TZZ0-3(P-13),Gift Set,TZZ0-3(P-13)-20,TZZ0-3,P-13,20,ProductCode,,มีรหัส แต่ไม่อยู่ในแคตตาล็อกใบราคา
เครื่องปั่นแบบพกพา  + เครื่องนวดคอ +  ปืนนวด TZZ0-3(P-13),Gift Set,TZZ0-3(P-13)-100,TZZ0-3,P-13,100,ProductCode,,มีรหัส แต่ไม่อยู่ในแคตตาล็อกใบราคา
กาต้มน้ำไฟฟ้าแบบพกพา+ เครื่องนวดคอ +  ปืนนวด TDR0-3(P-13),Gift Set,TDR0-3(P-13)-10,TDR0-3,P-13,10,ProductCode,TDR0--3,ตรงหลัง normalize ขีด (set)
กาต้มน้ำไฟฟ้าแบบพกพา+ เครื่องนวดคอ +  ปืนนวด TDR0-3(P-13),Gift Set,TDR0-3(P-13)-500,TDR0-3,P-13,500,ProductCode,TDR0--3,ตรงหลัง normalize ขีด (set)
กาต้มน้ำไฟฟ้าแบบพกพา+ เครื่องนวดคอ +  ปืนนวด TDR0-3(P-13),Gift Set,TDR0-3(P-13)-20,TDR0-3,P-13,20,ProductCode,TDR0--3,ตรงหลัง normalize ขีด (set)
กาต้มน้ำไฟฟ้าแบบพกพา+ เครื่องนวดคอ +  ปืนนวด TDR0-3(P-13),Gift Set,TDR0-3(P-13)-50,TDR0-3,P-13,50,ProductCode,TDR0--3,ตรงหลัง normalize ขีด (set)
เครื่องทำความชื้น with ambient light + เครื่องนวดคอ TJS0062(P-PT),Gift Set,TJS0062(P-PT)-20,TJS0062,P-PT,20,ProductCode,,มีรหัส แต่ไม่อยู่ในแคตตาล็อกใบราคา
เครื่องทำความชื้น with ambient light + เครื่องนวดคอ TJS0062(P-PT),Gift Set,TJS0062(P-PT)-50,TJS0062,P-PT,50,ProductCode,,มีรหัส แต่ไม่อยู่ในแคตตาล็อกใบราคา
เครื่องทำความชื้น with ambient light + เครื่องนวดคอ TJS0062(P-PT),Gift Set,TJS0062(P-PT)-10,TJS0062,P-PT,10,ProductCode,,มีรหัส แต่ไม่อยู่ในแคตตาล็อกใบราคา
เครื่องทำความชื้น with ambient light + เครื่องนวดคอ TJS0062(P-PT),Gift Set,TJS0062(P-PT)-100,TJS0062,P-PT,100,ProductCode,,มีรหัส แต่ไม่อยู่ในแคตตาล็อกใบราคา
เครื่องทำความชื้น with ambient light + เครื่องนวดคอ TJS0062(P-PT),Gift Set,TJS0062(P-PT)-500,TJS0062,P-PT,500,ProductCode,,มีรหัส แต่ไม่อยู่ในแคตตาล็อกใบราคา
เครื่องทำความชื้น with ambient light + เครื่องนวดคอ พรัอมรีโมท TJS0163,Gift Set,TJS0163(P-PT)-50,TJS0163,P-PT,50,ProductCode,,มีรหัส แต่ไม่อยู่ในแคตตาล็อกใบราคา
เครื่องทำความชื้น with ambient light + เครื่องนวดคอ พรัอมรีโมท TJS0163,Gift Set,TJS0163(P-PT)-100,TJS0163,P-PT,100,ProductCode,,มีรหัส แต่ไม่อยู่ในแคตตาล็อกใบราคา
เครื่องทำความชื้น with ambient light + เครื่องนวดคอ พรัอมรีโมท TJS0163,Gift Set,TJS0163(P-PT)-10,TJS0163,P-PT,10,ProductCode,,มีรหัส แต่ไม่อยู่ในแคตตาล็อกใบราคา
เครื่องทำความชื้น with ambient light + เครื่องนวดคอ พรัอมรีโมท TJS0163,Gift Set,TJS0163(P-PT)-500,TJS0163,P-PT,500,ProductCode,,มีรหัส แต่ไม่อยู่ในแคตตาล็อกใบราคา
เครื่องทำความชื้น with ambient light + เครื่องนวดคอ พรัอมรีโมท TJS0163,Gift Set,TJS0163(P-PT)-20,TJS0163,P-PT,20,ProductCode,,มีรหัส แต่ไม่อยู่ในแคตตาล็อกใบราคา
ขวดน้ำสูญญากาศ + hand warmer เพาเวอร์แบงค์ + neck TNB01-3(P-02),Gift Set,TNB01-3(P-02)-500,TNB01-3,P-02,500,ProductCode,TNB01-3,ตรงแคตตาล็อก (set)
ขวดน้ำสูญญากาศ + hand warmer เพาเวอร์แบงค์ + neck TNB01-3(P-02),Gift Set,TNB01-3(P-02)-20,TNB01-3,P-02,20,ProductCode,TNB01-3,ตรงแคตตาล็อก (set)
ขวดน้ำสูญญากาศ + hand warmer เพาเวอร์แบงค์ + neck TNB01-3(P-02),Gift Set,TNB01-3(P-02)-10,TNB01-3,P-02,10,ProductCode,TNB01-3,ตรงแคตตาล็อก (set)
ขวดน้ำสูญญากาศ + hand warmer เพาเวอร์แบงค์ + neck TNB01-3(P-02),Gift Set,TNB01-3(P-02)-100,TNB01-3,P-02,100,ProductCode,TNB01-3,ตรงแคตตาล็อก (set)
ขวดน้ำสูญญากาศ + hand warmer เพาเวอร์แบงค์ + neck TNB01-3(P-02),Gift Set,TNB01-3(P-02)-50,TNB01-3,P-02,50,ProductCode,TNB01-3,ตรงแคตตาล็อก (set)
ขวดน้ำสูญญากาศ มีหน้าจอแสดงอุณหภูมิ + เครื่องนวดคอ + หูฟังไร้สาย TBH02,Gift Set,TBH02-3(P-02)-20,TBH02-3,P-02,20,ProductCode,,มีรหัส แต่ไม่อยู่ในแคตตาล็อกใบราคา
ขวดน้ำสูญญากาศ มีหน้าจอแสดงอุณหภูมิ + เครื่องนวดคอ + หูฟังไร้สาย TBH02,Gift Set,TBH02-3(P-02)-100,TBH02-3,P-02,100,ProductCode,,มีรหัส แต่ไม่อยู่ในแคตตาล็อกใบราคา
ขวดน้ำสูญญากาศ มีหน้าจอแสดงอุณหภูมิ + เครื่องนวดคอ + หูฟังไร้สาย TBH02,Gift Set,TBH02-3(P-02)-10,TBH02-3,P-02,10,ProductCode,,มีรหัส แต่ไม่อยู่ในแคตตาล็อกใบราคา
ขวดน้ำสูญญากาศ มีหน้าจอแสดงอุณหภูมิ + เครื่องนวดคอ + หูฟังไร้สาย TBH02,Gift Set,TBH02-3(P-02)-500,TBH02-3,P-02,500,ProductCode,,มีรหัส แต่ไม่อยู่ในแคตตาล็อกใบราคา
ขวดน้ำสูญญากาศ มีหน้าจอแสดงอุณหภูมิ + เครื่องนวดคอ + หูฟังไร้สาย TBH02,Gift Set,TBH02-3(P-02)-50,TBH02-3,P-02,50,ProductCode,,มีรหัส แต่ไม่อยู่ในแคตตาล็อกใบราคา
ขวดน้ำสูญญากาศ มีหน้าจอแสดงอุณหภูมิ + เครื่องนวดคอ + เครื่องนวดตา TBH0,Gift Set,TBH01-3(P-13)-20,TBH01-3,P-13,20,ProductCode,TBH01-3,ตรงแคตตาล็อก (set)
ขวดน้ำสูญญากาศ มีหน้าจอแสดงอุณหภูมิ + เครื่องนวดคอ + เครื่องนวดตา TBH0,Gift Set,TBH01-3(P-13)-100,TBH01-3,P-13,100,ProductCode,TBH01-3,ตรงแคตตาล็อก (set)
ขวดน้ำสูญญากาศ มีหน้าจอแสดงอุณหภูมิ + เครื่องนวดคอ + เครื่องนวดตา TBH0,Gift Set,TBH01-3(P-13)-500,TBH01-3,P-13,500,ProductCode,TBH01-3,ตรงแคตตาล็อก (set)
ขวดน้ำสูญญากาศ มีหน้าจอแสดงอุณหภูมิ + เครื่องนวดคอ + เครื่องนวดตา TBH0,Gift Set,TBH01-3(P-13)-50,TBH01-3,P-13,50,ProductCode,TBH01-3,ตรงแคตตาล็อก (set)
ขวดน้ำสูญญากาศ มีหน้าจอแสดงอุณหภูมิ + เครื่องนวดคอ + เครื่องนวดตา TBH0,Gift Set,TBH01-3(P-13)-10,TBH01-3,P-13,10,ProductCode,TBH01-3,ตรงแคตตาล็อก (set)
ขวดน้ำสูญญากาศ มีหน้าจอแสดงอุณหภูมิ + เครื่องนวดตา + Smart bracelet + ,Gift Set,TBH00-6(P-13)-100,TBH00-6,P-13,100,ProductCode,TBH00-6,ตรงแคตตาล็อก (set)
ขวดน้ำสูญญากาศ มีหน้าจอแสดงอุณหภูมิ + เครื่องนวดตา + Smart bracelet + ,Gift Set,TBH00-6(P-13)-10,TBH00-6,P-13,10,ProductCode,TBH00-6,ตรงแคตตาล็อก (set)
ขวดน้ำสูญญากาศ มีหน้าจอแสดงอุณหภูมิ + เครื่องนวดตา + Smart bracelet + ,Gift Set,TBH00-6(P-13)-20,TBH00-6,P-13,20,ProductCode,TBH00-6,ตรงแคตตาล็อก (set)
ขวดน้ำสูญญากาศ มีหน้าจอแสดงอุณหภูมิ + เครื่องนวดตา + Smart bracelet + ,Gift Set,TBH00-6(P-13)-500,TBH00-6,P-13,500,ProductCode,TBH00-6,ตรงแคตตาล็อก (set)
ขวดน้ำสูญญากาศ มีหน้าจอแสดงอุณหภูมิ + เครื่องนวดตา + Smart bracelet + ,Gift Set,TBH00-6(P-13)-50,TBH00-6,P-13,50,ProductCode,TBH00-6,ตรงแคตตาล็อก (set)
ขวดน้ำสูญญากาศ มีหน้าจอแสดงอุณหภูมิ + เครื่องนวดตา + Smart bracelet + ,Gift Set,TBH00-5(P-13)-50,TBH00-5,P-13,50,ProductCode,TBH00-5,ตรงแคตตาล็อก (set)
ขวดน้ำสูญญากาศ มีหน้าจอแสดงอุณหภูมิ + เครื่องนวดตา + Smart bracelet + ,Gift Set,TBH00-5(P-13)-10,TBH00-5,P-13,10,ProductCode,TBH00-5,ตรงแคตตาล็อก (set)
ขวดน้ำสูญญากาศ มีหน้าจอแสดงอุณหภูมิ + เครื่องนวดตา + Smart bracelet + ,Gift Set,TBH00-5(P-13)-500,TBH00-5,P-13,500,ProductCode,TBH00-5,ตรงแคตตาล็อก (set)
ขวดน้ำสูญญากาศ มีหน้าจอแสดงอุณหภูมิ + เครื่องนวดตา + Smart bracelet + ,Gift Set,TBH00-5(P-13)-20,TBH00-5,P-13,20,ProductCode,TBH00-5,ตรงแคตตาล็อก (set)
ขวดน้ำสูญญากาศ มีหน้าจอแสดงอุณหภูมิ + เครื่องนวดตา + Smart bracelet + ,Gift Set,TBH00-5(P-13)-100,TBH00-5,P-13,100,ProductCode,TBH00-5,ตรงแคตตาล็อก (set)
ขวดน้ำสูญญากาศ มีหน้าจอแสดงอุณหภูมิ + เครื่องนวดคอ + เครื่องนวดตา + เพ,Gift Set,TBH00-4(P-13)-10,TBH00-4,P-13,10,ProductCode,TBH00-4,ตรงแคตตาล็อก (set)
ขวดน้ำสูญญากาศ มีหน้าจอแสดงอุณหภูมิ + เครื่องนวดคอ + เครื่องนวดตา + เพ,Gift Set,TBH00-4(P-13)-20,TBH00-4,P-13,20,ProductCode,TBH00-4,ตรงแคตตาล็อก (set)
ขวดน้ำสูญญากาศ มีหน้าจอแสดงอุณหภูมิ + เครื่องนวดคอ + เครื่องนวดตา + เพ,Gift Set,TBH00-4(P-13)-100,TBH00-4,P-13,100,ProductCode,TBH00-4,ตรงแคตตาล็อก (set)
ขวดน้ำสูญญากาศ มีหน้าจอแสดงอุณหภูมิ + เครื่องนวดคอ + เครื่องนวดตา + เพ,Gift Set,TBH00-4(P-13)-500,TBH00-4,P-13,500,ProductCode,TBH00-4,ตรงแคตตาล็อก (set)
ขวดน้ำสูญญากาศ มีหน้าจอแสดงอุณหภูมิ + เครื่องนวดคอ + เครื่องนวดตา + เพ,Gift Set,TBH00-4(P-13)-50,TBH00-4,P-13,50,ProductCode,TBH00-4,ตรงแคตตาล็อก (set)
ขวดน้ำสูญญากาศ มีหน้าจอแสดงอุณหภูมิ + เครื่องนวดคอ + Smart bracelet TB,Gift Set,TBJ03-3(P-02)-50,TBJ03-3,P-02,50,ProductCode,TBJ03-3,ตรงแคตตาล็อก (set)
ขวดน้ำสูญญากาศ มีหน้าจอแสดงอุณหภูมิ + เครื่องนวดคอ + Smart bracelet TB,Gift Set,TBJ03-3(P-02)-100,TBJ03-3,P-02,100,ProductCode,TBJ03-3,ตรงแคตตาล็อก (set)
ขวดน้ำสูญญากาศ มีหน้าจอแสดงอุณหภูมิ + เครื่องนวดคอ + Smart bracelet TB,Gift Set,TBJ03-3(P-02)-10,TBJ03-3,P-02,10,ProductCode,TBJ03-3,ตรงแคตตาล็อก (set)
ขวดน้ำสูญญากาศ มีหน้าจอแสดงอุณหภูมิ + เครื่องนวดคอ + Smart bracelet TB,Gift Set,TBJ03-3(P-02)-500,TBJ03-3,P-02,500,ProductCode,TBJ03-3,ตรงแคตตาล็อก (set)
ขวดน้ำสูญญากาศ มีหน้าจอแสดงอุณหภูมิ + เครื่องนวดคอ + Smart bracelet TB,Gift Set,TBJ03-3(P-02)-20,TBJ03-3,P-02,20,ProductCode,TBJ03-3,ตรงแคตตาล็อก (set)
ขวดน้ำสูญญากาศ มีหน้าจอแสดงอุณหภูมิ + เครื่องนวดคอ TBH01-2(P-02),Gift Set,TBH01-2(P-02)-500,TBH01-2,P-02,500,ProductCode,TBH01-2,ตรงแคตตาล็อก (set)
ขวดน้ำสูญญากาศ มีหน้าจอแสดงอุณหภูมิ + เครื่องนวดคอ TBH01-2(P-02),Gift Set,TBH01-2(P-02)-100,TBH01-2,P-02,100,ProductCode,TBH01-2,ตรงแคตตาล็อก (set)
ขวดน้ำสูญญากาศ มีหน้าจอแสดงอุณหภูมิ + เครื่องนวดคอ TBH01-2(P-02),Gift Set,TBH01-2(P-02)-50,TBH01-2,P-02,50,ProductCode,TBH01-2,ตรงแคตตาล็อก (set)
ขวดน้ำสูญญากาศ มีหน้าจอแสดงอุณหภูมิ + เครื่องนวดคอ TBH01-2(P-02),Gift Set,TBH01-2(P-02)-10,TBH01-2,P-02,10,ProductCode,TBH01-2,ตรงแคตตาล็อก (set)
ขวดน้ำสูญญากาศ มีหน้าจอแสดงอุณหภูมิ + เครื่องนวดคอ TBH01-2(P-02),Gift Set,TBH01-2(P-02)-20,TBH01-2,P-02,20,ProductCode,TBH01-2,ตรงแคตตาล็อก (set)
เครื่องนวดคอ + ขวดน้ำสูญญากาศ มีหน้าจอแสดงอุณหภูมิ TBY0072(P-02),Gift Set,TBY0072(P-02)-20,TBY0072,P-02,20,ProductCode,,มีรหัส แต่ไม่อยู่ในแคตตาล็อกใบราคา
เครื่องนวดคอ + ขวดน้ำสูญญากาศ มีหน้าจอแสดงอุณหภูมิ TBY0072(P-02),Gift Set,TBY0072(P-02)-50,TBY0072,P-02,50,ProductCode,,มีรหัส แต่ไม่อยู่ในแคตตาล็อกใบราคา
เครื่องนวดคอ + ขวดน้ำสูญญากาศ มีหน้าจอแสดงอุณหภูมิ TBY0072(P-02),Gift Set,TBY0072(P-02)-10,TBY0072,P-02,10,ProductCode,,มีรหัส แต่ไม่อยู่ในแคตตาล็อกใบราคา
เครื่องนวดคอ + ขวดน้ำสูญญากาศ มีหน้าจอแสดงอุณหภูมิ TBY0072(P-02),Gift Set,TBY0072(P-02)-500,TBY0072,P-02,500,ProductCode,,มีรหัส แต่ไม่อยู่ในแคตตาล็อกใบราคา
เครื่องนวดคอ + ขวดน้ำสูญญากาศ มีหน้าจอแสดงอุณหภูมิ TBY0072(P-02),Gift Set,TBY0072(P-02)-100,TBY0072,P-02,100,ProductCode,,มีรหัส แต่ไม่อยู่ในแคตตาล็อกใบราคา
ไดร์เป่าผม + เครื่องนวดคอ TCH00-2(P-02),Gift Set,TCH00-2(P-02)-20,TCH00-2,P-02,20,ProductCode,TCH00-2,ตรงแคตตาล็อก (set)
ไดร์เป่าผม + เครื่องนวดคอ TCH00-2(P-02),Gift Set,TCH00-2(P-02)-100,TCH00-2,P-02,100,ProductCode,TCH00-2,ตรงแคตตาล็อก (set)
ไดร์เป่าผม + เครื่องนวดคอ TCH00-2(P-02),Gift Set,TCH00-2(P-02)-10,TCH00-2,P-02,10,ProductCode,TCH00-2,ตรงแคตตาล็อก (set)
ไดร์เป่าผม + เครื่องนวดคอ TCH00-2(P-02),Gift Set,TCH00-2(P-02)-50,TCH00-2,P-02,50,ProductCode,TCH00-2,ตรงแคตตาล็อก (set)
ไดร์เป่าผม + เครื่องนวดคอ TCH00-2(P-02),Gift Set,TCH00-2(P-02)-500,TCH00-2,P-02,500,ProductCode,TCH00-2,ตรงแคตตาล็อก (set)
ผ้าปิดตา + เครื่องนวดคอ +  ขวดน้ำสูญญากาศมีพร้อมมีหน้าจอแสดงอุณหภูมิ T,Gift Set,TYZ00-3(P-02)-100,TYZ00-3,P-02,100,ProductCode,,มีรหัส แต่ไม่อยู่ในแคตตาล็อกใบราคา
ผ้าปิดตา + เครื่องนวดคอ +  ขวดน้ำสูญญากาศมีพร้อมมีหน้าจอแสดงอุณหภูมิ T,Gift Set,TYZ00-3(P-02)-20,TYZ00-3,P-02,20,ProductCode,,มีรหัส แต่ไม่อยู่ในแคตตาล็อกใบราคา
ผ้าปิดตา + เครื่องนวดคอ +  ขวดน้ำสูญญากาศมีพร้อมมีหน้าจอแสดงอุณหภูมิ T,Gift Set,TYZ00-3(P-02)-10,TYZ00-3,P-02,10,ProductCode,,มีรหัส แต่ไม่อยู่ในแคตตาล็อกใบราคา
ผ้าปิดตา + เครื่องนวดคอ +  ขวดน้ำสูญญากาศมีพร้อมมีหน้าจอแสดงอุณหภูมิ T,Gift Set,TYZ00-3(P-02)-500,TYZ00-3,P-02,500,ProductCode,,มีรหัส แต่ไม่อยู่ในแคตตาล็อกใบราคา
ผ้าปิดตา + เครื่องนวดคอ +  ขวดน้ำสูญญากาศมีพร้อมมีหน้าจอแสดงอุณหภูมิ T,Gift Set,TYZ00-3(P-02)-50,TYZ00-3,P-02,50,ProductCode,,มีรหัส แต่ไม่อยู่ในแคตตาล็อกใบราคา
ผ้าปิดตา + เครื่องนวดคอพร้อมรีโมท+  ขวดน้ำสูญญากาศมีพร้อมมีหน้าจอแสดงอ,Gift Set,TYZ01-3(P-02)-10,TYZ01-3,P-02,10,ProductCode,,มีรหัส แต่ไม่อยู่ในแคตตาล็อกใบราคา
ผ้าปิดตา + เครื่องนวดคอพร้อมรีโมท+  ขวดน้ำสูญญากาศมีพร้อมมีหน้าจอแสดงอ,Gift Set,TYZ01-3(P-02)-50,TYZ01-3,P-02,50,ProductCode,,มีรหัส แต่ไม่อยู่ในแคตตาล็อกใบราคา
ผ้าปิดตา + เครื่องนวดคอพร้อมรีโมท+  ขวดน้ำสูญญากาศมีพร้อมมีหน้าจอแสดงอ,Gift Set,TYZ01-3(P-02)-500,TYZ01-3,P-02,500,ProductCode,,มีรหัส แต่ไม่อยู่ในแคตตาล็อกใบราคา
ผ้าปิดตา + เครื่องนวดคอพร้อมรีโมท+  ขวดน้ำสูญญากาศมีพร้อมมีหน้าจอแสดงอ,Gift Set,TYZ01-3(P-02)-100,TYZ01-3,P-02,100,ProductCode,,มีรหัส แต่ไม่อยู่ในแคตตาล็อกใบราคา
ผ้าปิดตา + เครื่องนวดคอพร้อมรีโมท+  ขวดน้ำสูญญากาศมีพร้อมมีหน้าจอแสดงอ,Gift Set,TYZ01-3(P-02)-20,TYZ01-3,P-02,20,ProductCode,,มีรหัส แต่ไม่อยู่ในแคตตาล็อกใบราคา
เครื่องนวดคอ + ขวดน้ำสูญญากาศ + rose + greeting card TDM0066(P-02),Gift Set,TDM0066(P-02)-500,TDM0066,P-02,500,ProductCode,,มีรหัส แต่ไม่อยู่ในแคตตาล็อกใบราคา
เครื่องนวดคอ + ขวดน้ำสูญญากาศ + rose + greeting card TDM0066(P-02),Gift Set,TDM0066(P-02)-20,TDM0066,P-02,20,ProductCode,,มีรหัส แต่ไม่อยู่ในแคตตาล็อกใบราคา
เครื่องนวดคอ + ขวดน้ำสูญญากาศ + rose + greeting card TDM0066(P-02),Gift Set,TDM0066(P-02)-50,TDM0066,P-02,50,ProductCode,,มีรหัส แต่ไม่อยู่ในแคตตาล็อกใบราคา
เครื่องนวดคอ + ขวดน้ำสูญญากาศ + rose + greeting card TDM0066(P-02),Gift Set,TDM0066(P-02)-10,TDM0066,P-02,10,ProductCode,,มีรหัส แต่ไม่อยู่ในแคตตาล็อกใบราคา
เครื่องนวดคอ + ขวดน้ำสูญญากาศ + rose + greeting card TDM0066(P-02),Gift Set,TDM0066(P-02)-100,TDM0066,P-02,100,ProductCode,,มีรหัส แต่ไม่อยู่ในแคตตาล็อกใบราคา
เครื่องนวดคอพร้อมรีโมท+ ขวดน้ำสูญญากาศ + rose + greeting card TDK0066(,Gift Set,TDK0066(P-02)-20,TDK0066,P-02,20,ProductCode,,มีรหัส แต่ไม่อยู่ในแคตตาล็อกใบราคา
เครื่องนวดคอพร้อมรีโมท+ ขวดน้ำสูญญากาศ + rose + greeting card TDK0066(,Gift Set,TDK0066(P-02)-100,TDK0066,P-02,100,ProductCode,,มีรหัส แต่ไม่อยู่ในแคตตาล็อกใบราคา
เครื่องนวดคอพร้อมรีโมท+ ขวดน้ำสูญญากาศ + rose + greeting card TDK0066(,Gift Set,TDK0066(P-02)-50,TDK0066,P-02,50,ProductCode,,มีรหัส แต่ไม่อยู่ในแคตตาล็อกใบราคา
เครื่องนวดคอพร้อมรีโมท+ ขวดน้ำสูญญากาศ + rose + greeting card TDK0066(,Gift Set,TDK0066(P-02)-500,TDK0066,P-02,500,ProductCode,,มีรหัส แต่ไม่อยู่ในแคตตาล็อกใบราคา
เครื่องนวดคอพร้อมรีโมท+ ขวดน้ำสูญญากาศ + rose + greeting card TDK0066(,Gift Set,TDK0066(P-02)-10,TDK0066,P-02,10,ProductCode,,มีรหัส แต่ไม่อยู่ในแคตตาล็อกใบราคา
เครื่องนวดคอ + ขวดน้ำสูญญากาศ + เครื่องโกนหนวดไฟฟ้า + rose + greeting ,Gift Set,TDM0167(P-02)-10,TDM0167,P-02,10,ProductCode,,มีรหัส แต่ไม่อยู่ในแคตตาล็อกใบราคา
เครื่องนวดคอ + ขวดน้ำสูญญากาศ + เครื่องโกนหนวดไฟฟ้า + rose + greeting ,Gift Set,TDM0167(P-02)-100,TDM0167,P-02,100,ProductCode,,มีรหัส แต่ไม่อยู่ในแคตตาล็อกใบราคา
เครื่องนวดคอ + ขวดน้ำสูญญากาศ + เครื่องโกนหนวดไฟฟ้า + rose + greeting ,Gift Set,TDM0167(P-02)-20,TDM0167,P-02,20,ProductCode,,มีรหัส แต่ไม่อยู่ในแคตตาล็อกใบราคา
เครื่องนวดคอ + ขวดน้ำสูญญากาศ + เครื่องโกนหนวดไฟฟ้า + rose + greeting ,Gift Set,TDM0167(P-02)-50,TDM0167,P-02,50,ProductCode,,มีรหัส แต่ไม่อยู่ในแคตตาล็อกใบราคา
เครื่องนวดคอ + ขวดน้ำสูญญากาศ + เครื่องโกนหนวดไฟฟ้า + rose + greeting ,Gift Set,TDM0167(P-02)-500,TDM0167,P-02,500,ProductCode,,มีรหัส แต่ไม่อยู่ในแคตตาล็อกใบราคา
เครื่องนวดคอพร้อมรีโมท+ ขวดน้ำสูญญากาศ + เครื่องโกนหนวดไฟฟ้า + rose + ,Gift Set,TDK0167(P-02)-50,TDK0167,P-02,50,ProductCode,,มีรหัส แต่ไม่อยู่ในแคตตาล็อกใบราคา
เครื่องนวดคอพร้อมรีโมท+ ขวดน้ำสูญญากาศ + เครื่องโกนหนวดไฟฟ้า + rose + ,Gift Set,TDK0167(P-02)-500,TDK0167,P-02,500,ProductCode,,มีรหัส แต่ไม่อยู่ในแคตตาล็อกใบราคา
เครื่องนวดคอพร้อมรีโมท+ ขวดน้ำสูญญากาศ + เครื่องโกนหนวดไฟฟ้า + rose + ,Gift Set,TDK0167(P-02)-10,TDK0167,P-02,10,ProductCode,,มีรหัส แต่ไม่อยู่ในแคตตาล็อกใบราคา
เครื่องนวดคอพร้อมรีโมท+ ขวดน้ำสูญญากาศ + เครื่องโกนหนวดไฟฟ้า + rose + ,Gift Set,TDK0167(P-02)-100,TDK0167,P-02,100,ProductCode,,มีรหัส แต่ไม่อยู่ในแคตตาล็อกใบราคา
เครื่องนวดคอพร้อมรีโมท+ ขวดน้ำสูญญากาศ + เครื่องโกนหนวดไฟฟ้า + rose + ,Gift Set,TDK0167(P-02)-20,TDK0167,P-02,20,ProductCode,,มีรหัส แต่ไม่อยู่ในแคตตาล็อกใบราคา
ถ้วยอุ่นพร้อมช้อน + flower + ร่ม + พัดลม mini + เครื่องนวดคอ TWR01-9(P,Gift Set,TWR01-9(P-PT)-10,TWR01-9,P-PT,10,ProductCode,,มีรหัส แต่ไม่อยู่ในแคตตาล็อกใบราคา
ถ้วยอุ่นพร้อมช้อน + flower + ร่ม + พัดลม mini + เครื่องนวดคอ TWR01-9(P,Gift Set,TWR01-9(P-PT)-500,TWR01-9,P-PT,500,ProductCode,,มีรหัส แต่ไม่อยู่ในแคตตาล็อกใบราคา
ถ้วยอุ่นพร้อมช้อน + flower + ร่ม + พัดลม mini + เครื่องนวดคอ TWR01-9(P,Gift Set,TWR01-9(P-PT)-100,TWR01-9,P-PT,100,ProductCode,,มีรหัส แต่ไม่อยู่ในแคตตาล็อกใบราคา
ถ้วยอุ่นพร้อมช้อน + flower + ร่ม + พัดลม mini + เครื่องนวดคอ TWR01-9(P,Gift Set,TWR01-9(P-PT)-20,TWR01-9,P-PT,20,ProductCode,,มีรหัส แต่ไม่อยู่ในแคตตาล็อกใบราคา
ถ้วยอุ่นพร้อมช้อน + flower + ร่ม + พัดลม mini + เครื่องนวดคอ TWR01-9(P,Gift Set,TWR01-9(P-PT)-50,TWR01-9,P-PT,50,ProductCode,,มีรหัส แต่ไม่อยู่ในแคตตาล็อกใบราคา
Atmosphere Lamp + Rose+ เครื่องนวดคอ TWR3063(P-PT),Gift Set,TWR3063(P-PT)-100,TWR3063,P-PT,100,ProductCode,,มีรหัส แต่ไม่อยู่ในแคตตาล็อกใบราคา
Atmosphere Lamp + Rose+ เครื่องนวดคอ TWR3063(P-PT),Gift Set,TWR3063(P-PT)-10,TWR3063,P-PT,10,ProductCode,,มีรหัส แต่ไม่อยู่ในแคตตาล็อกใบราคา
Atmosphere Lamp + Rose+ เครื่องนวดคอ TWR3063(P-PT),Gift Set,TWR3063(P-PT)-50,TWR3063,P-PT,50,ProductCode,,มีรหัส แต่ไม่อยู่ในแคตตาล็อกใบราคา
Atmosphere Lamp + Rose+ เครื่องนวดคอ TWR3063(P-PT),Gift Set,TWR3063(P-PT)-500,TWR3063,P-PT,500,ProductCode,,มีรหัส แต่ไม่อยู่ในแคตตาล็อกใบราคา
Atmosphere Lamp + Rose+ เครื่องนวดคอ TWR3063(P-PT),Gift Set,TWR3063(P-PT)-20,TWR3063,P-PT,20,ProductCode,,มีรหัส แต่ไม่อยู่ในแคตตาล็อกใบราคา
กระเป๋าพับได้,Gift Set,,,,,,,สินค้า ไม่มีรหัส — ต้องออกรหัส
เครื่องรีดผ้าแบบพกพา DY0560(P-09),Gift Set,DY0560(P-09)-500,DY0560,P-09,500,ProductCode,,มีรหัส แต่ไม่อยู่ในแคตตาล็อกใบราคา
เครื่องรีดผ้าแบบพกพา DY0560(P-09),Gift Set,DY0560(P-09)-50,DY0560,P-09,50,ProductCode,,มีรหัส แต่ไม่อยู่ในแคตตาล็อกใบราคา
เครื่องรีดผ้าแบบพกพา DY0560(P-09),Gift Set,DY0560(P-09)-100,DY0560,P-09,100,ProductCode,,มีรหัส แต่ไม่อยู่ในแคตตาล็อกใบราคา
เครื่องรีดผ้าแบบพกพา DY0560(P-09),Gift Set,DY0560(P-09)-20,DY0560,P-09,20,ProductCode,,มีรหัส แต่ไม่อยู่ในแคตตาล็อกใบราคา
เครื่องรีดผ้าแบบพกพา DY0560(P-09),Gift Set,DY0560(P-09)-10,DY0560,P-09,10,ProductCode,,มีรหัส แต่ไม่อยู่ในแคตตาล็อกใบราคา
เครื่องรีดผ้าแบบพกพา +  ขวดน้ำสูญญากาศมีพร้อมมีหน้าจอแสดงอุณหภูมิ TYD0,Gift Set,TYD0162(P-2D)-50,TYD0162,P-2D,50,ProductCode,TYD0162,ตรงแคตตาล็อก (set)
เครื่องรีดผ้าแบบพกพา +  ขวดน้ำสูญญากาศมีพร้อมมีหน้าจอแสดงอุณหภูมิ TYD0,Gift Set,TYD0162(P-2D)-100,TYD0162,P-2D,100,ProductCode,TYD0162,ตรงแคตตาล็อก (set)
เครื่องรีดผ้าแบบพกพา +  ขวดน้ำสูญญากาศมีพร้อมมีหน้าจอแสดงอุณหภูมิ TYD0,Gift Set,TYD0162(P-2D)-10,TYD0162,P-2D,10,ProductCode,TYD0162,ตรงแคตตาล็อก (set)
เครื่องรีดผ้าแบบพกพา +  ขวดน้ำสูญญากาศมีพร้อมมีหน้าจอแสดงอุณหภูมิ TYD0,Gift Set,TYD0162(P-2D)-500,TYD0162,P-2D,500,ProductCode,TYD0162,ตรงแคตตาล็อก (set)
เครื่องรีดผ้าแบบพกพา +  ขวดน้ำสูญญากาศมีพร้อมมีหน้าจอแสดงอุณหภูมิ TYD0,Gift Set,TYD0162(P-2D)-20,TYD0162,P-2D,20,ProductCode,TYD0162,ตรงแคตตาล็อก (set)
เครื่องรีดผ้าแบบพกพา + เครื่องนวดคอ TYD0262(P-2D),Gift Set,TYD0262(P-2D)-50,TYD0262,P-2D,50,ProductCode,TYD0262,ตรงแคตตาล็อก (set)
เครื่องรีดผ้าแบบพกพา + เครื่องนวดคอ TYD0262(P-2D),Gift Set,TYD0262(P-2D)-100,TYD0262,P-2D,100,ProductCode,TYD0262,ตรงแคตตาล็อก (set)
เครื่องรีดผ้าแบบพกพา + เครื่องนวดคอ TYD0262(P-2D),Gift Set,TYD0262(P-2D)-20,TYD0262,P-2D,20,ProductCode,TYD0262,ตรงแคตตาล็อก (set)
เครื่องรีดผ้าแบบพกพา + เครื่องนวดคอ TYD0262(P-2D),Gift Set,TYD0262(P-2D)-500,TYD0262,P-2D,500,ProductCode,TYD0262,ตรงแคตตาล็อก (set)
เครื่องรีดผ้าแบบพกพา + ไดร์เป่าผม TYD05-2(P-2D),Gift Set,TYD05-2(P-2D)-500,TYD05-2,P-2D,500,ProductCode,TYD05-2,ตรงแคตตาล็อก (set)
เครื่องรีดผ้าแบบพกพา + ไดร์เป่าผม TYD05-2(P-2D),Gift Set,TYD05-2(P-2D)-50,TYD05-2,P-2D,50,ProductCode,TYD05-2,ตรงแคตตาล็อก (set)
เครื่องรีดผ้าแบบพกพา + ไดร์เป่าผม TYD05-2(P-2D),Gift Set,TYD05-2(P-2D)-100,TYD05-2,P-2D,100,ProductCode,TYD05-2,ตรงแคตตาล็อก (set)
เครื่องรีดผ้าแบบพกพา + ไดร์เป่าผม TYD05-2(P-2D),Gift Set,TYD05-2(P-2D)-10,TYD05-2,P-2D,10,ProductCode,TYD05-2,ตรงแคตตาล็อก (set)
เครื่องรีดผ้าแบบพกพา + ไดร์เป่าผม TYD05-2(P-2D),Gift Set,TYD05-2(P-2D)-20,TYD05-2,P-2D,20,ProductCode,TYD05-2,ตรงแคตตาล็อก (set)
เครื่องรีดผ้าแบบพกพา + ปืนนวด TYD04-2(P-2D),Gift Set,TYD04-2(P-2D)-20,TYD04-2,P-2D,20,ProductCode,TYD04-2,ตรงแคตตาล็อก (set)
เครื่องรีดผ้าแบบพกพา + ปืนนวด TYD04-2(P-2D),Gift Set,TYD04-2(P-2D)-10,TYD04-2,P-2D,10,ProductCode,TYD04-2,ตรงแคตตาล็อก (set)
เครื่องรีดผ้าแบบพกพา + ปืนนวด TYD04-2(P-2D),Gift Set,TYD04-2(P-2D)-100,TYD04-2,P-2D,100,ProductCode,TYD04-2,ตรงแคตตาล็อก (set)
เครื่องรีดผ้าแบบพกพา + ปืนนวด TYD04-2(P-2D),Gift Set,TYD04-2(P-2D)-500,TYD04-2,P-2D,500,ProductCode,TYD04-2,ตรงแคตตาล็อก (set)
เครื่องรีดผ้าแบบพกพา + ปืนนวด TYD04-2(P-2D),Gift Set,TYD04-2(P-2D)-50,TYD04-2,P-2D,50,ProductCode,TYD04-2,ตรงแคตตาล็อก (set)
เครื่องรีดผ้าแบบพกพา+ที่ใส่ปากกา แบบถ้วยรางวัลเรืองแสง (Trophy Night L,Gift Set,TYD1062(P-PT)-10,TYD1062,P-PT,10,ProductCode,,มีรหัส แต่ไม่อยู่ในแคตตาล็อกใบราคา
เครื่องรีดผ้าแบบพกพา+ที่ใส่ปากกา แบบถ้วยรางวัลเรืองแสง (Trophy Night L,Gift Set,TYD1062(P-PT)-50,TYD1062,P-PT,50,ProductCode,,มีรหัส แต่ไม่อยู่ในแคตตาล็อกใบราคา
เครื่องรีดผ้าแบบพกพา+ที่ใส่ปากกา แบบถ้วยรางวัลเรืองแสง (Trophy Night L,Gift Set,TYD1062(P-PT)-500,TYD1062,P-PT,500,ProductCode,,มีรหัส แต่ไม่อยู่ในแคตตาล็อกใบราคา
เครื่องรีดผ้าแบบพกพา+ที่ใส่ปากกา แบบถ้วยรางวัลเรืองแสง (Trophy Night L,Gift Set,TYD1062(P-PT)-100,TYD1062,P-PT,100,ProductCode,,มีรหัส แต่ไม่อยู่ในแคตตาล็อกใบราคา
เครื่องรีดผ้าแบบพกพา+ที่ใส่ปากกา แบบถ้วยรางวัลเรืองแสง (Trophy Night L,Gift Set,TYD1062(P-PT)-20,TYD1062,P-PT,20,ProductCode,,มีรหัส แต่ไม่อยู่ในแคตตาล็อกใบราคา
เครื่องปั่นแบบพกพา + พัดลม + เครื่องนวดคอ + เครื่องนวดตา TZZ0-4(P-13),Gift Set,TZZ0-4(P-13)-20,TZZ0-4,P-13,20,ProductCode,,มีรหัส แต่ไม่อยู่ในแคตตาล็อกใบราคา
เครื่องปั่นแบบพกพา + พัดลม + เครื่องนวดคอ + เครื่องนวดตา TZZ0-4(P-13),Gift Set,TZZ0-4(P-13)-100,TZZ0-4,P-13,100,ProductCode,,มีรหัส แต่ไม่อยู่ในแคตตาล็อกใบราคา
เครื่องปั่นแบบพกพา + พัดลม + เครื่องนวดคอ + เครื่องนวดตา TZZ0-4(P-13),Gift Set,TZZ0-4(P-13)-10,TZZ0-4,P-13,10,ProductCode,,มีรหัส แต่ไม่อยู่ในแคตตาล็อกใบราคา
เครื่องปั่นแบบพกพา + พัดลม + เครื่องนวดคอ + เครื่องนวดตา TZZ0-4(P-13),Gift Set,TZZ0-4(P-13)-500,TZZ0-4,P-13,500,ProductCode,,มีรหัส แต่ไม่อยู่ในแคตตาล็อกใบราคา
เครื่องปั่นแบบพกพา + พัดลม + เครื่องนวดคอ + เครื่องนวดตา TZZ0-4(P-13),Gift Set,TZZ0-4(P-13)-50,TZZ0-4,P-13,50,ProductCode,,มีรหัส แต่ไม่อยู่ในแคตตาล็อกใบราคา
แปรงสีฟันไฟฟ้า + กรรไกรตัดเล็บไฟฟ้า + เครื่องทำความสะอาดภายในช่องปาก T,Gift Set,TDS08-3(P-02)-100,TDS08-3,P-02,100,ProductCode,TDS08-3,ตรงแคตตาล็อก (set)
แปรงสีฟันไฟฟ้า + กรรไกรตัดเล็บไฟฟ้า + เครื่องทำความสะอาดภายในช่องปาก T,Gift Set,TDS08-3(P-02)-500,TDS08-3,P-02,500,ProductCode,TDS08-3,ตรงแคตตาล็อก (set)
แปรงสีฟันไฟฟ้า + กรรไกรตัดเล็บไฟฟ้า + เครื่องทำความสะอาดภายในช่องปาก T,Gift Set,TDS08-3(P-02)-50,TDS08-3,P-02,50,ProductCode,TDS08-3,ตรงแคตตาล็อก (set)
แปรงสีฟันไฟฟ้า + กรรไกรตัดเล็บไฟฟ้า + เครื่องทำความสะอาดภายในช่องปาก T,Gift Set,TDS08-3(P-02)-10,TDS08-3,P-02,10,ProductCode,TDS08-3,ตรงแคตตาล็อก (set)
แปรงสีฟันไฟฟ้า + กรรไกรตัดเล็บไฟฟ้า + เครื่องทำความสะอาดภายในช่องปาก T,Gift Set,TDS08-3(P-02)-20,TDS08-3,P-02,20,ProductCode,TDS08-3,ตรงแคตตาล็อก (set)
แปรงสีฟันไฟฟ้า + เครื่องทำความสะอาดภายในช่องปาก TDS07-2(P-02),Gift Set,TDS07-2(P-02)-10,TDS07-2,P-02,10,ProductCode,TDS07-2,ตรงแคตตาล็อก (set)
แปรงสีฟันไฟฟ้า + เครื่องทำความสะอาดภายในช่องปาก TDS07-2(P-02),Gift Set,TDS07-2(P-02)-50,TDS07-2,P-02,50,ProductCode,TDS07-2,ตรงแคตตาล็อก (set)
แปรงสีฟันไฟฟ้า + เครื่องทำความสะอาดภายในช่องปาก TDS07-2(P-02),Gift Set,TDS07-2(P-02)-20,TDS07-2,P-02,20,ProductCode,TDS07-2,ตรงแคตตาล็อก (set)
แปรงสีฟันไฟฟ้า + เครื่องทำความสะอาดภายในช่องปาก TDS07-2(P-02),Gift Set,TDS07-2(P-02)-100,TDS07-2,P-02,100,ProductCode,TDS07-2,ตรงแคตตาล็อก (set)
แปรงสีฟันไฟฟ้า + เครื่องทำความสะอาดภายในช่องปาก TDS07-2(P-02),Gift Set,TDS07-2(P-02)-500,TDS07-2,P-02,500,ProductCode,TDS07-2,ตรงแคตตาล็อก (set)
ไดร์เป่าผม with concentrator nozzle + เครื่องทำความสะอาดภายในช่องปาก T,Gift Set,TDS05-2(P-02)-20,TDS05-2,P-02,20,ProductCode,TDS05-2,ตรงแคตตาล็อก (set)
ไดร์เป่าผม with concentrator nozzle + เครื่องทำความสะอาดภายในช่องปาก T,Gift Set,TDS05-2(P-02)-500,TDS05-2,P-02,500,ProductCode,TDS05-2,ตรงแคตตาล็อก (set)
ไดร์เป่าผม with concentrator nozzle + เครื่องทำความสะอาดภายในช่องปาก T,Gift Set,TDS05-2(P-02)-100,TDS05-2,P-02,100,ProductCode,TDS05-2,ตรงแคตตาล็อก (set)
ไดร์เป่าผม with concentrator nozzle + เครื่องทำความสะอาดภายในช่องปาก T,Gift Set,TDS05-2(P-02)-50,TDS05-2,P-02,50,ProductCode,TDS05-2,ตรงแคตตาล็อก (set)
ไดร์เป่าผม with concentrator nozzle + เครื่องทำความสะอาดภายในช่องปาก T,Gift Set,TDS05-2(P-02)-10,TDS05-2,P-02,10,ProductCode,TDS05-2,ตรงแคตตาล็อก (set)
ชุดแก้วกาแฟอุ่นร้อน ที่ 55องศา เซลเซียล TN00-2,Gift Set,TN00-2-100,TN00-2-100,,,code เปล่า,,มีรหัส แต่ไม่อยู่ในแคตตาล็อกใบราคา
ชุดของขวัญในกล่องพรีเมี่ยม 2 ชิ้นพร้อมสกรีน  TBX02-2,Gift Set,TBX02-2-100,TBX02-2-100,,,code เปล่า,,มีรหัส แต่ไม่อยู่ในแคตตาล็อกใบราคา
ECO Friendly แก้วกาแฟฟางข้าวสาลี (400ml) ECO-801,Gift Set,ECO-801-(400)100,,,,,,สินค้า ไม่มีรหัส — ต้องออกรหัส
ECO Friendly แก้วกาแฟฟางข้าวสาลี (500ml) ECO-801,Gift Set,ECO-801-(500)100,,,,,,สินค้า ไม่มีรหัส — ต้องออกรหัส
ชุดของขวัญในกล่องพรีเมี่ยม 3 ชิ้น  TRJ00-3,Gift Set,TRJ00-3-1,TRJ00-3-1,,,code เปล่า,,มีรหัส แต่ไม่อยู่ในแคตตาล็อกใบราคา
ชุดของขวัญในกล่องพรีเมี่ยม 3 ชิ้น  TRJ00-3,Gift Set,TRJ00-3-10,TRJ00-3-10,,,code เปล่า,,มีรหัส แต่ไม่อยู่ในแคตตาล็อกใบราคา
เครื่องประคบร้อนแก้ปวด DG011(P-09),Gift Set,DG011(P-09)-100,DG011,P-09,100,ProductCode,,มีรหัส แต่ไม่อยู่ในแคตตาล็อกใบราคา
เครื่องประคบร้อนแก้ปวด DG011(P-09),Gift Set,DG011(P-09)-10,DG011,P-09,10,ProductCode,,มีรหัส แต่ไม่อยู่ในแคตตาล็อกใบราคา
เครื่องประคบร้อนแก้ปวด DG011(P-09),Gift Set,DG011(P-09)-50,DG011,P-09,50,ProductCode,,มีรหัส แต่ไม่อยู่ในแคตตาล็อกใบราคา
เครื่องประคบร้อนแก้ปวด DG011(P-09),Gift Set,DG011(P-09)-500,DG011,P-09,500,ProductCode,,มีรหัส แต่ไม่อยู่ในแคตตาล็อกใบราคา
เครื่องประคบร้อนแก้ปวด DG011(P-09),Gift Set,DG011(P-09)-20,DG011,P-09,20,ProductCode,,มีรหัส แต่ไม่อยู่ในแคตตาล็อกใบราคา
ถ้วยอุ่นพร้อมช้อน + flower + เครื่องประคบร้อนแก้ปวด TWR61-7(P-PT),Gift Set,TWR61-7(P-PT)-50,TWR61-7,P-PT,50,ProductCode,,มีรหัส แต่ไม่อยู่ในแคตตาล็อกใบราคา
ถ้วยอุ่นพร้อมช้อน TWR61-3(P-PT),Gift Set,TWR61-7(P-PT)-100,TWR61-7,P-PT,100,ProductCode,,มีรหัส แต่ไม่อยู่ในแคตตาล็อกใบราคา
ถ้วยอุ่นพร้อมช้อน + flower + เครื่องประคบร้อนแก้ปวด TWR61-7(P-PT),Gift Set,TWR61-7(P-PT)-500,TWR61-7,P-PT,500,ProductCode,,มีรหัส แต่ไม่อยู่ในแคตตาล็อกใบราคา
ถ้วยอุ่นพร้อมช้อน + flower + เครื่องประคบร้อนแก้ปวด TWR61-7(P-PT),Gift Set,TWR61-7(P-PT)-10,TWR61-7,P-PT,10,ProductCode,,มีรหัส แต่ไม่อยู่ในแคตตาล็อกใบราคา
ถ้วยอุ่นพร้อมช้อน + flower + เครื่องประคบร้อนแก้ปวด TWR61-7(P-PT),Gift Set,TWR61-7(P-PT)-20,TWR61-7,P-PT,20,ProductCode,,มีรหัส แต่ไม่อยู่ในแคตตาล็อกใบราคา
Atmosphere Lamp + Rabbit pendant + เครื่องประคบร้อนแก้ปวด TWR2113(P-PT,Gift Set,TWR2113(P-PT)-10,TWR2113,P-PT,10,ProductCode,,มีรหัส แต่ไม่อยู่ในแคตตาล็อกใบราคา
Atmosphere Lamp + Rabbit pendant + เครื่องประคบร้อนแก้ปวด TWR2113(P-PT,Gift Set,TWR2113(P-PT)-500,TWR2113,P-PT,500,ProductCode,,มีรหัส แต่ไม่อยู่ในแคตตาล็อกใบราคา
Atmosphere Lamp + Rabbit pendant + เครื่องประคบร้อนแก้ปวด TWR2113(P-PT,Gift Set,TWR2113(P-PT)-50,TWR2113,P-PT,50,ProductCode,,มีรหัส แต่ไม่อยู่ในแคตตาล็อกใบราคา
Atmosphere Lamp + Rabbit pendant + เครื่องประคบร้อนแก้ปวด TWR2113(P-PT,Gift Set,TWR2113(P-PT)-100,TWR2113,P-PT,100,ProductCode,,มีรหัส แต่ไม่อยู่ในแคตตาล็อกใบราคา
Atmosphere Lamp + Rabbit pendant + เครื่องประคบร้อนแก้ปวด TWR2113(P-PT,Gift Set,TWR2113(P-PT)-20,TWR2113,P-PT,20,ProductCode,,มีรหัส แต่ไม่อยู่ในแคตตาล็อกใบราคา
Flash DrivesUSB 2.0 Spin USB Flash Drives,Flash Drive,,,,,,,สินค้า ไม่มีรหัส — ต้องออกรหัส
Flash Drives USB 2.0  Flash Drive Plastic Body,Flash Drive,,,,,,,สินค้า ไม่มีรหัส — ต้องออกรหัส
Flash Drives USB 2.0 Slim Flash Drive,Flash Drive,,,,,,,สินค้า ไม่มีรหัส — ต้องออกรหัส
เครื่องเพิ่มความชื้นในอากาศ DS056(P-09),Gift Set,DS056(P-09)-100,DS056,P-09,100,ProductCode,,มีรหัส แต่ไม่อยู่ในแคตตาล็อกใบราคา
เครื่องเพิ่มความชื้นในอากาศ DS056(P-09),Gift Set,DS056(P-09)-50,DS056,P-09,50,ProductCode,,มีรหัส แต่ไม่อยู่ในแคตตาล็อกใบราคา
เครื่องเพิ่มความชื้นในอากาศ DS056(P-09),Gift Set,DS056(P-09)-20,DS056,P-09,20,ProductCode,,มีรหัส แต่ไม่อยู่ในแคตตาล็อกใบราคา
เครื่องเพิ่มความชื้นในอากาศ DS056(P-09),Gift Set,DS056(P-09)-10,DS056,P-09,10,ProductCode,,มีรหัส แต่ไม่อยู่ในแคตตาล็อกใบราคา
เครื่องเพิ่มความชื้นในอากาศ DS056(P-09),Gift Set,DS056(P-09)-500,DS056,P-09,500,ProductCode,,มีรหัส แต่ไม่อยู่ในแคตตาล็อกใบราคา
Light เครื่องทำความชื้น + ร่ม+เครื่องนวดคอ+ขวดน้ำสูญญากาศ TSQ06-4(P-06,Gift Set,TSQ06-4(P-06)-100,TSQ06-4,P-06,100,ProductCode,TSQ06-4,ตรงแคตตาล็อก (set)
Light เครื่องทำความชื้น + ร่ม+เครื่องนวดคอ+ขวดน้ำสูญญากาศ TSQ06-4(P-06,Gift Set,TSQ06-4(P-06)-50,TSQ06-4,P-06,50,ProductCode,TSQ06-4,ตรงแคตตาล็อก (set)
Light เครื่องทำความชื้น + ร่ม+เครื่องนวดคอ+ขวดน้ำสูญญากาศ TSQ06-4(P-06,Gift Set,TSQ06-4(P-06)-20,TSQ06-4,P-06,20,ProductCode,TSQ06-4,ตรงแคตตาล็อก (set)
Light เครื่องทำความชื้น + ร่ม+เครื่องนวดคอ+ขวดน้ำสูญญากาศ TSQ06-4(P-06,Gift Set,TSQ06-4(P-06)-10,TSQ06-4,P-06,10,ProductCode,TSQ06-4,ตรงแคตตาล็อก (set)
Light เครื่องทำความชื้น + ร่ม+เครื่องนวดคอ+ขวดน้ำสูญญากาศ TSQ06-4(P-06,Gift Set,TSQ06-4(P-06)-500,TSQ06-4,P-06,500,ProductCode,TSQ06-4,ตรงแคตตาล็อก (set)
Light เครื่องทำความชื้น + เครื่องนวดคอ+ขวดน้ำสูญญากาศ TSQ04-3(P-06),Gift Set,TSQ04-3(P-06)-500,TSQ04-3,P-06,500,ProductCode,TSQ04-3,ตรงแคตตาล็อก (set)
Light เครื่องทำความชื้น + เครื่องนวดคอ+ขวดน้ำสูญญากาศ TSQ04-3(P-06),Gift Set,TSQ04-3(P-06)-50,TSQ04-3,P-06,50,ProductCode,TSQ04-3,ตรงแคตตาล็อก (set)
Light เครื่องทำความชื้น + เครื่องนวดคอ+ขวดน้ำสูญญากาศ TSQ04-3(P-06),Gift Set,TSQ04-3(P-06)-10,TSQ04-3,P-06,10,ProductCode,TSQ04-3,ตรงแคตตาล็อก (set)
Light เครื่องทำความชื้น + เครื่องนวดคอ+ขวดน้ำสูญญากาศ TSQ04-3(P-06),Gift Set,TSQ04-3(P-06)-100,TSQ04-3,P-06,100,ProductCode,TSQ04-3,ตรงแคตตาล็อก (set)
Light เครื่องทำความชื้น + เครื่องนวดคอ+ขวดน้ำสูญญากาศ TSQ04-3(P-06),Gift Set,TSQ04-3(P-06)-20,TSQ04-3,P-06,20,ProductCode,TSQ04-3,ตรงแคตตาล็อก (set)
Light เครื่องทำความชื้น + ปืนนวด TSQ05-2(P-02),Gift Set,TSQ05-2(P-02)-100,TSQ05-2,P-02,100,ProductCode,TSQ05-2,ตรงแคตตาล็อก (set)
Light เครื่องทำความชื้น + ปืนนวด TSQ05-2(P-02),Gift Set,TSQ05-2(P-02)-500,TSQ05-2,P-02,500,ProductCode,TSQ05-2,ตรงแคตตาล็อก (set)
Light เครื่องทำความชื้น + ปืนนวด TSQ05-2(P-02),Gift Set,TSQ05-2(P-02)-50,TSQ05-2,P-02,50,ProductCode,TSQ05-2,ตรงแคตตาล็อก (set)
Light เครื่องทำความชื้น + ปืนนวด TSQ05-2(P-02),Gift Set,TSQ05-2(P-02)-10,TSQ05-2,P-02,10,ProductCode,TSQ05-2,ตรงแคตตาล็อก (set)
Light เครื่องทำความชื้น + ปืนนวด TSQ05-2(P-02),Gift Set,TSQ05-2(P-02)-20,TSQ05-2,P-02,20,ProductCode,TSQ05-2,ตรงแคตตาล็อก (set)
Light เครื่องทำความชื้น + ร่ม TSQ02-2(P-05),Gift Set,TSQ02-2(P-05)-10,TSQ02-2,P-05,10,ProductCode,TSQ02-2,ตรงแคตตาล็อก (set)
Light เครื่องทำความชื้น + ร่ม TSQ02-2(P-05),Gift Set,TSQ02-2(P-05)-100,TSQ02-2,P-05,100,ProductCode,TSQ02-2,ตรงแคตตาล็อก (set)
Light เครื่องทำความชื้น + ร่ม TSQ02-2(P-05),Gift Set,TSQ02-2(P-05)-20,TSQ02-2,P-05,20,ProductCode,TSQ02-2,ตรงแคตตาล็อก (set)
Light เครื่องทำความชื้น + ร่ม TSQ02-2(P-05),Gift Set,TSQ02-2(P-05)-500,TSQ02-2,P-05,500,ProductCode,TSQ02-2,ตรงแคตตาล็อก (set)
Light เครื่องทำความชื้น + ร่ม TSQ02-2(P-05),Gift Set,TSQ02-2(P-05)-50,TSQ02-2,P-05,50,ProductCode,TSQ02-2,ตรงแคตตาล็อก (set)
Light เครื่องทำความชื้น +  ขวดน้ำสูญญากาศมีพร้อมมีหน้าจอแสดงอุณหภูมิ T,Gift Set,TSQ01-2(P-05)-500,TSQ01-2,P-05,500,ProductCode,TSQ01-2,ตรงแคตตาล็อก (set)
Light เครื่องทำความชื้น +  ขวดน้ำสูญญากาศมีพร้อมมีหน้าจอแสดงอุณหภูมิ T,Gift Set,TSQ01-2(P-05)-50,TSQ01-2,P-05,50,ProductCode,TSQ01-2,ตรงแคตตาล็อก (set)
Light เครื่องทำความชื้น +  ขวดน้ำสูญญากาศมีพร้อมมีหน้าจอแสดงอุณหภูมิ T,Gift Set,TSQ01-2(P-05)-20,TSQ01-2,P-05,20,ProductCode,TSQ01-2,ตรงแคตตาล็อก (set)
Light เครื่องทำความชื้น +  ขวดน้ำสูญญากาศมีพร้อมมีหน้าจอแสดงอุณหภูมิ T,Gift Set,TSQ01-2(P-05)-100,TSQ01-2,P-05,100,ProductCode,TSQ01-2,ตรงแคตตาล็อก (set)
Light เครื่องทำความชื้น +  ขวดน้ำสูญญากาศมีพร้อมมีหน้าจอแสดงอุณหภูมิ T,Gift Set,TSQ01-2(P-05)-10,TSQ01-2,P-05,10,ProductCode,TSQ01-2,ตรงแคตตาล็อก (set)
แปรงสีฟันไฟฟ้า DS041(P-09),Gift Set,DS041(P-09)-500,DS041,P-09,500,ProductCode,,มีรหัส แต่ไม่อยู่ในแคตตาล็อกใบราคา
แปรงสีฟันไฟฟ้า DS041(P-09),Gift Set,DS041(P-09)-10,DS041,P-09,10,ProductCode,,มีรหัส แต่ไม่อยู่ในแคตตาล็อกใบราคา
แปรงสีฟันไฟฟ้า DS041(P-09),Gift Set,DS041(P-09)-50,DS041,P-09,50,ProductCode,,มีรหัส แต่ไม่อยู่ในแคตตาล็อกใบราคา
แปรงสีฟันไฟฟ้า DS041(P-09),Gift Set,DS041(P-09)-20,DS041,P-09,20,ProductCode,,มีรหัส แต่ไม่อยู่ในแคตตาล็อกใบราคา
แปรงสีฟันไฟฟ้า DS041(P-09),Gift Set,DS041(P-09)-100,DS041,P-09,100,ProductCode,,มีรหัส แต่ไม่อยู่ในแคตตาล็อกใบราคา
แปรงสีฟันไฟฟ้า + เครื่องทำความสะอาดภายในช่องปาก TDS07-2(P-02),Gift Set,TDS07-2(P-02)-5012,TDS07-2,P-02,5012,ProductCode,TDS07-2,ตรงแคตตาล็อก (set)
ขวดน้ำสูญญากาศ + แปรงสีฟันไฟฟ้า + เครื่องนวดคอ TDS04-3(P-02),Gift Set,TDS04-3(P-02)-500,TDS04-3,P-02,500,ProductCode,TDS04-3,ตรงแคตตาล็อก (set)
ขวดน้ำสูญญากาศ + แปรงสีฟันไฟฟ้า + เครื่องนวดคอ TDS04-3(P-02),Gift Set,TDS04-3(P-02)-10,TDS04-3,P-02,10,ProductCode,TDS04-3,ตรงแคตตาล็อก (set)
ขวดน้ำสูญญากาศ + แปรงสีฟันไฟฟ้า + เครื่องนวดคอ TDS04-3(P-02),Gift Set,TDS04-3(P-02)-50,TDS04-3,P-02,50,ProductCode,TDS04-3,ตรงแคตตาล็อก (set)
ขวดน้ำสูญญากาศ + แปรงสีฟันไฟฟ้า + เครื่องนวดคอ TDS04-3(P-02),Gift Set,TDS04-3(P-02)-20,TDS04-3,P-02,20,ProductCode,TDS04-3,ตรงแคตตาล็อก (set)
ขวดน้ำสูญญากาศ + แปรงสีฟันไฟฟ้า + เครื่องนวดคอ TDS04-3(P-02),Gift Set,TDS04-3(P-02)-100,TDS04-3,P-02,100,ProductCode,TDS04-3,ตรงแคตตาล็อก (set)
ขวดน้ำสูญญากาศ + แปรงสีฟันไฟฟ้า + ปืนนวด TDS03-3(P-06),Gift Set,TDS03-3(P-06)-500,TDS03-3,P-06,500,ProductCode,TDS03-3,ตรงแคตตาล็อก (set)
ขวดน้ำสูญญากาศ + แปรงสีฟันไฟฟ้า + ปืนนวด TDS03-3(P-06),Gift Set,TDS03-3(P-06)-20,TDS03-3,P-06,20,ProductCode,TDS03-3,ตรงแคตตาล็อก (set)
ขวดน้ำสูญญากาศ + แปรงสีฟันไฟฟ้า + ปืนนวด TDS03-3(P-06),Gift Set,TDS03-3(P-06)-100,TDS03-3,P-06,100,ProductCode,TDS03-3,ตรงแคตตาล็อก (set)
ขวดน้ำสูญญากาศ + แปรงสีฟันไฟฟ้า + ปืนนวด TDS03-3(P-06),Gift Set,TDS03-3(P-06)-50,TDS03-3,P-06,50,ProductCode,TDS03-3,ตรงแคตตาล็อก (set)
ขวดน้ำสูญญากาศ + แปรงสีฟันไฟฟ้า + ปืนนวด TDS03-3(P-06),Gift Set,TDS03-3(P-06)-10,TDS03-3,P-06,10,ProductCode,TDS03-3,ตรงแคตตาล็อก (set)
ขวดน้ำสูญญากาศ + แปรงสีฟันไฟฟ้า + ไดร์เป่าผม TDS02-3(P-06),Gift Set,TDS02-3(P-06)-20,TDS02-3,P-06,20,ProductCode,TDS02-3,ตรงแคตตาล็อก (set)
ขวดน้ำสูญญากาศ + แปรงสีฟันไฟฟ้า + ไดร์เป่าผม TDS02-3(P-06),Gift Set,TDS02-3(P-06)-10,TDS02-3,P-06,10,ProductCode,TDS02-3,ตรงแคตตาล็อก (set)
ขวดน้ำสูญญากาศ + แปรงสีฟันไฟฟ้า + ไดร์เป่าผม TDS02-3(P-06),Gift Set,TDS02-3(P-06)-100,TDS02-3,P-06,100,ProductCode,TDS02-3,ตรงแคตตาล็อก (set)
ขวดน้ำสูญญากาศ + แปรงสีฟันไฟฟ้า + ไดร์เป่าผม TDS02-3(P-06),Gift Set,TDS02-3(P-06)-500,TDS02-3,P-06,500,ProductCode,TDS02-3,ตรงแคตตาล็อก (set)
ขวดน้ำสูญญากาศ + แปรงสีฟันไฟฟ้า + ไดร์เป่าผม TDS02-3(P-06),Gift Set,TDS02-3(P-06)-50,TDS02-3,P-06,50,ProductCode,TDS02-3,ตรงแคตตาล็อก (set)
ขวดน้ำสูญญากาศ + แปรงสีฟันไฟฟ้า TDS03-2(P-02),Gift Set,TDS03-2(P-02)-10,TDS03-2,P-02,10,ProductCode,TDS03-2,ตรงแคตตาล็อก (set)
ขวดน้ำสูญญากาศ + แปรงสีฟันไฟฟ้า TDS03-2(P-02),Gift Set,TDS03-2(P-02)-100,TDS03-2,P-02,100,ProductCode,TDS03-2,ตรงแคตตาล็อก (set)
ขวดน้ำสูญญากาศ + แปรงสีฟันไฟฟ้า TDS03-2(P-02),Gift Set,TDS03-2(P-02)-50,TDS03-2,P-02,50,ProductCode,TDS03-2,ตรงแคตตาล็อก (set)
ขวดน้ำสูญญากาศ + แปรงสีฟันไฟฟ้า TDS03-2(P-02),Gift Set,TDS03-2(P-02)-20,TDS03-2,P-02,20,ProductCode,TDS03-2,ตรงแคตตาล็อก (set)
ขวดน้ำสูญญากาศ + แปรงสีฟันไฟฟ้า TDS03-2(P-02),Gift Set,TDS03-2(P-02)-500,TDS03-2,P-02,500,ProductCode,TDS03-2,ตรงแคตตาล็อก (set)
ไดร์เป่าผม + แปรงสีฟันไฟฟ้า TDS01-2(P-02),Gift Set,TDS01-2(P-02)-50,TDS01-2,P-02,50,ProductCode,TDS01-2,ตรงแคตตาล็อก (set)
ไดร์เป่าผม + แปรงสีฟันไฟฟ้า TDS01-2(P-02),Gift Set,TDS01-2(P-02)-500,TDS01-2,P-02,500,ProductCode,TDS01-2,ตรงแคตตาล็อก (set)
ไดร์เป่าผม + แปรงสีฟันไฟฟ้า TDS01-2(P-02),Gift Set,TDS01-2(P-02)-20,TDS01-2,P-02,20,ProductCode,TDS01-2,ตรงแคตตาล็อก (set)
ไดร์เป่าผม + แปรงสีฟันไฟฟ้า TDS01-2(P-02),Gift Set,TDS01-2(P-02)-100,TDS01-2,P-02,100,ProductCode,TDS01-2,ตรงแคตตาล็อก (set)
ไดร์เป่าผม + แปรงสีฟันไฟฟ้า TDS01-2(P-02),Gift Set,TDS01-2(P-02)-10,TDS01-2,P-02,10,ProductCode,TDS01-2,ตรงแคตตาล็อก (set)
แปรงสีฟันไฟฟ้า + ขวดน้ำสูญญากาศ มีหน้าจอแสดงอุณหภูมิ TBB0032(P-02),Gift Set,TBB0032(P-02)-10,TBB0032,P-02,10,ProductCode,,มีรหัส แต่ไม่อยู่ในแคตตาล็อกใบราคา
แปรงสีฟันไฟฟ้า + ขวดน้ำสูญญากาศ มีหน้าจอแสดงอุณหภูมิ TBB0032(P-02),Gift Set,TBB0032(P-02)-100,TBB0032,P-02,100,ProductCode,,มีรหัส แต่ไม่อยู่ในแคตตาล็อกใบราคา
แปรงสีฟันไฟฟ้า + ขวดน้ำสูญญากาศ มีหน้าจอแสดงอุณหภูมิ TBB0032(P-02),Gift Set,TBB0032(P-02)-500,TBB0032,P-02,500,ProductCode,,มีรหัส แต่ไม่อยู่ในแคตตาล็อกใบราคา
แปรงสีฟันไฟฟ้า + ขวดน้ำสูญญากาศ มีหน้าจอแสดงอุณหภูมิ TBB0032(P-02),Gift Set,TBB0032(P-02)-50,TBB0032,P-02,50,ProductCode,,มีรหัส แต่ไม่อยู่ในแคตตาล็อกใบราคา
แปรงสีฟันไฟฟ้า + ขวดน้ำสูญญากาศ มีหน้าจอแสดงอุณหภูมิ TBB0032(P-02),Gift Set,TBB0032(P-02)-20,TBB0032,P-02,20,ProductCode,,มีรหัส แต่ไม่อยู่ในแคตตาล็อกใบราคา
พัดลมห้อยคอ / Hanging Neck Fan DF1420(P-09),Gift Set,DF1420(P-09)-10,DF1420,P-09,10,ProductCode,,มีรหัส แต่ไม่อยู่ในแคตตาล็อกใบราคา
พัดลมห้อยคอ / Hanging Neck Fan DF1420(P-09),Gift Set,DF1420(P-09)-500,DF1420,P-09,500,ProductCode,,มีรหัส แต่ไม่อยู่ในแคตตาล็อกใบราคา
พัดลมห้อยคอ / Hanging Neck Fan DF1420(P-09),Gift Set,DF1420(P-09)-100,DF1420,P-09,100,ProductCode,,มีรหัส แต่ไม่อยู่ในแคตตาล็อกใบราคา
พัดลมห้อยคอ / Hanging Neck Fan DF1420(P-09),Gift Set,DF1420(P-09)-50,DF1420,P-09,50,ProductCode,,มีรหัส แต่ไม่อยู่ในแคตตาล็อกใบราคา
พัดลมห้อยคอ / Hanging Neck Fan DF1420(P-09),Gift Set,DF1420(P-09)-20,DF1420,P-09,20,ProductCode,,มีรหัส แต่ไม่อยู่ในแคตตาล็อกใบราคา
Hanging neck พัดลม+ที่ใส่ปากกา แบบถ้วยรางวัลเรืองแสง (Trophy Night Lig,Gift Set,TYD0662(P-PT)-500,TYD0662,P-PT,500,ProductCode,,มีรหัส แต่ไม่อยู่ในแคตตาล็อกใบราคา
Hanging neck พัดลม+ที่ใส่ปากกา แบบถ้วยรางวัลเรืองแสง (Trophy Night Lig,Gift Set,TYD0662(P-PT)-20,TYD0662,P-PT,20,ProductCode,,มีรหัส แต่ไม่อยู่ในแคตตาล็อกใบราคา
Hanging neck พัดลม+ที่ใส่ปากกา แบบถ้วยรางวัลเรืองแสง (Trophy Night Lig,Gift Set,TYD0662(P-PT)-10,TYD0662,P-PT,10,ProductCode,,มีรหัส แต่ไม่อยู่ในแคตตาล็อกใบราคา
Hanging neck พัดลม+ที่ใส่ปากกา แบบถ้วยรางวัลเรืองแสง (Trophy Night Lig,Gift Set,TYD0662(P-PT)-100,TYD0662,P-PT,100,ProductCode,,มีรหัส แต่ไม่อยู่ในแคตตาล็อกใบราคา
Hanging neck พัดลม+ที่ใส่ปากกา แบบถ้วยรางวัลเรืองแสง (Trophy Night Lig,Gift Set,TYD0662(P-PT)-50,TYD0662,P-PT,50,ProductCode,,มีรหัส แต่ไม่อยู่ในแคตตาล็อกใบราคา
Sport ขวด + hanging neck พัดลม TFA-2(P-02),Gift Set,TFA-2(P-02)-500,,,,,,สินค้า ไม่มีรหัส — ต้องออกรหัส
Sport ขวด + hanging neck พัดลม TFA-2(P-02),Gift Set,TFA-2(P-02)-10,,,,,,สินค้า ไม่มีรหัส — ต้องออกรหัส
Sport ขวด + hanging neck พัดลม TFA-2(P-02),Gift Set,TFA-2(P-02)-20,,,,,,สินค้า ไม่มีรหัส — ต้องออกรหัส
Sport ขวด + hanging neck พัดลม TFA-2(P-02),Gift Set,TFA-2(P-02)-50,,,,,,สินค้า ไม่มีรหัส — ต้องออกรหัส
Sport ขวด + hanging neck พัดลม TFA-2(P-02),Gift Set,TFA-2(P-02)-100,,,,,,สินค้า ไม่มีรหัส — ต้องออกรหัส
เชือกกระโดด Digital TS0212(P-09),Gift Set,TS0212(P-09)-500,TS0212,P-09,500,ProductCode,,มีรหัส แต่ไม่อยู่ในแคตตาล็อกใบราคา
เชือกกระโดด Digital TS0212(P-09),Gift Set,TS0212(P-09)-100,TS0212,P-09,100,ProductCode,,มีรหัส แต่ไม่อยู่ในแคตตาล็อกใบราคา
เชือกกระโดด Digital TS0212(P-09),Gift Set,TS0212(P-09)-10,TS0212,P-09,10,ProductCode,,มีรหัส แต่ไม่อยู่ในแคตตาล็อกใบราคา
เชือกกระโดด Digital TS0212(P-09),Gift Set,TS0212(P-09)-20,TS0212,P-09,20,ProductCode,,มีรหัส แต่ไม่อยู่ในแคตตาล็อกใบราคา
เชือกกระโดด Digital TS0212(P-09),Gift Set,TS0212(P-09)-50,TS0212,P-09,50,ProductCode,,มีรหัส แต่ไม่อยู่ในแคตตาล็อกใบราคา
เครื่องตัดเล็บไฟฟ้า TZ0110(P-09),Gift Set,TZ0110(P-09)-10,TZ0110,P-09,10,ProductCode,,มีรหัส แต่ไม่อยู่ในแคตตาล็อกใบราคา
เครื่องตัดเล็บไฟฟ้า TZ0110(P-09),Gift Set,TZ0110(P-09)-20,TZ0110,P-09,20,ProductCode,,มีรหัส แต่ไม่อยู่ในแคตตาล็อกใบราคา
ขวดแก้วคริสตัล+ ร่ม TBS01-2(P-05),Gift Set,TBS01-2(P-05)-50,TBS01-2,P-05,50,ProductCode,TBS01-2,ตรงแคตตาล็อก (set)
ขวดแก้วคริสตัล+ ร่ม TBS01-2(P-05),Gift Set,TBS01-2(P-05)-20,TBS01-2,P-05,20,ProductCode,TBS01-2,ตรงแคตตาล็อก (set)
ขวดแก้วคริสตัล+ ร่ม TBS01-2(P-05),Gift Set,TBS01-2(P-05)-10,TBS01-2,P-05,10,ProductCode,TBS01-2,ตรงแคตตาล็อก (set)
ขวดแก้วคริสตัล+ ร่ม TBS01-2(P-05),Gift Set,TBS01-2(P-05)-500,TBS01-2,P-05,500,ProductCode,TBS01-2,ตรงแคตตาล็อก (set)
ขวดแก้วคริสตัล+ ร่ม TBS01-2(P-05),Gift Set,TBS01-2(P-05)-100,TBS01-2,P-05,100,ProductCode,TBS01-2,ตรงแคตตาล็อก (set)
แฟลชไดร์ฟ USB 3.0 แบบพลาสติก,Flash Drive,,,,,,,สินค้า ไม่มีรหัส — ต้องออกรหัส
ขวดแก้วคริสตัล+ สมุดโน๊ต TBS02-2(P-02),Gift Set,TBS02-2(P-02)-10,TBS02-2,P-02,10,ProductCode,TBS02-2,ตรงแคตตาล็อก (set)
ขวดแก้วคริสตัล+ สมุดโน๊ต TBS02-2(P-02),Gift Set,TBS02-2(P-02)-20,TBS02-2,P-02,20,ProductCode,TBS02-2,ตรงแคตตาล็อก (set)
ขวดแก้วคริสตัล+ สมุดโน๊ต TBS02-2(P-02),Gift Set,TBS02-2(P-02)-100,TBS02-2,P-02,100,ProductCode,TBS02-2,ตรงแคตตาล็อก (set)
ขวดแก้วคริสตัล+ สมุดโน๊ต TBS02-2(P-02),Gift Set,TBS02-2(P-02)-50,TBS02-2,P-02,50,ProductCode,TBS02-2,ตรงแคตตาล็อก (set)
ขวดแก้วคริสตัล+ สมุดโน๊ต TBS02-2(P-02),Gift Set,TBS02-2(P-02)-500,TBS02-2,P-02,500,ProductCode,TBS02-2,ตรงแคตตาล็อก (set)
ขวดแก้วคริสตัล+ ปากกา + สมุดโน๊ต TBS02-3(P-02),Gift Set,TBS02-3(P-02)-10,TBS02-3,P-02,10,ProductCode,TBS02-3,ตรงแคตตาล็อก (set)
ขวดแก้วคริสตัล+ ปากกา + สมุดโน๊ต TBS02-3(P-02),Gift Set,TBS02-3(P-02)-20,TBS02-3,P-02,20,ProductCode,TBS02-3,ตรงแคตตาล็อก (set)
ขวดแก้วคริสตัล+ ปากกา + สมุดโน๊ต TBS02-3(P-02),Gift Set,TBS02-3(P-02)-500,TBS02-3,P-02,500,ProductCode,TBS02-3,ตรงแคตตาล็อก (set)
ขวดแก้วคริสตัล+ ปากกา + สมุดโน๊ต TBS02-3(P-02),Gift Set,TBS02-3(P-02)-50,TBS02-3,P-02,50,ProductCode,TBS02-3,ตรงแคตตาล็อก (set)
ขวดแก้วคริสตัล+ ปากกา + สมุดโน๊ต TBS02-3(P-02),Gift Set,TBS02-3(P-02)-100,TBS02-3,P-02,100,ProductCode,TBS02-3,ตรงแคตตาล็อก (set)
ขวดแก้วคริสตัล+ สมุดโน๊ต + แฟลชไดร์ฟ + ปากกา TBS02-4(P-02),Gift Set,TBS02-4(P-02)-500,TBS02-4,P-02,500,ProductCode,TBS02-4,ตรงแคตตาล็อก (set)
ขวดแก้วคริสตัล+ สมุดโน๊ต + แฟลชไดร์ฟ + ปากกา TBS02-4(P-02),Gift Set,TBS02-4(P-02)-20,TBS02-4,P-02,20,ProductCode,TBS02-4,ตรงแคตตาล็อก (set)
ขวดแก้วคริสตัล+ สมุดโน๊ต + แฟลชไดร์ฟ + ปากกา TBS02-4(P-02),Gift Set,TBS02-4(P-02)-50,TBS02-4,P-02,50,ProductCode,TBS02-4,ตรงแคตตาล็อก (set)
ขวดแก้วคริสตัล+ สมุดโน๊ต + แฟลชไดร์ฟ + ปากกา TBS02-4(P-02),Gift Set,TBS02-4(P-02)-10,TBS02-4,P-02,10,ProductCode,TBS02-4,ตรงแคตตาล็อก (set)
ขวดแก้วคริสตัล+ สมุดโน๊ต + แฟลชไดร์ฟ + ปากกา TBS02-4(P-02),Gift Set,TBS02-4(P-02)-100,TBS02-4,P-02,100,ProductCode,TBS02-4,ตรงแคตตาล็อก (set)
ร่ม + ขวดแก้วคริสตัล+ สมุดโน๊ต + ปากกา TBS03-4(P-06),Gift Set,TBS03-4(P-06)-500,TBS03-4,P-06,500,ProductCode,TBS03-4,ตรงแคตตาล็อก (set)
ร่ม + ขวดแก้วคริสตัล+ สมุดโน๊ต + ปากกา TBS03-4(P-06),Gift Set,TBS03-4(P-06)-100,TBS03-4,P-06,100,ProductCode,TBS03-4,ตรงแคตตาล็อก (set)
ร่ม + ขวดแก้วคริสตัล+ สมุดโน๊ต + ปากกา TBS03-4(P-06),Gift Set,TBS03-4(P-06)-20,TBS03-4,P-06,20,ProductCode,TBS03-4,ตรงแคตตาล็อก (set)
ร่ม + ขวดแก้วคริสตัล+ สมุดโน๊ต + ปากกา TBS03-4(P-06),Gift Set,TBS03-4(P-06)-50,TBS03-4,P-06,50,ProductCode,TBS03-4,ตรงแคตตาล็อก (set)
ร่ม + ขวดแก้วคริสตัล+ สมุดโน๊ต + แฟลชไดร์ฟ + ปากกา TBS02-5(P-06),Gift Set,TBS02-5(P-06)-100,TBS02-5,P-06,100,ProductCode,TBS02-5,ตรงแคตตาล็อก (set)
ร่ม + ขวดแก้วคริสตัล+ สมุดโน๊ต + แฟลชไดร์ฟ + ปากกา TBS02-5(P-06),Gift Set,TBS02-5(P-06)-10,TBS02-5,P-06,10,ProductCode,TBS02-5,ตรงแคตตาล็อก (set)
ขวดแก้วคริสตัล+ สมุดโน๊ต + แฟลชไดร์ฟ + ปากกา + ลำโพง + เพาเวอร์แบงค์ T,Gift Set,TBS02-6(P-03)-100,TBS02-6,P-03,100,ProductCode,TBS02-6,ตรงแคตตาล็อก (set)
ขวดแก้วคริสตัล+ สมุดโน๊ต + แฟลชไดร์ฟ + ปากกา + ลำโพง + เพาเวอร์แบงค์ T,Gift Set,TBS02-6(P-03)-500,TBS02-6,P-03,500,ProductCode,TBS02-6,ตรงแคตตาล็อก (set)
ขวดแก้วคริสตัล+ สมุดโน๊ต + แฟลชไดร์ฟ + ปากกา + ลำโพง + เพาเวอร์แบงค์ T,Gift Set,TBS02-6(P-03)-10,TBS02-6,P-03,10,ProductCode,TBS02-6,ตรงแคตตาล็อก (set)
ขวดแก้วคริสตัล+ สมุดโน๊ต + แฟลชไดร์ฟ + ปากกา + ลำโพง + เพาเวอร์แบงค์ T,Gift Set,TBS02-6(P-03)-20,TBS02-6,P-03,20,ProductCode,TBS02-6,ตรงแคตตาล็อก (set)
ขวดแก้วคริสตัล+ สมุดโน๊ต + แฟลชไดร์ฟ + ปากกา + ลำโพง + เพาเวอร์แบงค์ T,Gift Set,TBS02-6(P-03)-50,TBS02-6,P-03,50,ProductCode,TBS02-6,ตรงแคตตาล็อก (set)
ขวดแก้วโบโรซิลิเกตทรงสูงขวด + ร่ม TBS01(P-05),Gift Set,TBS01(P-05)-100,TBS01,P-05,100,ProductCode,TBS01,ตรงแคตตาล็อก (set)
ขวดแก้วโบโรซิลิเกตทรงสูงขวด + ร่ม TBS01(P-05),Gift Set,TBS01(P-05)-50,TBS01,P-05,50,ProductCode,TBS01,ตรงแคตตาล็อก (set)
ขวดแก้วโบโรซิลิเกตทรงสูงขวด + ร่ม TBS01(P-05),Gift Set,TBS01(P-05)-500,TBS01,P-05,500,ProductCode,TBS01,ตรงแคตตาล็อก (set)
ขวดแก้วโบโรซิลิเกตทรงสูงขวด + ร่ม TBS01(P-05),Gift Set,TBS01(P-05)-10,TBS01,P-05,10,ProductCode,TBS01,ตรงแคตตาล็อก (set)
ขวดแก้วโบโรซิลิเกตทรงสูงขวด + ร่ม TBS01(P-05),Gift Set,TBS01(P-05)-20,TBS01,P-05,20,ProductCode,TBS01,ตรงแคตตาล็อก (set)
ขวดแก้วโบโรซิลิเกตทรงสูงขวด +  สมุดโน๊ต TBS01(P-05),Gift Set,TBS02(P-02)-10,TBS02,P-02,10,ProductCode,TBS02,ตรงแคตตาล็อก (set)
ขวดแก้วโบโรซิลิเกตทรงสูงขวด +  สมุดโน๊ต TBS01(P-05),Gift Set,TBS02(P-02)-20,TBS02,P-02,20,ProductCode,TBS02,ตรงแคตตาล็อก (set)
ขวดแก้วโบโรซิลิเกตทรงสูงขวด +  สมุดโน๊ต TBS01(P-05),Gift Set,TBS02(P-02)-50,TBS02,P-02,50,ProductCode,TBS02,ตรงแคตตาล็อก (set)
ขวดแก้วโบโรซิลิเกตทรงสูงขวด +  สมุดโน๊ต TBS01(P-05),Gift Set,TBS02(P-02)-500,TBS02,P-02,500,ProductCode,TBS02,ตรงแคตตาล็อก (set)
ขวดแก้วโบโรซิลิเกตทรงสูงขวด +  สมุดโน๊ต TBS01(P-05),Gift Set,TBS02(P-02)-100,TBS02,P-02,100,ProductCode,TBS02,ตรงแคตตาล็อก (set)
Sports wash bag with Quick-dry towel+Skip Rope+Sports cup+พัดลม mini T,Gift Set,TPV5-4(P-BG)-10,TPV5-4,P-BG,10,ProductCode,,มีรหัส แต่ไม่อยู่ในแคตตาล็อกใบราคา
Sports wash bag with Quick-dry towel+Skip Rope+Sports cup+พัดลม mini T,Gift Set,TPV5-4(P-BG)-20,TPV5-4,P-BG,20,ProductCode,,มีรหัส แต่ไม่อยู่ในแคตตาล็อกใบราคา
Sports wash bag with Quick-dry towel+Skip Rope+Sports cup+พัดลม mini T,Gift Set,TPV5-4(P-BG)-50,TPV5-4,P-BG,50,ProductCode,,มีรหัส แต่ไม่อยู่ในแคตตาล็อกใบราคา
Sports wash bag with Quick-dry towel+Skip Rope+Sports cup+พัดลม mini T,Gift Set,TPV5-4(P-BG)-100,TPV5-4,P-BG,100,ProductCode,,มีรหัส แต่ไม่อยู่ในแคตตาล็อกใบราคา
Sports wash bag with Quick-dry towel+Skip Rope+Sports cup+พัดลม mini T,Gift Set,TPV5-4(P-BG)-500,TPV5-4,P-BG,500,ProductCode,,มีรหัส แต่ไม่อยู่ในแคตตาล็อกใบราคา
Sport ขวด + towel gift set TYD00-2(P-05),Gift Set,TYD00-2(P-05)-20,TYD00-2,P-05,20,ProductCode,TYD00-2,ตรงแคตตาล็อก (set)
Sport ขวด + towel gift set TYD00-2(P-05),Gift Set,TYD00-2(P-05)-50,TYD00-2,P-05,50,ProductCode,TYD00-2,ตรงแคตตาล็อก (set)
Sport ขวด + towel gift set TYD00-2(P-05),Gift Set,TYD00-2(P-05)-100,TYD00-2,P-05,100,ProductCode,TYD00-2,ตรงแคตตาล็อก (set)
Sport ขวด + towel gift set TYD00-2(P-05),Gift Set,TYD00-2(P-05)-10,TYD00-2,P-05,10,ProductCode,TYD00-2,ตรงแคตตาล็อก (set)
Sport ขวด + towel gift set TYD00-2(P-05),Gift Set,TYD00-2(P-05)-500,TYD00-2,P-05,500,ProductCode,TYD00-2,ตรงแคตตาล็อก (set)
กล่องแพกเกจ สกรีนโลโก้สีขาว 1 ตำแหน่ง,,,,,,,,บริการ/ค่าใช้จ่าย ไม่ใช่สินค้า
ECO Friendly ชุดจานข้าว  Model : ECO-S-803,ECO,ECO-S-803,,,,,,สินค้า ไม่มีรหัส — ต้องออกรหัส
Charging Kit Gift Set,Gift Set,CK-003,,,,,,สินค้า ไม่มีรหัส — ต้องออกรหัส
แว่นตา,Other,,,,,,,สินค้า ไม่มีรหัส — ต้องออกรหัส
ค่ามอคอัพ,Other,,,,,,,สินค้า ไม่มีรหัส — ต้องออกรหัส
กล่องข้าวฟางข้าวสาลี,ECO,,,,,,,วัสดุแพ็กเกจ
ร่ม + ขวดแก้วคริสตัล+ สมุดโน๊ต + แฟลชไดร์ฟ + ปากกา TBS02-5(P-06),Gift Set,TBS02-5(P-06)-500,TBS02-5,P-06,500,ProductCode,TBS02-5,ตรงแคตตาล็อก (set)
ร่ม + ขวดแก้วคริสตัล+ สมุดโน๊ต + แฟลชไดร์ฟ + ปากกา TBS02-5(P-06),Gift Set,TBS02-5(P-06)-50,TBS02-5,P-06,50,ProductCode,TBS02-5,ตรงแคตตาล็อก (set)
ร่ม + ขวดแก้วคริสตัล+ สมุดโน๊ต + แฟลชไดร์ฟ + ปากกา TBS02-5(P-06),Gift Set,TBS02-5(P-06)-20,TBS02-5,P-06,20,ProductCode,TBS02-5,ตรงแคตตาล็อก (set)
Wireless charging light up logo สมุดโน๊ตอัจฉริยะ (Notebook Powerbank) ,Gift Set,TNN03-3(P-03)-10,TNN03-3,P-03,10,ProductCode,TNN03-3,ตรงแคตตาล็อก (set)
Wireless charging light up logo สมุดโน๊ตอัจฉริยะ (Notebook Powerbank) ,Gift Set,TNN03-3(P-03)-20,TNN03-3,P-03,20,ProductCode,TNN03-3,ตรงแคตตาล็อก (set)
Wireless charging light up logo สมุดโน๊ตอัจฉริยะ (Notebook Powerbank) ,Gift Set,TNN03-3(P-03)-50,TNN03-3,P-03,50,ProductCode,TNN03-3,ตรงแคตตาล็อก (set)
Wireless charging light up logo สมุดโน๊ตอัจฉริยะ (Notebook Powerbank) ,Gift Set,TNN03-3(P-03)-500,TNN03-3,P-03,500,ProductCode,TNN03-3,ตรงแคตตาล็อก (set)
Wireless charging light up logo สมุดโน๊ตอัจฉริยะ (Notebook Powerbank) ,Gift Set,TNN03-3(P-03)-100,TNN03-3,P-03,100,ProductCode,TNN03-3,ตรงแคตตาล็อก (set)
ร่ม + ขวดแก้วคริสตัล+ สมุดโน๊ต + ปากกา TBS03-4(P-06),Gift Set,TBS03-4(P-06)-10,TBS03-4,P-06,10,ProductCode,TBS03-4,ตรงแคตตาล็อก (set)
แฟลชไดร์ฟ USB 3.0 แบบคริสตัล,Flash Drive,,,,,,,สินค้า ไม่มีรหัส — ต้องออกรหัส
เครื่องตัดเล็บไฟฟ้า TZ0110(P-09),Gift Set,TZ0110(P-09)-100,TZ0110,P-09,100,ProductCode,,มีรหัส แต่ไม่อยู่ในแคตตาล็อกใบราคา
เครื่องตัดเล็บไฟฟ้า TZ0110(P-09),Gift Set,TZ0110(P-09)-500,TZ0110,P-09,500,ProductCode,,มีรหัส แต่ไม่อยู่ในแคตตาล็อกใบราคา
เครื่องตัดเล็บไฟฟ้า TZ0110(P-09),Gift Set,TZ0110(P-09)-50,TZ0110,P-09,50,ProductCode,,มีรหัส แต่ไม่อยู่ในแคตตาล็อกใบราคา
ขวดน้ำสูญญากาศ + neck brace TBG04-2(P-2D),Gift Set,TBG04-2(P-2D)-10,TBG04-2,P-2D,10,ProductCode,,มีรหัส แต่ไม่อยู่ในแคตตาล็อกใบราคา
ขวดน้ำสูญญากาศ + neck brace TBG04-2(P-2D),Gift Set,TBG04-2(P-2D)-50,TBG04-2,P-2D,50,ProductCode,,มีรหัส แต่ไม่อยู่ในแคตตาล็อกใบราคา
ขวดน้ำสูญญากาศ + neck brace TBG04-2(P-2D),Gift Set,TBG04-2(P-2D)-500,TBG04-2,P-2D,500,ProductCode,,มีรหัส แต่ไม่อยู่ในแคตตาล็อกใบราคา
ขวดน้ำสูญญากาศ + neck brace TBG04-2(P-2D),Gift Set,TBG04-2(P-2D)-20,TBG04-2,P-2D,20,ProductCode,,มีรหัส แต่ไม่อยู่ในแคตตาล็อกใบราคา
ขวดน้ำสูญญากาศ + neck brace TBG04-2(P-2D),Gift Set,TBG04-2(P-2D)-100,TBG04-2,P-2D,100,ProductCode,,มีรหัส แต่ไม่อยู่ในแคตตาล็อกใบราคา
พวงกุญแจ แบบขึ้นโมล์ด,Other,,,,,,,สินค้า ไม่มีรหัส — ต้องออกรหัส
ชุดของขวัญในกล่องพรีเมี่ยม 2 ชิ้นพร้อมสกรีน  TPC00-2,Gift Set,,TPC00-2,,,code เปล่า,TPC00-2,ตรงแคตตาล็อก (set)
สมุดโน๊ตอัจฉริยะ (Notebook Powerbank) ชาร์จแบบไร้สาย + ขวดน้ำสูญญากาศ ,Gift Set,TNR00-3(P-03)-100,TNR00-3,P-03,100,ProductCode,TNR00-3,ตรงแคตตาล็อก (set)
สมุดโน๊ตอัจฉริยะ (Notebook Powerbank) ชาร์จแบบไร้สาย + ขวดน้ำสูญญากาศ ,Gift Set,TNR00-3(P-03)-20,TNR00-3,P-03,20,ProductCode,TNR00-3,ตรงแคตตาล็อก (set)
สมุดโน๊ตอัจฉริยะ (Notebook Powerbank) ชาร์จแบบไร้สาย + ขวดน้ำสูญญากาศ ,Gift Set,TNR00-3(P-03)-50,TNR00-3,P-03,50,ProductCode,TNR00-3,ตรงแคตตาล็อก (set)
สมุดโน๊ตอัจฉริยะ (Notebook Powerbank) ชาร์จแบบไร้สาย + ขวดน้ำสูญญากาศ ,Gift Set,TNR00-3(P-03)-10,TNR00-3,P-03,10,ProductCode,TNR00-3,ตรงแคตตาล็อก (set)
สมุดโน๊ตอัจฉริยะ (Notebook Powerbank) ชาร์จแบบไร้สาย + ขวดน้ำสูญญากาศ ,Gift Set,TNR00-3(P-03)-500,TNR00-3,P-03,500,ProductCode,TNR00-3,ตรงแคตตาล็อก (set)
สมุดโน๊ตอัจฉริยะ (Notebook Powerbank) + ขวดน้ำสูญญากาศ + sign ปากกา TN,Gift Set,TNR01-3(P-03)-100,TNR01-3,P-03,100,ProductCode,TNR01-3,ตรงแคตตาล็อก (set)
สมุดโน๊ตอัจฉริยะ (Notebook Powerbank) + ขวดน้ำสูญญากาศ + sign ปากกา TN,Gift Set,TNR01-3(P-03)-50,TNR01-3,P-03,50,ProductCode,TNR01-3,ตรงแคตตาล็อก (set)
สมุดโน๊ตอัจฉริยะ (Notebook Powerbank) + ขวดน้ำสูญญากาศ + sign ปากกา TN,Gift Set,TNR01-3(P-03)-500,TNR01-3,P-03,500,ProductCode,TNR01-3,ตรงแคตตาล็อก (set)
สมุดโน๊ตอัจฉริยะ (Notebook Powerbank) + ขวดน้ำสูญญากาศ + sign ปากกา TN,Gift Set,TNR01-3(P-03)-10,TNR01-3,P-03,10,ProductCode,TNR01-3,ตรงแคตตาล็อก (set)
สมุดโน๊ตอัจฉริยะ (Notebook Powerbank) + ขวดน้ำสูญญากาศ + sign ปากกา TN,Gift Set,TNR01-3(P-03)-20,TNR01-3,P-03,20,ProductCode,TNR01-3,ตรงแคตตาล็อก (set)
เครื่องทำความสะอาดภายในช่องปาก DY05601(P-09),Gift Set,DY05601(P-09)-20,DY05601,P-09,20,ProductCode,,มีรหัส แต่ไม่อยู่ในแคตตาล็อกใบราคา
เครื่องทำความสะอาดภายในช่องปาก DY05601(P-09),Gift Set,DY05601(P-09)-500,DY05601,P-09,500,ProductCode,,มีรหัส แต่ไม่อยู่ในแคตตาล็อกใบราคา
เครื่องทำความสะอาดภายในช่องปาก DY05601(P-09),Gift Set,DY05601(P-09)-50,DY05601,P-09,50,ProductCode,,มีรหัส แต่ไม่อยู่ในแคตตาล็อกใบราคา
เครื่องทำความสะอาดภายในช่องปาก DY05601(P-09),Gift Set,DY05601(P-09)-100,DY05601,P-09,100,ProductCode,,มีรหัส แต่ไม่อยู่ในแคตตาล็อกใบราคา
ร่มบังแดดรถยนต์ + เพาเวอร์แบงค์ + หูฟังไร้สาย TBP1713(P-02),Gift Set,TBP1713(P-02)-10,TBP1713,P-02,10,ProductCode,TBP1713,ตรงแคตตาล็อก (set)
ร่มบังแดดรถยนต์ + เพาเวอร์แบงค์ + หูฟังไร้สาย TBP1713(P-02),Gift Set,TBP1713(P-02)-500,TBP1713,P-02,500,ProductCode,TBP1713,ตรงแคตตาล็อก (set)
ร่มบังแดดรถยนต์ + เพาเวอร์แบงค์ + หูฟังไร้สาย TBP1713(P-02),Gift Set,TBP1713(P-02)-20,TBP1713,P-02,20,ProductCode,TBP1713,ตรงแคตตาล็อก (set)
ร่มบังแดดรถยนต์ + เพาเวอร์แบงค์ + หูฟังไร้สาย TBP1713(P-02),Gift Set,TBP1713(P-02)-100,TBP1713,P-02,100,ProductCode,TBP1713,ตรงแคตตาล็อก (set)
ร่มบังแดดรถยนต์ + เพาเวอร์แบงค์ TBP1712(P-02),Gift Set,TBP1712(P-02)-50,TBP1712,P-02,50,ProductCode,TBP1712,ตรงแคตตาล็อก (set)
ร่มบังแดดรถยนต์ + เพาเวอร์แบงค์ TBP1712(P-02),Gift Set,TBP1712(P-02)-500,TBP1712,P-02,500,ProductCode,TBP1712,ตรงแคตตาล็อก (set)
ร่มบังแดดรถยนต์ + เพาเวอร์แบงค์ TBP1712(P-02),Gift Set,TBP1712(P-02)-20,TBP1712,P-02,20,ProductCode,TBP1712,ตรงแคตตาล็อก (set)
แท่นชาร์จไร้สาย (wireless) 6 in 1 + หูฟังไร้สาย + Smart bracelet TBH05,Gift Set,TBH05-3(P-02)-500,TBH05-3,P-02,500,ProductCode,TBH05-3,ตรงแคตตาล็อก (set)
แท่นชาร์จไร้สาย (wireless) 6 in 1 + หูฟังไร้สาย + Smart bracelet TBH05,Gift Set,TBH05-3(P-02)-50,TBH05-3,P-02,50,ProductCode,TBH05-3,ตรงแคตตาล็อก (set)
แท่นชาร์จไร้สาย (wireless) 6 in 1 + หูฟังไร้สาย + Smart bracelet TBH05,Gift Set,TBH05-3(P-02)-10,TBH05-3,P-02,10,ProductCode,TBH05-3,ตรงแคตตาล็อก (set)
แท่นชาร์จไร้สาย (wireless) 6 in 1 + หูฟังไร้สาย + Smart bracelet TBH05,Gift Set,TBH05-3(P-02)-20,TBH05-3,P-02,20,ProductCode,TBH05-3,ตรงแคตตาล็อก (set)
แท่นชาร์จไร้สาย (wireless) 6 in 1 + หูฟังไร้สาย + Smart bracelet TBH05,Gift Set,TBH05-3(P-02)-100,TBH05-3,P-02,100,ProductCode,TBH05-3,ตรงแคตตาล็อก (set)
แท่นชาร์จไร้สาย (wireless) 6 in 1 + Smart bracelet TBG04-2(P-2D),Gift Set,TBH06-2(P-02)-10,TBH06-2,P-02,10,ProductCode,TBH06-2,ตรงแคตตาล็อก (set)
แท่นชาร์จไร้สาย (wireless) 6 in 1 + Smart bracelet TBG04-2(P-2D),Gift Set,TBH06-2(P-02)-50,TBH06-2,P-02,50,ProductCode,TBH06-2,ตรงแคตตาล็อก (set)
แท่นชาร์จไร้สาย (wireless) 6 in 1 + Smart bracelet TBG04-2(P-2D),Gift Set,TBH06-2(P-02)-500,TBH06-2,P-02,500,ProductCode,TBH06-2,ตรงแคตตาล็อก (set)
แท่นชาร์จไร้สาย (wireless) 6 in 1 + Smart bracelet TBG04-2(P-2D),Gift Set,TBH06-2(P-02)-100,TBH06-2,P-02,100,ProductCode,TBH06-2,ตรงแคตตาล็อก (set)
แท่นชาร์จไร้สาย (wireless) 6 in 1 + Smart bracelet TBG04-2(P-2D),Gift Set,TBH06-2(P-02)-20,TBH06-2,P-02,20,ProductCode,TBH06-2,ตรงแคตตาล็อก (set)
แท่นชาร์จไร้สาย (wireless) 6 in 1 + หูฟังไร้สาย TBH05-2(P-02),Gift Set,TBH05-2(P-02)-100,TBH05-2,P-02,100,ProductCode,TBH05-2,ตรงแคตตาล็อก (set)
แท่นชาร์จไร้สาย (wireless) 6 in 1 + หูฟังไร้สาย TBH05-2(P-02),Gift Set,TBH05-2(P-02)-10,TBH05-2,P-02,10,ProductCode,TBH05-2,ตรงแคตตาล็อก (set)
แท่นชาร์จไร้สาย (wireless) 6 in 1 + หูฟังไร้สาย TBH05-2(P-02),Gift Set,TBH05-2(P-02)-50,TBH05-2,P-02,50,ProductCode,TBH05-2,ตรงแคตตาล็อก (set)
แท่นชาร์จไร้สาย (wireless) 6 in 1 + หูฟังไร้สาย TBH05-2(P-02),Gift Set,TBH05-2(P-02)-20,TBH05-2,P-02,20,ProductCode,TBH05-2,ตรงแคตตาล็อก (set)
แท่นชาร์จไร้สาย (wireless) 6 in 1 + หูฟังไร้สาย TBH05-2(P-02),Gift Set,TBH05-2(P-02)-500,TBH05-2,P-02,500,ProductCode,TBH05-2,ตรงแคตตาล็อก (set)
แท่นชาร์จไร้สาย (wireless) 6 in 1 + เครื่องนวดคอ TBH04-2(P-02),Gift Set,TBH04-2(P-02)-100,TBH04-2,P-02,100,ProductCode,TBH04-2,ตรงแคตตาล็อก (set)
แท่นชาร์จไร้สาย (wireless) 6 in 1 + เครื่องนวดคอ TBH04-2(P-02),Gift Set,TBH04-2(P-02)-10,TBH04-2,P-02,10,ProductCode,TBH04-2,ตรงแคตตาล็อก (set)
แท่นชาร์จไร้สาย (wireless) 6 in 1 + เครื่องนวดคอ TBH04-2(P-02),Gift Set,TBH04-2(P-02)-500,TBH04-2,P-02,500,ProductCode,TBH04-2,ตรงแคตตาล็อก (set)
แท่นชาร์จไร้สาย (wireless) 6 in 1 + เครื่องนวดคอ TBH04-2(P-02),Gift Set,TBH04-2(P-02)-50,TBH04-2,P-02,50,ProductCode,TBH04-2,ตรงแคตตาล็อก (set)
แท่นชาร์จไร้สาย (wireless) 6 in 1 + เครื่องนวดคอ TBH04-2(P-02),Gift Set,TBH04-2(P-02)-20,TBH04-2,P-02,20,ProductCode,TBH04-2,ตรงแคตตาล็อก (set)
ร่มบังแดดรถยนต์ + เพาเวอร์แบงค์ TBP1712(P-02),Gift Set,TBP1712(P-02)-10,TBP1712,P-02,10,ProductCode,TBP1712,ตรงแคตตาล็อก (set)
ร่มบังแดดรถยนต์ + เพาเวอร์แบงค์ TBP1712(P-02),Gift Set,TBP1712(P-02)-100,TBP1712,P-02,100,ProductCode,TBP1712,ตรงแคตตาล็อก (set)
ร่มบังแดดรถยนต์ +  สายชาร์จ USB + ที่ชาร์จแบตในรถ TBP1613(P-02),Gift Set,TBP1613(P-02)-100,TBP1613,P-02,100,ProductCode,TBP1613,ตรงแคตตาล็อก (set)
ร่มบังแดดรถยนต์ +  สายชาร์จ USB + ที่ชาร์จแบตในรถ TBP1613(P-02),Gift Set,TBP1613(P-02)-500,TBP1613,P-02,500,ProductCode,TBP1613,ตรงแคตตาล็อก (set)
ร่มบังแดดรถยนต์ +  สายชาร์จ USB + ที่ชาร์จแบตในรถ TBP1613(P-02),Gift Set,TBP1613(P-02)-20,TBP1613,P-02,20,ProductCode,TBP1613,ตรงแคตตาล็อก (set)
ร่มบังแดดรถยนต์ +  สายชาร์จ USB + ที่ชาร์จแบตในรถ TBP1613(P-02),Gift Set,TBP1613(P-02)-10,TBP1613,P-02,10,ProductCode,TBP1613,ตรงแคตตาล็อก (set)
เครื่องทำความสะอาดภายในช่องปาก DY05601(P-09),Gift Set,DY05601(P-09)-10,DY05601,P-09,10,ProductCode,,มีรหัส แต่ไม่อยู่ในแคตตาล็อกใบราคา
ร่มบังแดดรถยนต์ + เพาเวอร์แบงค์ + หูฟังไร้สาย TBP1713(P-02),Gift Set,TBP1713(P-02)-50,TBP1713,P-02,50,ProductCode,TBP1713,ตรงแคตตาล็อก (set)
ร่มบังแดดรถยนต์ + ที่วางโทรศัพท์ในรถยนต์ TBP1612(P-02),Gift Set,TBP1612(P-02)-10,TBP1612,P-02,10,ProductCode,TBP1612,ตรงแคตตาล็อก (set)
ร่มบังแดดรถยนต์ + parking phone number plate TBP1512(P-02),Gift Set,TBP1512(P-02)-500,TBP1512,P-02,500,ProductCode,TBP1512,ตรงแคตตาล็อก (set)
ร่มบังแดดรถยนต์ + parking phone number plate TBP1512(P-02),Gift Set,TBP1512(P-02)-10,TBP1512,P-02,10,ProductCode,TBP1512,ตรงแคตตาล็อก (set)
ร่มบังแดดรถยนต์ + parking phone number plate TBP1512(P-02),Gift Set,TBP1512(P-02)-50,TBP1512,P-02,50,ProductCode,TBP1512,ตรงแคตตาล็อก (set)
ร่มบังแดดรถยนต์ + parking phone number plate TBP1512(P-02),Gift Set,TBP1512(P-02)-20,TBP1512,P-02,20,ProductCode,TBP1512,ตรงแคตตาล็อก (set)
ร่มบังแดดรถยนต์ + parking phone number plate TBP1512(P-02),Gift Set,TBP1512(P-02)-100,TBP1512,P-02,100,ProductCode,TBP1512,ตรงแคตตาล็อก (set)
ร่มบังแดดรถยนต์ +  สายชาร์จ USB + ที่ชาร์จแบตในรถ TBP1613(P-02),Gift Set,TBP1613(P-02)-50,TBP1613,P-02,50,ProductCode,TBP1613,ตรงแคตตาล็อก (set)
Atmosphere Lamp + Rose+ เครื่องทำความชื้น TWR4063(P-PT),Gift Set,TWR4063(P-PT)-50,TWR4063,P-PT,50,ProductCode,,มีรหัส แต่ไม่อยู่ในแคตตาล็อกใบราคา
Atmosphere Lamp + Rose+ เครื่องทำความชื้น TWR4063(P-PT),Gift Set,TWR4063(P-PT)-10,TWR4063,P-PT,10,ProductCode,,มีรหัส แต่ไม่อยู่ในแคตตาล็อกใบราคา
Atmosphere Lamp + Rose+ เครื่องทำความชื้น TWR4063(P-PT),Gift Set,TWR4063(P-PT)-500,TWR4063,P-PT,500,ProductCode,,มีรหัส แต่ไม่อยู่ในแคตตาล็อกใบราคา
Atmosphere Lamp + Rose+ เครื่องทำความชื้น TWR4063(P-PT),Gift Set,TWR4063(P-PT)-20,TWR4063,P-PT,20,ProductCode,,มีรหัส แต่ไม่อยู่ในแคตตาล็อกใบราคา
Atmosphere Lamp + Rose+ เครื่องทำความชื้น TWR4063(P-PT),Gift Set,TWR4063(P-PT)-100,TWR4063,P-PT,100,ProductCode,,มีรหัส แต่ไม่อยู่ในแคตตาล็อกใบราคา
ร่มบังแดดรถยนต์ + ที่วางโทรศัพท์ในรถยนต์ + Parking number plate TBP151,Gift Set,TBP1513(P-02)-50,TBP1513,P-02,50,ProductCode,TBP1513,ตรงแคตตาล็อก (set)
ร่มบังแดดรถยนต์ + ที่วางโทรศัพท์ในรถยนต์ + Parking number plate TBP151,Gift Set,TBP1513(P-02)-10,TBP1513,P-02,10,ProductCode,TBP1513,ตรงแคตตาล็อก (set)
ร่มบังแดดรถยนต์ + ที่วางโทรศัพท์ในรถยนต์ + Parking number plate TBP151,Gift Set,TBP1513(P-02)-100,TBP1513,P-02,100,ProductCode,TBP1513,ตรงแคตตาล็อก (set)
ร่มบังแดดรถยนต์ + ที่วางโทรศัพท์ในรถยนต์ + Parking number plate TBP151,Gift Set,TBP1513(P-02)-20,TBP1513,P-02,20,ProductCode,TBP1513,ตรงแคตตาล็อก (set)
ร่มบังแดดรถยนต์ + ที่วางโทรศัพท์ในรถยนต์ + Parking number plate TBP151,Gift Set,TBP1513(P-02)-500,TBP1513,P-02,500,ProductCode,TBP1513,ตรงแคตตาล็อก (set)
ร่มบังแดดรถยนต์ + ที่วางโทรศัพท์ในรถยนต์ TBP1612(P-02),Gift Set,TBP1612(P-02)-20,TBP1612,P-02,20,ProductCode,TBP1612,ตรงแคตตาล็อก (set)
ร่มบังแดดรถยนต์ + ที่วางโทรศัพท์ในรถยนต์ TBP1612(P-02),Gift Set,TBP1612(P-02)-100,TBP1612,P-02,100,ProductCode,TBP1612,ตรงแคตตาล็อก (set)
ร่มบังแดดรถยนต์ + ที่วางโทรศัพท์ในรถยนต์ TBP1612(P-02),Gift Set,TBP1612(P-02)-500,TBP1612,P-02,500,ProductCode,TBP1612,ตรงแคตตาล็อก (set)
ร่มบังแดดรถยนต์ + ที่วางโทรศัพท์ในรถยนต์ TBP1612(P-02),Gift Set,TBP1612(P-02)-50,TBP1612,P-02,50,ProductCode,TBP1612,ตรงแคตตาล็อก (set)
Can Cooler,Other,,,,,,,สินค้า ไม่มีรหัส — ต้องออกรหัส
เครื่องทำความชื้น+ที่ใส่ปากกา แบบถ้วยรางวัลเรืองแสง (Trophy Night Ligh,Gift Set,TYD0862(P-PT)-20,TYD0862,P-PT,20,ProductCode,,มีรหัส แต่ไม่อยู่ในแคตตาล็อกใบราคา
Mini wireless mouse,Other,,,,,,,สินค้า ไม่มีรหัส — ต้องออกรหัส
ขวดแก้วน้ำพกพา,Other,,,,,,,สินค้า ไม่มีรหัส — ต้องออกรหัส
เครื่องทำความชื้น with ambient light + ขวดน้ำสูญญากาศ TJS0162(P-PT),Gift Set,TJS0162(P-PT)-500,TJS0162,P-PT,500,ProductCode,,มีรหัส แต่ไม่อยู่ในแคตตาล็อกใบราคา
เครื่องทำความชื้น with ambient light + ขวดน้ำสูญญากาศ TJS0162(P-PT),Gift Set,TJS0162(P-PT)-20,TJS0162,P-PT,20,ProductCode,,มีรหัส แต่ไม่อยู่ในแคตตาล็อกใบราคา
เครื่องทำความชื้น with ambient light + ขวดน้ำสูญญากาศ TJS0162(P-PT),Gift Set,TJS0162(P-PT)-100,TJS0162,P-PT,100,ProductCode,,มีรหัส แต่ไม่อยู่ในแคตตาล็อกใบราคา
การ์ดกระดาษ สกรีน 4 สีเต็มแผ่น 2 ด้าน,Other,,,,,,,บริการ/ค่าใช้จ่าย ไม่ใช่สินค้า
เครื่องทำความชื้น with ambient light + ขวดน้ำสูญญากาศ TJS0162(P-PT),Gift Set,TJS0162(P-PT)-10,TJS0162,P-PT,10,ProductCode,,มีรหัส แต่ไม่อยู่ในแคตตาล็อกใบราคา
เครื่องทำความชื้น with ambient light + ขวดน้ำสูญญากาศ TJS0162(P-PT),Gift Set,TJS0162(P-PT)-50,TJS0162,P-PT,50,ProductCode,,มีรหัส แต่ไม่อยู่ในแคตตาล็อกใบราคา
เครื่องทำความชื้น(แมว) DS0260(P-09),Gift Set,DS0260(P-09)-10,DS0260,P-09,10,ProductCode,,มีรหัส แต่ไม่อยู่ในแคตตาล็อกใบราคา
เครื่องทำความชื้น(แมว) DS0260(P-09),Gift Set,DS0260(P-09)-100,DS0260,P-09,100,ProductCode,,มีรหัส แต่ไม่อยู่ในแคตตาล็อกใบราคา
เครื่องทำความชื้น(แมว) DS0260(P-09),Gift Set,DS0260(P-09)-20,DS0260,P-09,20,ProductCode,,มีรหัส แต่ไม่อยู่ในแคตตาล็อกใบราคา
เครื่องทำความชื้น(แมว) DS0260(P-09),Gift Set,DS0260(P-09)-50,DS0260,P-09,50,ProductCode,,มีรหัส แต่ไม่อยู่ในแคตตาล็อกใบราคา
เครื่องทำความชื้น(แมว) DS0260(P-09),Gift Set,DS0260(P-09)-500,DS0260,P-09,500,ProductCode,,มีรหัส แต่ไม่อยู่ในแคตตาล็อกใบราคา
กระเป๋า,Other,,,,,,,สินค้า ไม่มีรหัส — ต้องออกรหัส
เครื่องทำความชื้น+ที่ใส่ปากกา แบบถ้วยรางวัลเรืองแสง (Trophy Night Ligh,Gift Set,TYD0862(P-PT)-100,TYD0862,P-PT,100,ProductCode,,มีรหัส แต่ไม่อยู่ในแคตตาล็อกใบราคา
เครื่องทำความชื้น+ที่ใส่ปากกา แบบถ้วยรางวัลเรืองแสง (Trophy Night Ligh,Gift Set,TYD0862(P-PT)-10,TYD0862,P-PT,10,ProductCode,,มีรหัส แต่ไม่อยู่ในแคตตาล็อกใบราคา
Gift Set Model : TPF09-2,Gift Set,,TPF09-2,,,code เปล่า,TPF09-2,ตรงแคตตาล็อก (set)
Wireless Charger + นาฬิกาปลุก แสดงอุณหภูมิ Model-W258,Gift Set,W258,,,,,,สินค้า ไม่มีรหัส — ต้องออกรหัส
Xiaomi Youpin Miaomiaoce Portable Air Purifier Anion,Other,,,,,,,สินค้า ไม่มีรหัส — ต้องออกรหัส
เครื่องทำความชื้น+ที่ใส่ปากกา แบบถ้วยรางวัลเรืองแสง (Trophy Night Ligh,Gift Set,TYD0862(P-PT)-500,TYD0862,P-PT,500,ProductCode,,มีรหัส แต่ไม่อยู่ในแคตตาล็อกใบราคา
เครื่องทำความชื้น+ที่ใส่ปากกา แบบถ้วยรางวัลเรืองแสง (Trophy Night Ligh,Gift Set,TYD0862(P-PT)-50,TYD0862,P-PT,50,ProductCode,,มีรหัส แต่ไม่อยู่ในแคตตาล็อกใบราคา
Wristband เรืองแสง สกรีนโลโก้ ICONSIAM,Other,,,,,,,บริการ/ค่าใช้จ่าย ไม่ใช่สินค้า
สมุดโน๊ต+ ปากกา TPP00-2,Gift Set,,TPP00-2,,,code เปล่า,TPP00-2,ตรงแคตตาล็อก (set)
ขวดน้ำสูญญากาศ + neck brace TBG04-2(P-2D),Gift Set,TBG04-2(P-2D)-1000,TBG04-2,P-2D,1000,ProductCode,,มีรหัส แต่ไม่อยู่ในแคตตาล็อกใบราคา
ถ้วยอุ่นพร้อมช้อน + ดอกไม้สบู่ + เครื่องนวดตา TWR51-7(P-PT),Gift Set,TWR51-7(P-PT)-100,TWR51-7,P-PT,100,ProductCode,,มีรหัส แต่ไม่อยู่ในแคตตาล็อกใบราคา
ถ้วยอุ่นพร้อมช้อน + ดอกไม้สบู่ + เครื่องนวดตา TWR51-7(P-PT),Gift Set,TWR51-7(P-PT)-20,TWR51-7,P-PT,20,ProductCode,,มีรหัส แต่ไม่อยู่ในแคตตาล็อกใบราคา
ถ้วยอุ่นพร้อมช้อน + ดอกไม้สบู่ + เครื่องนวดตา TWR51-7(P-PT),Gift Set,TWR51-7(P-PT)-500,TWR51-7,P-PT,500,ProductCode,,มีรหัส แต่ไม่อยู่ในแคตตาล็อกใบราคา
ถ้วยอุ่นพร้อมช้อน + ดอกไม้สบู่ + เครื่องนวดตา TWR51-7(P-PT),Gift Set,TWR51-7(P-PT)-10,TWR51-7,P-PT,10,ProductCode,,มีรหัส แต่ไม่อยู่ในแคตตาล็อกใบราคา
ถ้วยอุ่นพร้อมช้อน + ดอกไม้สบู่ + เครื่องนวดตา TWR51-7(P-PT),Gift Set,TWR51-7(P-PT)-50,TWR51-7,P-PT,50,ProductCode,,มีรหัส แต่ไม่อยู่ในแคตตาล็อกใบราคา
ถ้วยอุ่นพร้อมช้อน + ดอกไม้สบู่ + เครื่องนวดตา TWR51-7(P-PT),Gift Set,TWR51-7(P-PT)-1000,TWR51-7,P-PT,1000,ProductCode,,มีรหัส แต่ไม่อยู่ในแคตตาล็อกใบราคา
Car Purifier เครื่องฟอกอากาศในรถยนต์ขนาดพกพา WAY U รุ่น WU-CA188,Gift Set,,CA188,,,code เปล่า,,มีรหัส แต่ไม่อยู่ในแคตตาล็อกใบราคา
POP SOCKET ที่ติดมือถือ,,,,,,,,สินค้า ไม่มีรหัส — ต้องออกรหัส
ชุดของขวัญในกล่องพรีเมี่ยม 3 ชิ้น  TPH00-3,Gift Set,,TPH00-3,,,code เปล่า,TPH00-3,ตรงแคตตาล็อก (set)
ร่ม + ขวดน้ำสูญญากาศ + แฟลชไดร์ฟ + ปากกา + สมุดโน๊ต A5 + ลำโพง + เพาเว,Gift Set,TPH00-7(P-06)-20,TPH00-7,P-06,20,ProductCode,TPH00-7,ตรงแคตตาล็อก (set)
Wearable Air Purifier,Other,,,,,,,สินค้า ไม่มีรหัส — ต้องออกรหัส
ค่าของที่ระลึก,Gift Set,,,,,,,สินค้า ไม่มีรหัส — ต้องออกรหัส
ร่ม + ขวดน้ำสูญญากาศ + แฟลชไดร์ฟ + ปากกา + สมุดโน๊ต A5 + ลำโพง + เพาเว,Gift Set,TPH00-7(P-06)-100,TPH00-7,P-06,100,ProductCode,TPH00-7,ตรงแคตตาล็อก (set)
สมุดโน๊ต+ ปากกา TTT01-4,Gift Set,,TTT01-4,,,code เปล่า,TTT01-4,ตรงแคตตาล็อก (set)
ชุดของขวัญในกล่องพรีเมี่ยม 3 ชิ้น  TPM01-3,Gift Set,,TPM01-3,,,code เปล่า,TPM01-3,ตรงแคตตาล็อก (set)
กระบองโฟม LED ขนาดความยาว 48 cm กว้าง 4 cm สกรีน โลโก้ 1 สี 1 จุด ขนาด,,,,,,,,บริการ/ค่าใช้จ่าย ไม่ใช่สินค้า
กระบองโฟม LED ขนาดความยาว 48 cm กว้าง 4 cm,,,,,,,,สินค้า ไม่มีรหัส — ต้องออกรหัส
ชุดของขวัญในกล่องพรีเมี่ยม 3 ชิ้น  TPM00-3,Gift Set,,TPM00-3,,,code เปล่า,TPM00-3,ตรงแคตตาล็อก (set)
ร่ม + ขวดน้ำสูญญากาศ + แฟลชไดร์ฟ + ปากกา + สมุดโน๊ต A5 + ลำโพง + เพาเว,Gift Set,TPH00-7(P-06)-500,TPH00-7,P-06,500,ProductCode,TPH00-7,ตรงแคตตาล็อก (set)
ร่ม + ขวดน้ำสูญญากาศ + แฟลชไดร์ฟ + ปากกา + สมุดโน๊ต A5 + ลำโพง + เพาเว,Gift Set,TPH00-7(P-06)-10,TPH00-7,P-06,10,ProductCode,TPH00-7,ตรงแคตตาล็อก (set)
ชุดช้อน+ซ้อม+ตะเกียบ+กล่อง,Gift Set,,,,,,,วัสดุแพ็กเกจ
ร่ม + ขวดน้ำสูญญากาศ + แฟลชไดร์ฟ + ปากกา + สมุดโน๊ต A5 + ลำโพง + เพาเว,Gift Set,TPH00-7(P-06)-50,TPH00-7,P-06,50,ProductCode,TPH00-7,ตรงแคตตาล็อก (set)
ร่ม + ขวดน้ำสูญญากาศ + แฟลชไดร์ฟ + ปากกา + สมุดโน๊ต A5 + ลำโพง + เพาเว,Gift Set,TPH00-7(P-06)-1000,TPH00-7,P-06,1000,ProductCode,TPH00-7,ตรงแคตตาล็อก (set)
กระเป๋าผ้าร่มหูหิ้วพับเก็บได้,,กระเป๋าผ้าร่มหูหิ้วพับเก็บได้,,,,,,สินค้า ไม่มีรหัส — ต้องออกรหัส
ตลับเก็บยาพลาสติก,,,,,,,,สินค้า ไม่มีรหัส — ต้องออกรหัส
กล่องกระดาษสีดำ P-15 ฝาปิดแถบแม่เหล็กขนาด(ฝาติดกับกล่อง)110*85*26,Flash Drive,,,,,,,วัสดุแพ็กเกจ
Wine openner,Gift Set,,,,,,,สินค้า ไม่มีรหัส — ต้องออกรหัส
Flash Drive OTG USB 2.0,,,,,,,,สินค้า ไม่มีรหัส — ต้องออกรหัส
ที่อัดเสียง,Other,,,,,,,สินค้า ไม่มีรหัส — ต้องออกรหัส
กล่องเหล็ก P-05 ขนาด  88*60*18 cm.,Flash Drive,,,,,,,วัสดุแพ็กเกจ
สายรัดข้อมือเรืองแสง 4 สี แดง เขียว น้ำเงิน ม่วง,,,,,,,,สินค้า ไม่มีรหัส — ต้องออกรหัส
สมุดโน๊ตอัจฉริยะ (Notebook Powerbank) TNW03,Gift Set,,TNW03,,,code เปล่า,,มีรหัส แต่ไม่อยู่ในแคตตาล็อกใบราคา
สมุดโน๊ตอัจฉริยะ (Notebook Powerbank) THD004,Gift Set,,THD004,,,code เปล่า,,มีรหัส แต่ไม่อยู่ในแคตตาล็อกใบราคา
ขวดน้ำสูญญากาศพร้อมมีหน้าจอแสดงอุณหภูมิ BT00-0,Gift Set,,BT00-0,,,code เปล่า,,มีรหัส แต่ไม่อยู่ในแคตตาล็อกใบราคา
Video Notebook Power Bank สมุดไดอารี่อัจฉริยะ ชาร์จมือถือแบบไร้สาย เล่,Gift Set,,TNP07,,,code เปล่า,,มีรหัส แต่ไม่อยู่ในแคตตาล็อกใบราคา
ร่ม + ขวดน้ำสูญญากาศ + ปากกา + สมุดโน๊ต A5  TPH00-4(P-06),Gift Set,,TPH00-4,P-06,,ชื่อ/คำอธิบาย,TPH00-4,ตรงแคตตาล็อก (set)
กล่องเหล็ก P-10 ขนาด 115*85*22 mm,Flash Drive,,,,,,,วัสดุแพ็กเกจ
กล่องเหล็ก P-12 ขนาด 115*85*22 mm,,,,,,,,วัสดุแพ็กเกจ
ขวดน้ำสูญญากาศ มีหน้าจอแสดงอุณหภูมิ + เครื่องนวดคอ + เพาเวอร์แบงค์ TBP,Gift Set,,TBP03-3,,,code เปล่า,,มีรหัส แต่ไม่อยู่ในแคตตาล็อกใบราคา
กล่องไม้ เลเซอร์โลโก้ 1 ตำแหน่ง,,,,,,,,บริการ/ค่าใช้จ่าย ไม่ใช่สินค้า
ชุดของขวัญในกล่องพรีเมี่ยม 3 ชิ้น  TPY00-3,Gift Set,,TPY00-3,,,code เปล่า,TPY00-3,ตรงแคตตาล็อก (set)
กล่องเหล็ก P-07  ขนาด 80*38*20,Flash Drive,,,,,,,วัสดุแพ็กเกจ
ชุดของขวัญในกล่องพรีเมี่ยม 2 ชิ้น  TPD01,Gift Set,,TPD01,,,code เปล่า,,มีรหัส แต่ไม่อยู่ในแคตตาล็อกใบราคา
Magnetic Wireless Charging Powerbank,Other,,,,,,,สินค้า ไม่มีรหัส — ต้องออกรหัส
ส่วงงวาสสง,,,,,,,,สินค้า ไม่มีรหัส — ต้องออกรหัส
กล่องพลาสติกใส ฝาแม่เหล็ก P-02 ขนาด 95*45*20 mm,Flash Drive,,,,,,,วัสดุแพ็กเกจ
ค่าบล็อก,,,,,,,,สินค้า ไม่มีรหัส — ต้องออกรหัส
ค่าสกรีน,,,,,,,,บริการ/ค่าใช้จ่าย ไม่ใช่สินค้า
กล่องเหล็กฝาทึบ(ฝาติดกับกล่อง) P-11 ขนาดเล็ก,,,,,,,,วัสดุแพ็กเกจ
กล่องเหล็กฝาทึบ (ฝาแยกกับกล่อง),,,,,,,,วัสดุแพ็กเกจ
สายรัดข้อมือเรืองแสง สีแดง,,,,,,,,สินค้า ไม่มีรหัส — ต้องออกรหัส
สายรัดข้อมือเรืองแสง สีเหลือง,,,,,,,,สินค้า ไม่มีรหัส — ต้องออกรหัส
สายรัดข้อมือเรืองแสง สีเขียว,,,,,,,,สินค้า ไม่มีรหัส — ต้องออกรหัส
หูฟังไร้สาย,Other,,,,,,,สินค้า ไม่มีรหัส — ต้องออกรหัส
กล่องกระดาษอาร์ตมันสีขาว,,,,,,,,วัสดุแพ็กเกจ
เพาเวอร์แบงค์ + ร่ม+เครื่องนวดคอ+ขวดน้ำสูญญากาศ TSQ06-4,Gift Set,,TSQ06-4,,,code เปล่า,TSQ06-4,ตรงแคตตาล็อก (set)
ไดร์เป่าผม with concentrator nozzle + ร่มอัตโนมัติ TCS00-2,Gift Set,,TCS00-2,,,code เปล่า,TCS00-2,ตรงแคตตาล็อก (set)
สมุดโน๊ตอัจฉริยะ (Notebook Powerbank) ชาร์จแบบไร้สาย TSP06 (P-06),Gift Set,TSP06-2 (P-06),TSP06-2,P-06,,ProductCode,TSP06-2,ตรงแคตตาล็อก (set)
ชุดของขวัญในกล่องพรีเมี่ยม 7 ชิ้น  TPY00-7,Gift Set,,TPY00-7,,,code เปล่า,TPY00-7,ตรงแคตตาล็อก (set)
ชุดของขวัญในกล่องพรีเมี่ยม 5 ชิ้น Travel set,Gift Set,,,,,,,วัสดุแพ็กเกจ
ชุดของขวัญในกล่องพรีเมี่ยม 4 ชิ้นพร้อมสกรีน Model : TTT00-4,Gift Set,,TTT00-4,,,code เปล่า,TTT00-4,ตรงแคตตาล็อก (set)
Universal adapter with simple box,,,,,,,,สินค้า ไม่มีรหัส — ต้องออกรหัส
ชุดของขวัญในกล่องพรีเมี่ยม 4 ชิ้น  TPY00-4,Gift Set,,TPY00-4,,,code เปล่า,TPY00-4,ตรงแคตตาล็อก (set)
Powerbank Wallet,,,,,,,,สินค้า ไม่มีรหัส — ต้องออกรหัส
กระเป๋าเดินทาง 2in1 มีเพาเวอร์แบงค์ชาร์จไฟได้ Model : Lag 9001,,,,,,,,สินค้า ไม่มีรหัส — ต้องออกรหัส
กระเป๋าเดินทาง 2in1 มีเพาเวอร์แบงค์ชาร์จไฟได้ Model : Lag 9001,,,,,,,,สินค้า ไม่มีรหัส — ต้องออกรหัส
แท่นชาร์จไร้สาย (wireless) 6 in 1 TBH04-1(P-02),Gift Set,,TBH04-1,P-02,,ชื่อ/คำอธิบาย,,มีรหัส แต่ไม่อยู่ในแคตตาล็อกใบราคา
พวงกุญแจ,Other,,,,,,,สินค้า ไม่มีรหัส — ต้องออกรหัส
"Clock with Wireless charging, LED lamp) Model :  LED06-1",Gift Set,,LED06-1,,,code เปล่า,,มีรหัส แต่ไม่อยู่ในแคตตาล็อกใบราคา
Simple appearance Fresh color,,,,,,,,สินค้า ไม่มีรหัส — ต้องออกรหัส
สมุดโน๊ตอัจฉริยะ (Notebook with cable charging) Model : TNH00,Gift Set,,TNH00,,,code เปล่า,,มีรหัส แต่ไม่อยู่ในแคตตาล็อกใบราคา
เครื่องนวดคอ TBY01,Gift Set,,TBY01,,,code เปล่า,,มีรหัส แต่ไม่อยู่ในแคตตาล็อกใบราคา
กล่องกระดาษสีน้ำตาล มีหน้าต่าง,,,,,,,,วัสดุแพ็กเกจ
กล่องกระดาษสีดำ ฝาแถบแม่เหล็ก P-22 ขนาดเล็ก 85*58*26 mm,,,,,,,,วัสดุแพ็กเกจ
ชุดของขวัญในกล่องพรีเมี่ยม 3 ชิ้นพร้อมสกรีน Model : TTT00-3,Gift Set,,TTT00-3,,,code เปล่า,TTT00-3,ตรงแคตตาล็อก (set)
ไดร์เป่าผม with concentrator nozzle + Comb TCC00-2,Gift Set,,TCC00-2,,,code เปล่า,TCC00-2,ตรงแคตตาล็อก (set)
ชุดของขวัญในกล่องพรีเมี่ยม 2 ชิ้นพร้อมสกรีน  TSB02-2,Gift Set,,TSB02-2,,,code เปล่า,TSB02-2,ตรงแคตตาล็อก (set)
ชุดของขวัญในกล่องพรีเมี่ยม 8 ชิ้นพร้อมสกรีน Model : TDP10-8,Gift Set,,TDP10-8,,,code เปล่า,,มีรหัส แต่ไม่อยู่ในแคตตาล็อกใบราคา
สายชาร์จ + wireless หูฟังไร้สาย + ที่ชาร์จแบตในรถ  + แฟลชไดร์ฟ  + เพาเ,Gift Set,,TCZ003,P-04,,ชื่อ/คำอธิบาย,,มีรหัส แต่ไม่อยู่ในแคตตาล็อกใบราคา
ที่ใส่บัตรอะคลิริก ห่วงคล้องแบบยืดได้ และสายคล้องคอพร้อมสกรีน,,,,,,,,บริการ/ค่าใช้จ่าย ไม่ใช่สินค้า
ชุดของขวัญในกล่องพรีเมี่ยม 3 ชิ้น  TPB01-3,Gift Set,,TPB01-3,,,code เปล่า,,มีรหัส แต่ไม่อยู่ในแคตตาล็อกใบราคา
ชุดของขวัญในกล่องพรีเมี่ยม 4 ชิ้น  TPG00-4,Gift Set,,TPG00-4,,,code เปล่า,,มีรหัส แต่ไม่อยู่ในแคตตาล็อกใบราคา
แฟลชไดร์ฟ USB 2.0 แบบกุญแจ,,,,,,,,สินค้า ไม่มีรหัส — ต้องออกรหัส
สมุดโน๊ต+ ปากกา TPT06,Gift Set,,TPT06,,,code เปล่า,,มีรหัส แต่ไม่อยู่ในแคตตาล็อกใบราคา
ร่มอัตโนมัติ SA00-0,Gift Set,,SA00-0,,,code เปล่า,,มีรหัส แต่ไม่อยู่ในแคตตาล็อกใบราคา
สมุดบันทึก โลโก้ปั๊มจม Seaglow ปกสีเทา รหัส   A89-01,,,,,,,,สินค้า ไม่มีรหัส — ต้องออกรหัส
กล่องกระดาษหนา 300 แกรมพร้อมปั๊มเคเงิน,,,,,,,,วัสดุแพ็กเกจ
Flash Drives USB 3.0 Metal Flash Drive,,,,,,,,สินค้า ไม่มีรหัส — ต้องออกรหัส
ตัวอย่างปากกาเซมิเจล,,,,,,,,สินค้า ไม่มีรหัส — ต้องออกรหัส
ร่ม,Gift Set,,,,,,,สินค้า ไม่มีรหัส — ต้องออกรหัส
ชุดของขวัญในกล่องพรีเมี่ยม 6 ชิ้นพร้อมสกรีน Model : MC00-2,,,MC00-2,,,code เปล่า,MC00-2,ตรงแคตตาล็อก (set)
สมุดโน๊ตอัจฉริยะ (Notebook with cable charging) Model : TNL02,Gift Set,,TNL02,,,code เปล่า,,มีรหัส แต่ไม่อยู่ในแคตตาล็อกใบราคา
ชุดของขวัญในกล่องพรีเมี่ยม Business Gift Set ชุด 7 ชิ้น Model : TPF0(1,Gift Set,,TPF0,,,code เปล่า,,มีรหัส แต่ไม่อยู่ในแคตตาล็อกใบราคา
เครื่องรีดผ้าแบบพกพา + เครื่องนวดคอ+ เครื่องนวดตา + Vacuum Cup TYD0364,Gift Set,,TYD0364,P-2D,,ชื่อ/คำอธิบาย,,มีรหัส แต่ไม่อยู่ในแคตตาล็อกใบราคา
ชุดของขวัญในกล่องพรีเมี่ยม 2 ชิ้น  TPJ00-2,Gift Set,,TPJ00-2,,,code เปล่า,TPJ00-2,ตรงแคตตาล็อก (set)
ชุดของขวัญในกล่องพรีเมี่ยม 3 ชิ้น  TPC03-3,Gift Set,,TPC03-3,,,code เปล่า,TPC03-3,ตรงแคตตาล็อก (set)
ขวดน้ำสูญญากาศ มีหน้าจอแสดงอุณหภูมิ + Smart bracelet + เครื่องนวดคอ + ,Gift Set,TBHN0-4,TBHN0-4,,,code เปล่า,,มีรหัส แต่ไม่อยู่ในแคตตาล็อกใบราคา
ขวดน้ำสูญญากาศ มีหน้าจอแสดงอุณหภูมิ + เพาเวอร์แบงค์ TBHP0-2,Gift Set,TBHP0-2,TBHP0-2,,,code เปล่า,,มีรหัส แต่ไม่อยู่ในแคตตาล็อกใบราคา
ขวดน้ำสูญญากาศ มีหน้าจอแสดงอุณหภูมิ + Smart bracelet TBHW0-2,Gift Set,TBHW0-2,TBHW0-2,,,code เปล่า,,มีรหัส แต่ไม่อยู่ในแคตตาล็อกใบราคา
ขวดน้ำสูญญากาศ มีหน้าจอแสดงอุณหภูมิ + Smart bracelet + เพาเวอร์แบงค์ T,Gift Set,TBHW0-3,TBHW0-3,,,code เปล่า,,มีรหัส แต่ไม่อยู่ในแคตตาล็อกใบราคา
ขวดน้ำสูญญากาศ มีหน้าจอแสดงอุณหภูมิ + เครื่องนวดคอ + เพาเวอร์แบงค์ TBH,Gift Set,,TBHN0-3,,,code เปล่า,,มีรหัส แต่ไม่อยู่ในแคตตาล็อกใบราคา
Gift Set Model : SBE00-3,Gift Set,,SBE00-3,,,code เปล่า,,มีรหัส แต่ไม่อยู่ในแคตตาล็อกใบราคา
Smart brecelet,Gift Set,,,,,,,สินค้า ไม่มีรหัส — ต้องออกรหัส
Bluetooth speaker,Gift Set,,,,,,,สินค้า ไม่มีรหัส — ต้องออกรหัส
Earphone,Gift Set,,,,,,,สินค้า ไม่มีรหัส — ต้องออกรหัส
ชุดของขวัญในกล่องพรีเมี่ยม 8 ชิ้น  TBT02-8,Gift Set,,TBT02-8,,,code เปล่า,TBT02-8,ตรงแคตตาล็อก (set)
SM-WATER FILLED BASE FOR BANNER,,,,,,,,สินค้า ไม่มีรหัส — ต้องออกรหัส
ถ้วยอุ่นพร้อมช้อน + flower + ขวดน้ำสูญญากาศ TWR21-7 (P-PT),Gift Set,TWR21-7 (P-PT),TWR21-7,P-PT,,ProductCode,,มีรหัส แต่ไม่อยู่ในแคตตาล็อกใบราคา
ชุดของขวัญในกล่องพรีเมี่ยม 5 ชิ้น  TPD10-5,Gift Set,,TPD10-5,,,code เปล่า,,มีรหัส แต่ไม่อยู่ในแคตตาล็อกใบราคา
ชุดของขวัญในกล่องพรีเมี่ยม Business Gift Set ชุด 3 ชิ้น Model : TPF09-,Other,TPF09-3 (P-A5),TPF09-3,P-A5,,ProductCode,TPF09-3,ตรงแคตตาล็อก (set)
ชุดของขวัญในกล่องพรีเมี่ยม Business Gift Set ชุด 3 ชิ้น Model : TPF19-,Other,TPF19-3 (P-02),TPF19-3,P-02,,ProductCode,TPF19-3,ตรงแคตตาล็อก (set)
ชุดของขวัญในกล่องพรีเมี่ยม 7 ชิ้นพร้อมสกรีน Model : TPJ0047,Gift Set,,TPJ0047,,,code เปล่า,,มีรหัส แต่ไม่อยู่ในแคตตาล็อกใบราคา
ถุงกำมะหยี่ ไม่สกรีน,,,,,,,,บริการ/ค่าใช้จ่าย ไม่ใช่สินค้า
แฟลชไดร์ฟ USB 3.0 แบบหนัง,Flash Drive,,,,,,,สินค้า ไม่มีรหัส — ต้องออกรหัส
กล่องกระดาษสีดำ P-13 ฝาแยก ขนาดเล็ก  90*45*25 mm,,,,,,,,วัสดุแพ็กเกจ
แฟลชไดร์ฟ คิงสตัน DTX USB 3.2 ความจุ 64GB,,,,,,,,สินค้า ไม่มีรหัส — ต้องออกรหัส
สมุดโน๊ต,Gift Set,,,,,,,สินค้า ไม่มีรหัส — ต้องออกรหัส
ตัวอย่างสมุดโน๊ต 4 เล่ม ราคา 2100 บาท,,,,,,,,สินค้า ไม่มีรหัส — ต้องออกรหัส
ชุดของขวัญในกล่องพรีเมี่ยม 6 ชิ้นพร้อมสกรีน Model : TBW00-6,Gift Set,,TBW00-6,,,code เปล่า,,มีรหัส แต่ไม่อยู่ในแคตตาล็อกใบราคา
ขวดน้ำสูญญากาศ มีหน้าจอแสดงอุณหภูมิ + Smart bracelet + หูฟังไร้สาย TBH,Gift Set,,TBH03-3,,,code เปล่า,TBH03-3,ตรงแคตตาล็อก (set)
ชุดของขวัญในกล่องพรีเมี่ยม 3 ชิ้นพร้อมสกรีน  TSB03-3,Gift Set,,TSB03-3,,,code เปล่า,,มีรหัส แต่ไม่อยู่ในแคตตาล็อกใบราคา
ขวดน้ำสูญญากาศ + สายชาร์จ + เพาเวอร์แบงค์ TBF7033,Gift Set,,TBF7033,,,code เปล่า,TBF7033,ตรงแคตตาล็อก (set)
แก้วมัค + เครื่องนวดคอ + ร่มขนาดเล็ก + พาวเวอร์แบงค์ Mag safe  TTT07-5,Gift Set,TTT07-5,TTT07-5,,,code เปล่า,TTT07-5,ตรงแคตตาล็อก (set)
แก้วมัค + เครื่องนวดคอ + พาวเวอร์แบงค์ Mag safe  TTT05-3,Gift Set,TTT05-3,TTT05-3,,,code เปล่า,TTT05-3,ตรงแคตตาล็อก (set)
แก้วมัค + เครื่องนวดคอ + ร่มขนาดเล็ก  TTT06-3,Gift Set,TTT06-3,TTT06-3,,,code เปล่า,TTT06-3,ตรงแคตตาล็อก (set)
สายรัดข้อมือกระดาษไทเวค Customized Tyvek Wristbands) ขนาด 1.9x25 cm,,,,,,,,สินค้า ไม่มีรหัส — ต้องออกรหัส
สมุด+ปากกา+แก้วน้ำดีไซน์สัญลักษณ์มังกร TBC21-3,Gift Set,TBC21-3,TBC21-3,,,code เปล่า,,มีรหัส แต่ไม่อยู่ในแคตตาล็อกใบราคา
"สมุดโน๊ตอัจฉริยะ (Notebook with Wireless  & cable charging, LED lamp) ",Gift Set,,TNW08-0,,,code เปล่า,,มีรหัส แต่ไม่อยู่ในแคตตาล็อกใบราคา
ลำโพงไม้,,,,,,,,สินค้า ไม่มีรหัส — ต้องออกรหัส
กล่องเหล็กฝาทึบ(ฝาติดกับกล่อง)P-11 ขนาดเล็ก,,,,,,,,วัสดุแพ็กเกจ
กล่องเหล็กฝาทึบขนาดใหญ่(ฝาแยกกับกล่อง)P-12 ขนาด 115*85*22,,,,,,,,วัสดุแพ็กเกจ
ขวดน้ำสูญญากาศ มีหน้าจอแสดงอุณหภูมิ + เครื่องนวดตา + Smart bracelet + ,Gift Set,,TBH01-4,P-13,,ชื่อ/คำอธิบาย,TBH01-4,ตรงแคตตาล็อก (set)
Vacuum flask with 3 lids,Gift Set,TAB01-1,TAB01-1,,,code เปล่า,,มีรหัส แต่ไม่อยู่ในแคตตาล็อกใบราคา
กระเป๋าเอนกประสงค์,Other,,,,,,,สินค้า ไม่มีรหัส — ต้องออกรหัส
Power Bank with 4 cables+simple box,,,,,,,,สินค้า ไม่มีรหัส — ต้องออกรหัส
ไวเรทชาร์ท 6in1,,,,,,,,สินค้า ไม่มีรหัส — ต้องออกรหัส
พัดลมขนาดเล็กพกพา หน้าดิจิตอล ห้อยคอได้ ลมแรงเบา Model:FAN-9001,,,,,,,,สินค้า ไม่มีรหัส — ต้องออกรหัส
กล่องกระดาษสีดำ ฝาแยก P-21 ขนาด 100*80*26 mm,,,,,,,,วัสดุแพ็กเกจ
แพกเกจ,Other,,,,,,,สินค้า ไม่มีรหัส — ต้องออกรหัส
ชุดของขวัญในกล่องพรีเมี่ยม 4 ชิ้น  TPC03-4,Gift Set,,TPC03-4,,,code เปล่า,TPC03-4,ตรงแคตตาล็อก (set)
แก้วเก็บความเย็น,Other,,,,,,,สินค้า ไม่มีรหัส — ต้องออกรหัส
ชุดของขวัญ พัดลม ร่ม S-KB-004,Gift Set,,,,,,,สินค้า ไม่มีรหัส — ต้องออกรหัส
ชุดของขวัญในกล่องพรีเมี่ยม 5 ชิ้นพร้อมสกรีน Model : TTT00-5,Gift Set,,TTT00-5,,,code เปล่า,TTT00-5,ตรงแคตตาล็อก (set)
ชุดของขวัญในกล่องพรีเมี่ยม 2 ชิ้นพร้อมสกรีน  Model : DAP00-2,Gift Set,,DAP00-2,,,code เปล่า,,มีรหัส แต่ไม่อยู่ในแคตตาล็อกใบราคา
ตะเกียบเกาหลี,Other,,,,,,,สินค้า ไม่มีรหัส — ต้องออกรหัส
Power Bank with 4 cables,Gift Set,,,,,,,สินค้า ไม่มีรหัส — ต้องออกรหัส
กล่องของขวัญ และภุง,Gift Set,,,,,,,วัสดุแพ็กเกจ
chipset แบบเปลือย,,,,,,,,สินค้า ไม่มีรหัส — ต้องออกรหัส
กล่องการ์ดแบบพลาสติกใส P-17 ขนาด 104*72*10 mm,,,,,,,,วัสดุแพ็กเกจ
สมุดบันทึก โลโก้ปั๊มจม Sea Excellent ปกสีเขียว รหัส A103-11,,,,,,,,สินค้า ไม่มีรหัส — ต้องออกรหัส
ชุดของขวัญในกล่องพรีเมี่ยม 6 ชิ้น  TPT0(1)4-6,Gift Set,,TPT0,,,code เปล่า,,มีรหัส แต่ไม่อยู่ในแคตตาล็อกใบราคา
ชุดของขวัญในกล่องพรีเมี่ยม 2 ชิ้นพร้อมสกรีน  TBX03-2,Gift Set,TBX03-2,TBX03-2,,,code เปล่า,TBX03-2,ตรงแคตตาล็อก (set)
สมุดบันทึก โลโก้ปั๊มจม SEA LEGEND ปกสีมุกรหัส A115-08,,,,,,,,สินค้า ไม่มีรหัส — ต้องออกรหัส
สมุดบันทึก โลโก้ปั๊มจม Sea & Worldwide ปกสีฟ้า รหัส A115-11,,,,,,,,สินค้า ไม่มีรหัส — ต้องออกรหัส
ชุดของขวัญในกล่องพรีเมี่ยม 3 ชิ้น  THY00-3,Gift Set,,THY00-3,,,code เปล่า,THY00-3,ตรงแคตตาล็อก (set)
เพาเวอร์แบงค์ แบบขึ้นโมล์ด,,,,,,,,สินค้า ไม่มีรหัส — ต้องออกรหัส
ชุดของขวัญในกล่องพรีเมี่ยม 3 ชิ้นพร้อมสกรีน Model : TPJ01-3,Gift Set,,TPJ01-3,,,code เปล่า,TPJ01-3,ตรงแคตตาล็อก (set)
ชุดของขวัญในกล่องพรีเมี่ยม 3 ชิ้น  TPT03-3,Gift Set,,TPT03-3,,,code เปล่า,TPT03-3,ตรงแคตตาล็อก (set)
กล่องกระดาษสีขาว ฝาแยก ขนาด 100*80*26 mm,,,,,,,,วัสดุแพ็กเกจ
ถุงกระดาษสีน้ำเงิน ขนาด กว้าง 25 Cm.X สูง 26 Cm.,,,,,,,,สินค้า ไม่มีรหัส — ต้องออกรหัส
USB HUB,,,,,,,,สินค้า ไม่มีรหัส — ต้องออกรหัส
ซองพลาสติกใสใส่การ์ด,,,,,,,,สินค้า ไม่มีรหัส — ต้องออกรหัส
ดินสอไม้,Other,,,,,,,สินค้า ไม่มีรหัส — ต้องออกรหัส
กระจกพร้อมด้ามจับ  แบบแบน Size 13.6 CM,Other,,,,,,,สินค้า ไม่มีรหัส — ต้องออกรหัส
ชุดของขวัญในกล่องพรีเมี่ยม 3 ชิ้น สมุดโน๊ต + ปากกา + เพาเวอร์แบงค์,Gift Set,,,,,,,วัสดุแพ็กเกจ
เครื่องบดกระเทียมแบบดึง,Other,,,,,,,สินค้า ไม่มีรหัส — ต้องออกรหัส
ค่าบล๊อคขึ้นตัวอย่างใหม่,,,,,,,,สินค้า ไม่มีรหัส — ต้องออกรหัส
ช้อนเกาหลี,Other,,,,,,,สินค้า ไม่มีรหัส — ต้องออกรหัส
ตัวพีวีซี,,,,,,,,สินค้า ไม่มีรหัส — ต้องออกรหัส
กล่องเหล็กสำหรับใส่ปากกา,,,,,,,,วัสดุแพ็กเกจ
FG-012094 USB Flash drive พลาสติก แบบเปลือย,,,,,,,,สินค้า ไม่มีรหัส — ต้องออกรหัส
ค่าตัวอย่างทางเครื่องบิน,,,,,,,,สินค้า ไม่มีรหัส — ต้องออกรหัส
ชุดของขวัญในกล่องพรีเมี่ยม 2 ชิ้น  TPB00-2,Gift Set,,TPB00-2,,,code เปล่า,,มีรหัส แต่ไม่อยู่ในแคตตาล็อกใบราคา
ชุดของขวัญ  VIP-3800,Other,,,,,,,สินค้า ไม่มีรหัส — ต้องออกรหัส
ชุดของขวัญ VIP-3000,Gift Set,,,,,,,สินค้า ไม่มีรหัส — ต้องออกรหัส
USB 3.0 TYPE-C HUB,,,,,,,,สินค้า ไม่มีรหัส — ต้องออกรหัส
USB 2.0 TO LAN TP-LINK(UE300),,,UE300,,,code เปล่า,,มีรหัส แต่ไม่อยู่ในแคตตาล็อกใบราคา
USB 3.0 TO RJ45 (1000 Mbs),,,RJ45,,,code เปล่า,,มีรหัส แต่ไม่อยู่ในแคตตาล็อกใบราคา
หูฟังไร้สาย,Gift Set,,,,,,,สินค้า ไม่มีรหัส — ต้องออกรหัส
USB 3.0 TO LAN TP-LINK(UE300),,,UE300,,,code เปล่า,,มีรหัส แต่ไม่อยู่ในแคตตาล็อกใบราคา
ซองหนังสำหรับใส่การ์ด,,,,,,,,สินค้า ไม่มีรหัส — ต้องออกรหัส
Flash Drive USB 2.0 Crystal,,,,,,,,สินค้า ไม่มีรหัส — ต้องออกรหัส
ชุดของขวัญในกล่อง Luxury Gift พร้อมสกรีน  TXH0404,Gift Set,,TXH0404,,,code เปล่า,,มีรหัส แต่ไม่อยู่ในแคตตาล็อกใบราคา
ถุงผ้าพับได้,Other,,,,,,,วัสดุแพ็กเกจ
Hard Disk External (HDD) ฮาร์ดดิสพกพา,,,,,,,,สินค้า ไม่มีรหัส — ต้องออกรหัส
กล่องพลาสติกใส ไม่สกรีน,,,,,,,,บริการ/ค่าใช้จ่าย ไม่ใช่สินค้า
โมลเดล แบบขึ้นโมล์ด,,,,,,,,สินค้า ไม่มีรหัส — ต้องออกรหัส
กล่องเหล็กกลม,,,,,,,,วัสดุแพ็กเกจ
ไดร์เป่าผม DF1010 (P-02),Gift Set,,DF1010,P-02,,ชื่อ/คำอธิบาย,,มีรหัส แต่ไม่อยู่ในแคตตาล็อกใบราคา
ชุดวิทยุรุ่น H998BT พร้อม SD Card 16GB,,,,,,,,สินค้า ไม่มีรหัส — ต้องออกรหัส
ถ่านชาร์จ,,,,,,,,สินค้า ไม่มีรหัส — ต้องออกรหัส
แฟลชไดร์ฟ USB 3.0 แบบการ์ด,,,,,,,,สินค้า ไม่มีรหัส — ต้องออกรหัส
ไดร์เป่าผม + แปรงหวีผม TMQ1832,Gift Set,,TMQ1832,,,code เปล่า,TMQ1832,ตรงแคตตาล็อก (set)
สั่งทำสีพิเศษ แพนโทน #7474C1,,,,,,,,สินค้า ไม่มีรหัส — ต้องออกรหัส
Umbrella without box 50*280mm,,,,,,,,สินค้า ไม่มีรหัส — ต้องออกรหัส
Horizontal model nonwoven bag 30-40-10cm,,,,,,,,สินค้า ไม่มีรหัส — ต้องออกรหัส
unfold size: 64*42.5cm,,,,,,,,สินค้า ไม่มีรหัส — ต้องออกรหัส
smart finder anti-lost finder,,,,,,,,สินค้า ไม่มีรหัส — ต้องออกรหัส
Key ring (EQYO),,,,,,,,สินค้า ไม่มีรหัส — ต้องออกรหัส
พวงกุญแจ 3D,,,,,,,,สินค้า ไม่มีรหัส — ต้องออกรหัส
ปากกา,Other,,,,,,,สินค้า ไม่มีรหัส — ต้องออกรหัส
ที่วางโทรศัพท์ไม้,Other,,,,,,,สินค้า ไม่มีรหัส — ต้องออกรหัส
ปืนนวด TJM01-1,Gift Set,,TJM01-1,,,code เปล่า,,มีรหัส แต่ไม่อยู่ในแคตตาล็อกใบราคา
Phone Stand,Other,,,,,,,สินค้า ไม่มีรหัส — ต้องออกรหัส
Mini Wireless Charger,Other,,,,,,,สินค้า ไม่มีรหัส — ต้องออกรหัส
แฟลชไดร์ฟดินสอ สั่งทำสีพิเศษ พร้อมพวงกุญแจ,,,,,,,,สินค้า ไม่มีรหัส — ต้องออกรหัส
ชุดของขวัญในกล่องพรีเมี่ยม 2 ชิ้นพร้อมสกรีน,Gift Set,,,,,,,บริการ/ค่าใช้จ่าย ไม่ใช่สินค้า
ร่มใสแบบญี่ปุ่น,,,,,,,,สินค้า ไม่มีรหัส — ต้องออกรหัส
ชุดของขวัญในกล่องพรีเมี่ยม 3 ชิ้นพร้อมสกรีน Model : TTP 00-3,Gift Set,,,,,,,บริการ/ค่าใช้จ่าย ไม่ใช่สินค้า
สกรีนโลโก้ 1 สี 1 ตำแหน่ง,,,,,,,,บริการ/ค่าใช้จ่าย ไม่ใช่สินค้า
พัด,Other,,,,,,,สินค้า ไม่มีรหัส — ต้องออกรหัส
Power Bank,Other,,,,,,,สินค้า ไม่มีรหัส — ต้องออกรหัส
ชุดของขวัญในกล่องพรีเมี่ยม 6 ชิ้น Model : TPY02-6,Gift Set,,TPY02-6,,,code เปล่า,TPY02-6,ตรงแคตตาล็อก (set)
พัดลมขนาดเล็กพกพา หน้าจอดิจิตอล ห้อยคอ,Gift Set,,,,,,,สินค้า ไม่มีรหัส — ต้องออกรหัส
ค่าขนส่ง,,,,,,,,สินค้า ไม่มีรหัส — ต้องออกรหัส
ร่ม,Gift Set,,,,,,,สินค้า ไม่มีรหัส — ต้องออกรหัส
กล่องกระดาษดำ ฝาแยก,,,,,,,,วัสดุแพ็กเกจ
สายชาร์จ 3 หัว และกล่องพร้อมสกรีน,Gift Set,,,,,,,บริการ/ค่าใช้จ่าย ไม่ใช่สินค้า
ปลอกสวมขวดน้ำ,,,,,,,,สินค้า ไม่มีรหัส — ต้องออกรหัส
สายชาร์จ,,,,,,,,สินค้า ไม่มีรหัส — ต้องออกรหัส
กล่องกระดาษมีหน้าต่าง P-01,,,,,,,,วัสดุแพ็กเกจ
เพาเวอร์แบงค์,,,,,,,,สินค้า ไม่มีรหัส — ต้องออกรหัส
แกลอนสีดำ 14 กิโลกรัม,บรรจุภัณฑ์,,,,,,,สินค้า ไม่มีรหัส — ต้องออกรหัส
แกลอนสีดำ 14 กิโลกรัม,บรรจุภัณฑ์,,,,,,,สินค้า ไม่มีรหัส — ต้องออกรหัส
DEB 100,,,,,,,,สินค้า ไม่มีรหัส — ต้องออกรหัส
แบบขึ้นโมล์ด 3D,Other,,,,,,,สินค้า ไม่มีรหัส — ต้องออกรหัส
ชุดของขวัญในกล่องพรีเมี่ยม Business Gift Set ชุด 7 ชิ้น Model : TPT10-,Gift Set,,TPT10-7,,,code เปล่า,TPT10-7,ตรงแคตตาล็อก (set)
แก้วน้ำสูญญากาศ,,,,,,,,สินค้า ไม่มีรหัส — ต้องออกรหัส
ชุดของขวัญในกล่องพรีเมี่ยม 6 ชิ้นพร้อมสกรีน Model : TPC16-6,Gift Set,,TPC16-6,,,code เปล่า,TPC16-6,ตรงแคตตาล็อก (set)
ชุดของขวัญในกล่องพรีเมี่ยม Business Gift Set ชุด 3 ชิ้น Model : TPF29-,Other,,TPF29-3,,,code เปล่า,TPF29-3,ตรงแคตตาล็อก (set)
เพาเวอร์แบงค์ รุ่น A21,,,,,,,,สินค้า ไม่มีรหัส — ต้องออกรหัส
BMW Gift Set,Gift Set,,,,,,,สินค้า ไม่มีรหัส — ต้องออกรหัส
นาฬิกาพกพา,,,,,,,,สินค้า ไม่มีรหัส — ต้องออกรหัส
แก้วเก็บความเย็นสีขาว,,,,,,,,สินค้า ไม่มีรหัส — ต้องออกรหัส
ชุดของขวัญ,,,,,,,,สินค้า ไม่มีรหัส — ต้องออกรหัส
แอลกอฮอล์ 75% แปลงสภาพ บรรจุ 18 ลิตร,แอลกอฮอล์,,,,,,,สินค้า ไม่มีรหัส — ต้องออกรหัส
ชุดของขวัญในกล่องพรีเมี่ยม 7 ชิ้นพร้อมสกรีน Model : TTT00-7,Gift Set,,TTT00-7,,,code เปล่า,TTT00-7,ตรงแคตตาล็อก (set)
แฟ้มการ์ด,Other,,,,,,,สินค้า ไม่มีรหัส — ต้องออกรหัส
ชุดของขวัญในกล่องพรีเมี่ยม Business Gift Set ชุด 5 ชิ้น Model : TGC21-,Gift Set,,TGC21-5,,,code เปล่า,TGC21-5,ตรงแคตตาล็อก (set)
ชุดของขวัญในกล่องพรีเมี่ยม Business Gift Set ชุด 4 ชิ้น Model : FXD00-,Gift Set,,FXD00-3,,,code เปล่า,FXD00-3,ตรงแคตตาล็อก (set)
ชุดของขวัญในกล่องพรีเมี่ยม Business Gift Set ชุด 3 ชิ้น Model : TGC21-,Gift Set,,TGC21-3,,,code เปล่า,TGC21-3,ตรงแคตตาล็อก (set)
ชุดของขวัญในกล่องพรีเมี่ยม Business Gift Set ชุด 4 ชิ้น Model : MZB00-,Gift Set,,MZB00-4,,,code เปล่า,MZB00-4,ตรงแคตตาล็อก (set)
ขวดน้ำสูญญากาศ + ปากกา + แฟลชไดร์ฟ + เพาเวอร์แบงค์ TBF6034,Gift Set,,TBF6034,,,code เปล่า,TBF6034,ตรงแคตตาล็อก (set)
ชุดของขวัญในกล่องพรีเมี่ยม 2 ชิ้นพร้อมสกรีน  TFB00-2,Gift Set,,TFB00-2,,,code เปล่า,,มีรหัส แต่ไม่อยู่ในแคตตาล็อกใบราคา
ถุงกระดาษ,Gift Set,,,,,,,สินค้า ไม่มีรหัส — ต้องออกรหัส
ค่าขนส่ง,ค่าขนส่ง,,,,,,,สินค้า ไม่มีรหัส — ต้องออกรหัส
กระบอกน้ำสูญญากาศ,,,,,,,,สินค้า ไม่มีรหัส — ต้องออกรหัส
พัดลมพกพา,,,,,,,,สินค้า ไม่มีรหัส — ต้องออกรหัส
ชุดของขวัญในกล่องพรีเมี่ยม 2 ชิ้น  TPT00-2,Gift Set,,TPT00-2,,,code เปล่า,TPT00-2,ตรงแคตตาล็อก (set)
แก้วมัค,Gift Set,,,,,,,สินค้า ไม่มีรหัส — ต้องออกรหัส
ป้าย Tag กระเป๋าเดินทาง,,,,,,,,สินค้า ไม่มีรหัส — ต้องออกรหัส
ชุดของขวัญในกล่องพรีเมี่ยม 3 ชิ้น  TPS01- 3,Gift Set,,TPS01,,,code เปล่า,,มีรหัส แต่ไม่อยู่ในแคตตาล็อกใบราคา
เครื่องนวดคอ + เครื่องนวดตา TBH11-2,Gift Set,,TBH11-2,,,code เปล่า,,มีรหัส แต่ไม่อยู่ในแคตตาล็อกใบราคา
ชุดของขวัญในกล่องพรีเมี่ยม 3 ชิ้นพร้อมสกรีน Model : TPS03-3,Gift Set,,TPS03-3,,,code เปล่า,TPS03-3,ตรงแคตตาล็อก (set)
แอลกอฮอล์ 75% แปลงสภาพ บรรจุ 200 ลิตร,แอลกอฮอล์,,,,,,,สินค้า ไม่มีรหัส — ต้องออกรหัส
แอลกอฮอล์ 95% แปลงสภาพ บรรจุ 18 ลิตร,แอลกอฮอล์,,,,,,,สินค้า ไม่มีรหัส — ต้องออกรหัส
แอลกอฮอล์ 95% แปลงสภาพ บรรจุ 200 ลิตร,แอลกอฮอล์,,,,,,,สินค้า ไม่มีรหัส — ต้องออกรหัส
ปากกา,,,,,,,,สินค้า ไม่มีรหัส — ต้องออกรหัส
แอลกอฮอล์ 99% แปลงสภาพ บรรจุตู้ ISO TANK,แอลกอฮอล์,,,,,,,สินค้า ไม่มีรหัส — ต้องออกรหัส
ปากกา,,,,,,,,สินค้า ไม่มีรหัส — ต้องออกรหัส
ปากกา,,,,,,,,สินค้า ไม่มีรหัส — ต้องออกรหัส
ปากกา,,,,,,,,สินค้า ไม่มีรหัส — ต้องออกรหัส
แอลกอฮอล์ 99% แปลงสภาพ บรรจุ 5 ลิตร,แอลกอฮอล์,,,,,,,สินค้า ไม่มีรหัส — ต้องออกรหัส
ปากกา,,,,,,,,สินค้า ไม่มีรหัส — ต้องออกรหัส
แอลกอฮอล์ 99% แปลงสภาพ บรรจุ 200 ลิตร,แอลกอฮอล์,,,,,,,สินค้า ไม่มีรหัส — ต้องออกรหัส
แอลกอฮอล์ 99% แปลงสภาพ บรรจุ 18 ลิตร,แอลกอฮอล์,,,,,,,สินค้า ไม่มีรหัส — ต้องออกรหัส
แอลกอฮอล์ 96% แปลงสภาพ บรรจุ 18 ลิตร,แอลกอฮอล์,,,,,,,สินค้า ไม่มีรหัส — ต้องออกรหัส
ชุดของขวัญในกล่องพรีเมี่ยม Business Gift Set ชุด 2 ชิ้น Model : TPF09-,Other,,TPF09-2,,,code เปล่า,TPF09-2,ตรงแคตตาล็อก (set)
น้ำมันหอมระเหยปรับอากาศ,Other,,,,,,,สินค้า ไม่มีรหัส — ต้องออกรหัส
ชุดของขวัญในกล่องพรีเมี่ยม Business Gift Set ชุด 3 ชิ้น Model : TTT15-,Other,,TTT15-3,,,code เปล่า,TTT15-3,ตรงแคตตาล็อก (set)
ชุดของขวัญในกล่องพรีเมี่ยม Business Gift Set ชุด 7 ชิ้น Model : FXD881,Gift Set,,FXD8816,,,code เปล่า,FXD8816,ตรงแคตตาล็อก (set)
แอลกอฮอล์ 96% แปลงสภาพ บรรจุ 200 ลิตร,แอลกอฮอล์,,,,,,,สินค้า ไม่มีรหัส — ต้องออกรหัส
แอลกอฮอล์ 96% แปลงสภาพ บรรจุ 5 ลิตร,แอลกอฮอล์,,,,,,,สินค้า ไม่มีรหัส — ต้องออกรหัส
แอลกอฮอล์ 96% แปลงสภาพ บรรจุตู้ ISO TANK,แอลกอฮอล์,,,,,,,สินค้า ไม่มีรหัส — ต้องออกรหัส
เพาเวอร์แบงค์,,,,,,,,สินค้า ไม่มีรหัส — ต้องออกรหัส
แก้ว,,,,,,,,สินค้า ไม่มีรหัส — ต้องออกรหัส
ชุดของขวัญในกล่องพรีเมี่ยม Business Gift Set ชุด 4 ชิ้น Model : TPF703,Gift Set,,TPF7034,,,code เปล่า,TPF7034,ตรงแคตตาล็อก (set)
ปืนนวด พร้อมกล่องของขวัญ,,,,,,,,วัสดุแพ็กเกจ
ชุดของขวัญในกล่องพรีเมี่ยม Business Gift Set ชุด 3 ชิ้น Model : FXD37-,Gift Set,,FXD37-3,,,code เปล่า,FXD37-3,ตรงแคตตาล็อก (set)
ชุดของขวัญในกล่องพรีเมี่ยม 3 ชิ้น  TPY01-3,Gift Set,,TPY01-3,,,code เปล่า,TPY01-3,ตรงแคตตาล็อก (set)
T002,,,,,,,,สินค้า ไม่มีรหัส — ต้องออกรหัส
D001,,,,,,,,สินค้า ไม่มีรหัส — ต้องออกรหัส
ลำโพงบลูทูธ,,,,,,,,สินค้า ไม่มีรหัส — ต้องออกรหัส
ชุดของขวัญในกล่องพรีเมี่ยม 4 ชิ้น  TPM00-4,Gift Set,,TPM00-4,,,code เปล่า,,มีรหัส แต่ไม่อยู่ในแคตตาล็อกใบราคา
ชุดของขวัญในกล่องพรีเมี่ยม 2 ชิ้น  TPH00-2,Gift Set,,TPH00-2,,,code เปล่า,,มีรหัส แต่ไม่อยู่ในแคตตาล็อกใบราคา
Wireless Notebook สมุดบันทึกอัจฉริยะ Model : TNW08-0,,,TNW08-0,,,code เปล่า,,มีรหัส แต่ไม่อยู่ในแคตตาล็อกใบราคา
แก้วมัค + เครื่องนวดคอ  TTT06-2,Gift Set,,TTT06-2,,,code เปล่า,TTT06-2,ตรงแคตตาล็อก (set)
ชุดของขวัญในกล่องพรีเมี่ยม 4 ชิ้นพร้อมสกรีน Model : TLD0-5,Gift Set,,TLD0-5,,,code เปล่า,TLD0--5,ตรงหลัง normalize ขีด (set)
ชุดสายชาร์จ,,,,,,,,สินค้า ไม่มีรหัส — ต้องออกรหัส
ชุดตะเกียบไม้,,,,,,,,สินค้า ไม่มีรหัส — ต้องออกรหัส
ชุดของขวัญในกล่องพรีเมี่ยม 6 ชิ้นพร้อมสกรีน Model : TPC0(1)-6,Gift Set,,TPC0,,,code เปล่า,,มีรหัส แต่ไม่อยู่ในแคตตาล็อกใบราคา
ชุดของขวัญในกล่องพรีเมี่ยม 4 ชิ้น  TBT00-4,Gift Set,,TBT00-4,,,code เปล่า,,มีรหัส แต่ไม่อยู่ในแคตตาล็อกใบราคา
ชุดของขวัญในกล่องพรีเมี่ยม 3 ชิ้น TGC10-3,,,TGC10-3,,,code เปล่า,TGC10-3,ตรงแคตตาล็อก (set)
ชุดของขวัญในกล่องพรีเมี่ยม 3 ชิ้น S-KB002,,,KB002,,,code เปล่า,,มีรหัส แต่ไม่อยู่ในแคตตาล็อกใบราคา
ชุดจักระ,,,,,,,,สินค้า ไม่มีรหัส — ต้องออกรหัส
ค่าบล็อคขึ้นโมลด์ใหม่,,,,,,,,สินค้า ไม่มีรหัส — ต้องออกรหัส
ชุดของขวัญในกล่องพรีเมี่ยม 6 ชิ้น  TBT01-6,Gift Set,,TBT01-6,,,code เปล่า,,มีรหัส แต่ไม่อยู่ในแคตตาล็อกใบราคา
ชุดของขวัญในกล่องพรีเมี่ยม ชุด 6 ชิ้น Model : FXD19-5,Gift Set,,FXD19-5,,,code เปล่า,FXD19-5,ตรงแคตตาล็อก (set)
ชุดของขวัญในกล่องพรีเมี่ยม 7 ชิ้นพร้อมสกรีน Model : TPC01-7,Gift Set,,TPC01-7,,,code เปล่า,TPC01-7,ตรงแคตตาล็อก (set)
ชุดของขวัญในกล่องพรีเมี่ยม 7 ชิ้นพร้อมสกรีน Model : TDP10-7,Gift Set,,TDP10-7,,,code เปล่า,,มีรหัส แต่ไม่อยู่ในแคตตาล็อกใบราคา
ถังพลาสติกขนาด 200 ลิตร,บรรจุภัณฑ์,,,,,,,สินค้า ไม่มีรหัส — ต้องออกรหัส
คอร์สปลดล็อกจักระ,,,,,,,,สินค้า ไม่มีรหัส — ต้องออกรหัส
ชุดของขวัญในกล่องพรีเมี่ยม พร้อมสกรีน Model : TGC10-7,Gift Set,TGC10-7,TGC10-7,,,code เปล่า,TGC10-7,ตรงแคตตาล็อก (set)
ชุดของขวัญในกล่องพรีเมี่ยม Model : FXD1y-4,Gift Set,,,,,,,วัสดุแพ็กเกจ
ชุดของขวัญในกล่องพรีเมี่ยม พร้อมสกรีน Model : TCS30-3,Gift Set,,TCS30-3,,,code เปล่า,TCS30-3,ตรงแคตตาล็อก (set)
ชุดของขวัญในกล่องพรีเมี่ยม Model : TCS40-3,Gift Set,,TCS40-3,,,code เปล่า,TCS40-3,ตรงแคตตาล็อก (set)
ชุดของขวัญในกล่องพรีเมี่ยม 6 ชิ้นพร้อมสกรีน Model : TCZ0033,Gift Set,,TCZ0033,,,code เปล่า,TCZ0033,ตรงแคตตาล็อก (set)
ค่าจัดส่ง,,,,,,,,บริการ/ค่าใช้จ่าย ไม่ใช่สินค้า
.แผ่นรอง notebook - ขนาด 60 x 29.8 ซม,,,,,,,,สินค้า ไม่มีรหัส — ต้องออกรหัส
หมอนผ้าห่ม,Gift Set,,,,,,,สินค้า ไม่มีรหัส — ต้องออกรหัส
ปากกาลูกลื่น,,,,,,,,สินค้า ไม่มีรหัส — ต้องออกรหัส
กระเป้าผ้าแคนวาสสีดำ สายในตัว,,,,,,,,สินค้า ไม่มีรหัส — ต้องออกรหัส
กระเป๋าผ้าแคนวาสสีดำ สายในตัว,,,,,,,,สินค้า ไม่มีรหัส — ต้องออกรหัส
ถุงผ้าสปันบอนด์,,,,,,,,วัสดุแพ็กเกจ
ชุดของขวัญในกล่องพรีเมี่ยม 4 ชิ้น TBQ04-4,Gift Set,,TBQ04-4,,,code เปล่า,,มีรหัส แต่ไม่อยู่ในแคตตาล็อกใบราคา
กระเป๋ากระสอบพิมพ์ลายเจิดจ้า,,,,,,,,สินค้า ไม่มีรหัส — ต้องออกรหัส
ชุดของขวัญในกล่องพรีเมี่ยม 4 ชิ้นพร้อมสกรีน Model : TPC14-4,Gift Set,,TPC14-4,,,code เปล่า,TPC14-4,ตรงแคตตาล็อก (set)
ชุดของขวัญ 2 ชื้น  QZA00-3,,,QZA00-3,,,code เปล่า,QZA00-3,ตรงแคตตาล็อก (set)
Flash Drive USB 2.0 Mascot,,,,,,,,สินค้า ไม่มีรหัส — ต้องออกรหัส
ชุดของขวัญในกล่องพรีเมี่ยม  2 ชิ้น Model : FXD22-2,Gift Set,,FXD22-2,,,code เปล่า,FXD22-2,ตรงแคตตาล็อก (set)
ผ้าขนหนูหมี + เครื่องนวดคอ + ถ้วยสูญญากาศ   TXH2763,Gift Set,,TXH2763,,,code เปล่า,,มีรหัส แต่ไม่อยู่ในแคตตาล็อกใบราคา
ชุดของขวัญในกล่องพรีเมี่ยม 6 ชิ้น  TPY00-6,,,TPY00-6,,,code เปล่า,TPY00-6,ตรงแคตตาล็อก (set)
ชุดของขวัญในกล่องพรีเมี่ยม 2 ชิ้น  TPD00-2,Gift Set,,TPD00-2,,,code เปล่า,TPD00-2,ตรงแคตตาล็อก (set)
ปลั๊กไฟ,,,,,,,,สินค้า ไม่มีรหัส — ต้องออกรหัส
แก้วน้ำสแตนเลส รุ่น MG 2323,,,,,,,,สินค้า ไม่มีรหัส — ต้องออกรหัส
Power Bank Eloop รุ่น E12 PRO,,,,,,,,สินค้า ไม่มีรหัส — ต้องออกรหัส
เพาเวอร์แบงค์ 10000 mah รุ่น PD-20,,,,,,,,สินค้า ไม่มีรหัส — ต้องออกรหัส
ชุดของขวัญในกล่องพรีเมี่ยม 2 ชิ้น Model : TTT18-2,Gift Set,,TTT18-2,,,code เปล่า,TTT18-2,ตรงแคตตาล็อก (set)
ชุดของขวัญในกล่องพรีเมี่ยม 3 ชิ้น Model:TDS04-3,,,TDS04-3,,,code เปล่า,TDS04-3,ตรงแคตตาล็อก (set)
ชุดของขวัญในกล่องพรีเมี่ยม 2 ชิ้น Model : TTT17-2,Gift Set,,TTT17-2,,,code เปล่า,TTT17-2,ตรงแคตตาล็อก (set)
ชุดของขวัญในกล่องพรีเมี่ยม 4 ชิ้น Model : TGC21-4,,,TGC21-4,,,code เปล่า,TGC21-4,ตรงแคตตาล็อก (set)
หนังสือ 7 วัน 7 จักระ,,,,,,,,สินค้า ไม่มีรหัส — ต้องออกรหัส
กระเป๋า SmartBag-449,,,,,,,,สินค้า ไม่มีรหัส — ต้องออกรหัส
พัดลม mini fan,Gift Set,,,,,,,สินค้า ไม่มีรหัส — ต้องออกรหัส
จี้คริสตัล (1),,,,,,,,สินค้า ไม่มีรหัส — ต้องออกรหัส
ชุดเรขาคณิตจัดเซ็ต 8 ชิ้น,,,,,,,,สินค้า ไม่มีรหัส — ต้องออกรหัส
ชุดของขวัญในกล่องพรีเมี่ยม 3 ชิ้น  THY01-3,Gift Set,,THY01-3,,,code เปล่า,THY01-3,ตรงแคตตาล็อก (set)
ชุดของขวัญในกล่องพรีเมี่ยม 2 ชิ้นพร้อมสกรีน Model : TDP10-2,Gift Set,,TDP10-2,,,code เปล่า,,มีรหัส แต่ไม่อยู่ในแคตตาล็อกใบราคา
ชุดของขวัญ 3 ชิ้น Model : BMW Gift Set,,,,,,,,สินค้า ไม่มีรหัส — ต้องออกรหัส
ชุดของขวัญในกล่องพรีเมี่ยม 3 ชิ้นพร้อมสกรีน  TSS01-3,Gift Set,,TSS01-3,,,code เปล่า,TSS01-3,ตรงแคตตาล็อก (set)
ชุดของขวัญในกล่องพรีเมี่ยม 2 ชิ้นพร้อมสกรีน Model : TLD0-2,Gift Set,,TLD0-2,,,code เปล่า,TLD0--2,ตรงหลัง normalize ขีด (set)
Rechargeable backpack,,,,,,,,สินค้า ไม่มีรหัส — ต้องออกรหัส
สติ๊กเกอร์,,,,,,,,สินค้า ไม่มีรหัส — ต้องออกรหัส
ชุดของขวัญในกล่องพรีเมี่ยม 7 ชิ้น TBC4117,,,TBC4117,,,code เปล่า,TBC4117,ตรงแคตตาล็อก (single)
แอลกอฮอล์ 75% แปลงสภาพ บรรจุ 5 ลิตร,แอลกอฮอล์,,,,,,,สินค้า ไม่มีรหัส — ต้องออกรหัส
ปลั๊กแปลงอเนกประสงค์ใช้ได้ทุกที่มาพร้อม Type-C ชาร์จเร็ว AWEI Model :C,,,,,,,,สินค้า ไม่มีรหัส — ต้องออกรหัส
เครื่องนวดคอ บรรจุกล่องมาตรฐาน Model:DY0000,,,DY0000,,,code เปล่า,,มีรหัส แต่ไม่อยู่ในแคตตาล็อกใบราคา
กระเป๋าเป้ Backpack USB Charger Model-K9590W-A,,,,,,,,สินค้า ไม่มีรหัส — ต้องออกรหัส
ที่ใส่นามบัตรสแตนเลส สกรีน Logo WD copy เคส External Hard disk,,,,,,,,บริการ/ค่าใช้จ่าย ไม่ใช่สินค้า
ขาตั้งโทรศัพท์มือถือพร้อมที่ใส่บัตร,,,,,,,,สินค้า ไม่มีรหัส — ต้องออกรหัส
ชุดของขวัญในกล่องพรีเมี่ยม พร้อมสกรีน Model : S-KB-003,,,,,,,,บริการ/ค่าใช้จ่าย ไม่ใช่สินค้า
เครื่องนวดคอ บรรจุกล่องมาตรฐาน Model:DY000,,,DY000,,,code เปล่า,,มีรหัส แต่ไม่อยู่ในแคตตาล็อกใบราคา
ชุดของขวัญในกล่องพรีเมี่ยม 3 ชิ้น Model:TBC21-3,,,TBC21-3,,,code เปล่า,,มีรหัส แต่ไม่อยู่ในแคตตาล็อกใบราคา
ชุดของขวัญในกล่องพรีเมี่ยม 3 ชิ้น Model:MZA02-3,,,MZA02-3,,,code เปล่า,MZA02-3,ตรงแคตตาล็อก (set)
ชุดของขวัญในกล่องพรีเมี่ยม  3 ชิ้น Model :TBP09-3,,,TBP09-3,,,code เปล่า,TBP09-3,ตรงแคตตาล็อก (set)
แฟลชไดร์ฟ USB 2.0 Model:AZ3943,,,AZ3943,,,code เปล่า,,มีรหัส แต่ไม่อยู่ในแคตตาล็อกใบราคา
แฟลชไดร์ฟ USB 2.0 Model : AZ3943,,,AZ3943,,,code เปล่า,,มีรหัส แต่ไม่อยู่ในแคตตาล็อกใบราคา
แฟลชไดร์ฟ USB 2.0 Model : AZ3955,,,AZ3955,,,code เปล่า,,มีรหัส แต่ไม่อยู่ในแคตตาล็อกใบราคา
กระเป๋าผ้า C2ET,,,,,,,,สินค้า ไม่มีรหัส — ต้องออกรหัส
Multi-Functional Box Wireless Charger Kit,,,,,,,,สินค้า ไม่มีรหัส — ต้องออกรหัส
Mouse pad,,,,,,,,สินค้า ไม่มีรหัส — ต้องออกรหัส
IT Golden Set ชุดของขวัญในกล่องพรีเมี่ยม พร้อมสกรีน Model : S-KB-005,,,,,,,,บริการ/ค่าใช้จ่าย ไม่ใช่สินค้า
กระเป๋าเป้พร้อมสายชาร์จยูเอสบี Model-K9326W-1,,,,,,,,สินค้า ไม่มีรหัส — ต้องออกรหัส
เครื่องฆ่าเชื้อบนโต๊ะอาหารอเนกประสงค์แบบพกพา: รุ่น: MPH-KG-1061,,,,,,,,สินค้า ไม่มีรหัส — ต้องออกรหัส
ที่ชาร์จพร้อมกล่อง,,,,,,,,วัสดุแพ็กเกจ
ค่าโมล์ดโรงพิมพ์กระดาษ,,,,,,,,สินค้า ไม่มีรหัส — ต้องออกรหัส
กล่องแพ็คเกจ,,,,,,,,วัสดุแพ็กเกจ
หูฟังไร้สายรุ่น Ultrapods Max,,,,,,,,สินค้า ไม่มีรหัส — ต้องออกรหัส
ชุดของขวัญในกล่องพรีเมี่ยม  2 ชิ้น Model:TPD01-2,,,TPD01-2,,,code เปล่า,TPD01-2,ตรงแคตตาล็อก (set)
ชุดของขวัญในกล่องพรีเมี่ยม  7 ชิ้น Model :TPF0(1)3-7,,,TPF0,,,code เปล่า,,มีรหัส แต่ไม่อยู่ในแคตตาล็อกใบราคา
Power Bank 3D,,,,,,,,สินค้า ไม่มีรหัส — ต้องออกรหัส
ชุดของขวัญในกล่องพรีเมี่ยม  3 ชิ้น Model :FXD05-0,,,FXD05-0,,,code เปล่า,FXD05-0,ตรงแคตตาล็อก (set)
หูฟังไร้สาย บลูทูธคล้องหู รุ่นสปอร์ตพรีเมียม,,,,,,,,สินค้า ไม่มีรหัส — ต้องออกรหัส
แว่นกันลม วัสดุ PC 30 Grams พร้อมสกรีน 1 สี และกระเป๋าใส่แว่นพลาสติกพร,,,,,,,,บริการ/ค่าใช้จ่าย ไม่ใช่สินค้า
ชุดของขวัญในกล่องพรีเมี่ยม  2 ชิ้น Model :TSS01-2,,,TSS01-2,,,code เปล่า,TSS01-2,ตรงแคตตาล็อก (set)
ชุดของขวัญในกล่องพรีเมี่ยม  6 ชิ้น Model :TPY00-6,,,TPY00-6,,,code เปล่า,TPY00-6,ตรงแคตตาล็อก (set)
แฟ้มใส่เอกสาร,,,,,,,,สินค้า ไม่มีรหัส — ต้องออกรหัส
ค่าสินค้า,,,,,,,,สินค้า ไม่มีรหัส — ต้องออกรหัส
สมุดโน้ตพร้อมโพสต์อิทและปากกา ปกกระดาษคราฟท์,,,,,,,,สินค้า ไม่มีรหัส — ต้องออกรหัส
แอลกอฮอล์ 75% แปลงสภาพ บรรจุ 20 ลิตร,แอลกอฮอล์,,,,,,,สินค้า ไม่มีรหัส — ต้องออกรหัส
ชุดของขวัญในกล่องพรีเมี่ยม 2 ชิ้นพร้อมสกรีน Model : TLD0--2,,,TLD0--2,,,code เปล่า,TLD0--2,ตรงแคตตาล็อก (set)
ปลอกขวดเบียร์แบบยืด,,,,,,,,สินค้า ไม่มีรหัส — ต้องออกรหัส
กระเป๋าใส่ของ แบบมีหูหิ้ว,,,,,,,,สินค้า ไม่มีรหัส — ต้องออกรหัส
Headphone case ขนาด 7.5 x 7.5 x 3 cm,,,,,,,,สินค้า ไม่มีรหัส — ต้องออกรหัส
Multifunctiom Fan  Modei:TWP02-2,,,TWP02-2,,,code เปล่า,,มีรหัส แต่ไม่อยู่ในแคตตาล็อกใบราคา
ขวดน้ำพกพา Model : UC-11,,,,,,,,สินค้า ไม่มีรหัส — ต้องออกรหัส
ชุดของขวัญในกล่องพรีเมี่ยม 2 ชิ้น TCS20-2,,,TCS20-2,,,code เปล่า,TCS20-2,ตรงแคตตาล็อก (set)
กล่องกระดาษแบบแพจเกจพิเศษ,,,,,,,,วัสดุแพ็กเกจ
ชุดของขวัญในกล่องพรีเมี่ยม 7 ชิ้น Model :S-KB-001,,,,,,,,วัสดุแพ็กเกจ
พัดลมขนาดเล็กพกพา หน้าดิจิตอล ห้อยคอได้ ลมแรง เสียงเบา Model : FAN-900,,,,,,,,สินค้า ไม่มีรหัส — ต้องออกรหัส
ค่าสินค้า (เพิ่มเติม),,,,,,,,สินค้า ไม่มีรหัส — ต้องออกรหัส
Power Bank,,,,,,,,สินค้า ไม่มีรหัส — ต้องออกรหัส
ค่าสินค้า(เพิ่มเติม),,,,,,,,สินค้า ไม่มีรหัส — ต้องออกรหัส
Wireless Notebook สมุดบันทึกอัจฉริยะ Powerbank ชาร์ตไฟแบบไร้สาย และหลอ,,,TNW08-0,,,code เปล่า,,มีรหัส แต่ไม่อยู่ในแคตตาล็อกใบราคา
กล่อง blister,บรรจุภัณฑ์,,,,,,,วัสดุแพ็กเกจ
กระเป๋าตาข่ายเอนกประสงค์ (แบบสั่งทำพิเศษ),,,,,,,,สินค้า ไม่มีรหัส — ต้องออกรหัส
กระเป๋าใส่โทรศัพท์มือถือแบบนุ่ม อุ่นมือ,,,,,,,,สินค้า ไม่มีรหัส — ต้องออกรหัส
ค่าผลิตตัวอย่าง,,,,,,,,สินค้า ไม่มีรหัส — ต้องออกรหัส
กระเป๋าสะพายใส่โทรศัพท์มือถือ,,,,,,,,สินค้า ไม่มีรหัส — ต้องออกรหัส
Wireless Notebook สมุดบันทึกอัจฉริยะ Powerbank ชาร์ตไฟแบบไร้สาย ปากกา,,,,,,,,สินค้า ไม่มีรหัส — ต้องออกรหัส
Power Bank เพาเวอร์แบงค์ไร้สาย Model:P-14,,,,,,,,สินค้า ไม่มีรหัส — ต้องออกรหัส
ค่าโมล์ด,,,,,,,,สินค้า ไม่มีรหัส — ต้องออกรหัส
ไฟฉายอเนกประสงค์,,,,,,,,สินค้า ไม่มีรหัส — ต้องออกรหัส
เพาเวอร์แบงค์ 4 in 1 หน้าจอ digital,,,,,,,,สินค้า ไม่มีรหัส — ต้องออกรหัส
ชุดของขวัญในกล่องพรีเมี่ยม 2 ชิ้นพร้อมสกรีน  Model :FXD22-2(1),,,FXD22-2,,,code เปล่า,FXD22-2,ตรงแคตตาล็อก (set)
หมวกทรงบักเก็ต (Bucket Hat),,,,,,,,สินค้า ไม่มีรหัส — ต้องออกรหัส
ถุงผ้าพรีเมียม (Tote Bag),,,,,,,,วัสดุแพ็กเกจ
ถุงผ้าพรีเมียม (Tote Bag),,,,,,,,วัสดุแพ็กเกจ
โคมไฟ 2 in 1 โคมไฟและที่ชาร์จแบตเตอร์ไร้สายในตัวเดียวกัน Model :Lamp :,,,,,,,,สินค้า ไม่มีรหัส — ต้องออกรหัส
ชุดของขวัญในกล่องพรีเมี่ยม  3 ชิ้น Model :QZA03-3,,,QZA03-3,,,code เปล่า,QZA03-3,ตรงแคตตาล็อก (set)
"Power Bank 10,000 mAh พร้อมสายครบในตัว",,,,,,,,สินค้า ไม่มีรหัส — ต้องออกรหัส
"Power Bank 10,000 mAh – รุ่นสีขาว (White Model)",,,,,,,,สินค้า ไม่มีรหัส — ต้องออกรหัส
"1TB EXTERNAL HDD 2.5"" TOSHIBA",,,,,,,,สินค้า ไม่มีรหัส — ต้องออกรหัส
"1 TB EXTERNAL HDD 2.5"" WD ELEMENTS PORTABLE",,,,,,,,สินค้า ไม่มีรหัส — ต้องออกรหัส
กระเป๋าผ้ากระสอบ (Jute Tote Bag),,,,,,,,สินค้า ไม่มีรหัส — ต้องออกรหัส
กระเป๋าผ้าหูรูดผสมแคนวาส–กระสอบ (Jute Drawstring Bag),,,,,,,,สินค้า ไม่มีรหัส — ต้องออกรหัส
ชุดของขวัญในกล่องพรีเมี่ยม  1 ชิ้น Model :TBY17-1,,,TBY17-1,,,code เปล่า,TBY17-1,ตรงแคตตาล็อก (single)
ชุดของขวัญในกล่องพรีเมี่ยม  2 ชิ้น Model :FXD35-2,,,FXD35-2,,,code เปล่า,FXD35-2,ตรงแคตตาล็อก (set)
ชุดของขวัญในกล่องพรีเมี่ยม  2 ชิ้น Model :FXD35-2(1),,,FXD35-2,,,code เปล่า,FXD35-2,ตรงแคตตาล็อก (set)
ชุดของขวัญในกล่องพรีเมี่ยม  4 ชิ้น Model :TTT07-4,,,TTT07-4,,,code เปล่า,TTT07-4,ตรงแคตตาล็อก (set)
ชุดของขวัญในกล่องพรีเมี่ยม  7  ชิ้น Model :TPF13-7,,,TPF13-7,,,code เปล่า,TPF13-7,ตรงแคตตาล็อก (set)
ชุดของขวัญในกล่องพรีเมี่ยม  3 ชิ้น Model : TPF29-3,,,TPF29-3,,,code เปล่า,TPF29-3,ตรงแคตตาล็อก (set)
กระเป๋าเดินทาง 2in 1 มีเพาเวอร์แบงค์ชาร์จไฟได้ Model : Lag-9001,,,,,,,,สินค้า ไม่มีรหัส — ต้องออกรหัส
Magnetic Wireless Charging เพาเวอร์แบงค์ magnet ชาร์จไร้สาย ความเร็วสู,,,,,,,,สินค้า ไม่มีรหัส — ต้องออกรหัส
ชุดของขวัญในกล่องพรีเมี่ยม  4 ชิ้น Model :MZB00-4,,,MZB00-4,,,code เปล่า,MZB00-4,ตรงแคตตาล็อก (set)
ชุดของขวัญในกล่องพรีเมี่ยม  2 ชิ้น Model :TFB00-2,,,TFB00-2,,,code เปล่า,,มีรหัส แต่ไม่อยู่ในแคตตาล็อกใบราคา
ชุดของขวัญ 2 ชิ้น Model : TBX0--2,,,TBX0--2,,,code เปล่า,TBX0--2,ตรงแคตตาล็อก (set)
ชุดของขวัญในกล่องพรีเมี่ยม  2 ชิ้น Model :TPF09-2,,,TPF09-2,,,code เปล่า,TPF09-2,ตรงแคตตาล็อก (set)
ปลอกยาดม,,,,,,,,สินค้า ไม่มีรหัส — ต้องออกรหัส
สมุด,,,,,,,,สินค้า ไม่มีรหัส — ต้องออกรหัส
แก้วกาแฟฟางข้าวสาลี ทำจากวัสดุธรรมชาติ สกรีนโลโก้ Model : ECO-801,,,,,,,,บริการ/ค่าใช้จ่าย ไม่ใช่สินค้า
มัลติฟังก์ชั่น เครื่องชาร์จโทรศัพท์ไร้สาย + กล่องฆ่าเชื้อโรค + นาฬิกา ,,,M6025Q,,,เลขรุ่นในชื่อ,,มีรหัส แต่ไม่อยู่ในแคตตาล็อกใบราคา
ชุดของขวัญในกล่องพรีเมี่ยม  2 ชิ้น Model :TGC08-2,,,TGC08-2,,,code เปล่า,TGC08-2,ตรงแคตตาล็อก (set)
ชุดของขวัญในกล่องพรีเมี่ยม 3 ชิ้น Model :TPH00-3,,,TPH00-3,,,code เปล่า,TPH00-3,ตรงแคตตาล็อก (set)
ชุดของขวัญในกล่องพรีเมี่ยม  2 ชิ้น Model :TPS00-2,,,TPS00-2,,,code เปล่า,TPS00-2,ตรงแคตตาล็อก (set)
ถุงผ้าสปันด์สีดำ,,,,,,,,วัสดุแพ็กเกจ
ชุดของขวัญในกล่องพรีเมี่ยม  1 ชิ้น Model : BT00-0 TBT12-0,,,BT00-0,,,code เปล่า,,มีรหัส แต่ไม่อยู่ในแคตตาล็อกใบราคา
ร่มกอล์ฟ,,,,,,,,สินค้า ไม่มีรหัส — ต้องออกรหัส
ชุดของขวัญในกล่องพรีเมี่ยม  3 ชิ้น Model :TYD0363,,,TYD0363,,,code เปล่า,TYD0363,ตรงแคตตาล็อก (set)
ชุดของขวัญในกล่องพรีเมี่ยม  2 ชิ้น Model :TFS18-2,,,TFS18-2,,,code เปล่า,TFS18-2,ตรงแคตตาล็อก (set)
ชุดของขวัญในกล่องพรีเมี่ยม  2 ชิ้น Model :TPC00-2,,,TPC00-2,,,code เปล่า,TPC00-2,ตรงแคตตาล็อก (set)
แม่เหล็กติดตู้เย็น (Magnet),,,,,,,,สินค้า ไม่มีรหัส — ต้องออกรหัส
MagSafe Power Bank (Fast Charge),,,,,,,,สินค้า ไม่มีรหัส — ต้องออกรหัส
แม่เหล็กติดตู้เย็นแบบกระดาษ (Paper Fridge Magnet),,,,,,,,สินค้า ไม่มีรหัส — ต้องออกรหัส
แม่เหล็กติดตู้เย็นแบบกระดาษ (Paper Fridge Magnet),,,,,,,,สินค้า ไม่มีรหัส — ต้องออกรหัส
ร่ม,,,,,,,,สินค้า ไม่มีรหัส — ต้องออกรหัส
ชุดของขวัญในกล่องพรีเมี่ยม  2 ชิ้น Model :TMQ1832,,,TMQ1832,,,code เปล่า,TMQ1832,ตรงแคตตาล็อก (set)
ชุดของขวัญในกล่องพรีเมี่ยม  5 ชิ้น Model :TJP00-5,,,TJP00-5,,,code เปล่า,TJP00-5,ตรงแคตตาล็อก (set)
ชุดของขวัญในกล่องพรีเมี่ยม  3 ชิ้น Model :TFS15-3,,,TFS15-3,,,code เปล่า,TFS15-3,ตรงแคตตาล็อก (set)
คอร์สออนไลน์จักระบำบัด,,,,,,,,สินค้า ไม่มีรหัส — ต้องออกรหัส
สายคล้องบัตร +โยโย่ + กรอบ,,,,,,,,สินค้า ไม่มีรหัส — ต้องออกรหัส
"ชุดของขวัญในกล่องพรีเมี่ยม  4 ชิ้น Model :TPC01-4,TPC11-4",,,TPC01-4,,,code เปล่า,,มีรหัส แต่ไม่อยู่ในแคตตาล็อกใบราคา
ชุดของขวัญในกล่องพรีเมี่ยม  3 ชิ้น Model :MZA00-3,,,MZA00-3,,,code เปล่า,MZA00-3,ตรงแคตตาล็อก (set)
หูฟังไร้สาย TWS i12 : Model-EP08,,,EP08,,,code เปล่า,,มีรหัส แต่ไม่อยู่ในแคตตาล็อกใบราคา
ชุดของขวัญในกล่องพรีเมี่ยม  2 ชิ้น Model :TTT13-2,,,TTT13-2,,,code เปล่า,TTT13-2,ตรงแคตตาล็อก (set)
ชุดของขวัญในกล่องพรีเมี่ยม  2 ชิ้น Model :TFS17-2,,,TFS17-2,,,code เปล่า,TFS17-2,ตรงแคตตาล็อก (set)
ชุดของขวัญในกล่องพรีเมี่ยม  2 ชิ้น Model : TTT14-2,,,TTT14-2,,,code เปล่า,TTT14-2,ตรงแคตตาล็อก (set)
ชุดของขวัญในกล่องพรีเมี่ยม  3 ชิ้น Model :TPC00-3,,,TPC00-3,,,code เปล่า,TPC00-3,ตรงแคตตาล็อก (set)
ชุดของขวัญในกล่องพรีเมี่ยม  3 ชิ้น Model :TPB01-3,,,TPB01-3,,,code เปล่า,,มีรหัส แต่ไม่อยู่ในแคตตาล็อกใบราคา
ชุดของขวัญในกล่องพรีเมี่ยม  3 ชิ้น Model :TBJ04-3,,,TBJ04-3,,,code เปล่า,TBJ04-3,ตรงแคตตาล็อก (set)
ชุดของขวัญในกล่องพรีเมี่ยม  3 ชิ้น Model :TPB01-3(1),,,TPB01-3,,,code เปล่า,,มีรหัส แต่ไม่อยู่ในแคตตาล็อกใบราคา
ชุดของขวัญในกล่องพรีเมี่ยม  7 ชิ้น Model :TPC00-7,,,TPC00-7,,,code เปล่า,,มีรหัส แต่ไม่อยู่ในแคตตาล็อกใบราคา
ชุดของขวัญในกล่องพรีเมี่ยม  2 ชิ้น Model :FXD66-2,,,FXD66-2,,,code เปล่า,FXD66-2,ตรงแคตตาล็อก (set)
ชุดของขวัญในกล่องพรีเมี่ยม 2 ชิ้น Model :TSPS3-2,,,TSPS3-2,,,code เปล่า,TSPS3-2,ตรงแคตตาล็อก (set)
ชุดของขวัญในกล่องพรีเมี่ยม  5 ชิ้น Model :TPF14-5,,,TPF14-5,,,code เปล่า,TPF14-5,ตรงแคตตาล็อก (set)
กระเป๋าหิ้ว,,,,,,,,สินค้า ไม่มีรหัส — ต้องออกรหัส
ชุดของขวัญในกล่องพรีเมี่ยม  1 ชิ้น Model :MZA02-2,,,MZA02-2,,,code เปล่า,MZA02-2,ตรงแคตตาล็อก (set)
ชุดของขวัญในกล่องพรีเมี่ยม 2 ชิ้นพร้อมสกรีน Model : TLD0--2,,,TLD0--2,,,code เปล่า,TLD0--2,ตรงแคตตาล็อก (set)
กล่องสวม,,,,,,,,วัสดุแพ็กเกจ
ชุดของขวัญในกล่องพรีเมี่ยม  5 ชิ้น Model :TGC21-5,,,TGC21-5,,,code เปล่า,TGC21-5,ตรงแคตตาล็อก (set)
ชุดของขวัญในกล่องพรีเมี่ยม  2 ชิ้น Model :TSB02-2,,,TSB02-2,,,code เปล่า,TSB02-2,ตรงแคตตาล็อก (set)
ชุดชาเขียวมัทฉะ,,,,,,,,สินค้า ไม่มีรหัส — ต้องออกรหัส
ชุดของขวัญในกล่องพรีเมี่ยม  2 ชิ้น Model :TPC002,,,TPC002,,,code เปล่า,,มีรหัส แต่ไม่อยู่ในแคตตาล็อกใบราคา
ชุดของขวัญในกล่องพรีเมี่ยม  2 ชิ้น Model :TPC222,,,TPC222,,,code เปล่า,,มีรหัส แต่ไม่อยู่ในแคตตาล็อกใบราคา
ชุดของขวัญในกล่องพรีเมี่ยม  2 ชิ้น Model :TFS15-2,,,TFS15-2,,,code เปล่า,TFS15-2,ตรงแคตตาล็อก (set)
สมุดโน๊ต,,,,,,,,สินค้า ไม่มีรหัส — ต้องออกรหัส
ชุดของขวัญในกล่องพรีเมี่ยม  1 ชิ้น Model : TTT30-1,,,TTT30-1,,,code เปล่า,TTT30-1,ตรงแคตตาล็อก (single)
ชุดของขวัญในกล่องพรีเมี่ยม  4 ชิ้น Model : TPH00-4,,,TPH00-4,,,code เปล่า,TPH00-4,ตรงแคตตาล็อก (set)
ชุดชงชา 4 ชิ้น,,,,,,,,สินค้า ไม่มีรหัส — ต้องออกรหัส
ชุดของขวัญในกล่องพรีเมี่ยม  1 ชิ้น Model :TYD0060,,,TYD0060,,,code เปล่า,TYD0060,ตรงแคตตาล็อก (set)
เครื่องฟอกอากาศในรถยนต์แบบมัลติฟังก์ชั่น -2in1Model-UC-985,,,,,,,,สินค้า ไม่มีรหัส — ต้องออกรหัส
ชุดของขวัญในกล่องพรีเมี่ยม  6 ชิ้น Model :TXH0404,,,TXH0404,,,code เปล่า,,มีรหัส แต่ไม่อยู่ในแคตตาล็อกใบราคา
Flash Drives USB 2.0 Metal Flash Drive,,,,,,,,สินค้า ไม่มีรหัส — ต้องออกรหัส
ชุดของขวัญในกล่องพรีเมี่ยม  2 ชิ้น Model :TPP00-2,,,TPP00-2,,,code เปล่า,TPP00-2,ตรงแคตตาล็อก (set)
เก้าอี้สนามแบบพับได้ พร้อมถุง,,,,,,,,สินค้า ไม่มีรหัส — ต้องออกรหัส
Black crossbody bag,,,,,,,,สินค้า ไม่มีรหัส — ต้องออกรหัส
ชุดของขวัญในกล่องพรีเมี่ยม  2 ชิ้น Model :TPM00-3-2,,,TPM00-3-2,,,code เปล่า,,มีรหัส แต่ไม่อยู่ในแคตตาล็อกใบราคา
ชุดของขวัญในกล่องพรีเมี่ยม  3 ชิ้น Model :FXD32-3,,,FXD32-3,,,code เปล่า,FXD32-3,ตรงแคตตาล็อก (set)
Powerbank,,,,,,,,สินค้า ไม่มีรหัส — ต้องออกรหัส
ชุดของขวัญในกล่องพรีเมี่ยม  3 ชิ้น Model :TFS17-3,,,TFS17-3,,,code เปล่า,TFS17-3,ตรงแคตตาล็อก (set)
Notebook,,,,,,,,สินค้า ไม่มีรหัส — ต้องออกรหัส
ปากกา,,,,,,,,สินค้า ไม่มีรหัส — ต้องออกรหัส
ชุดของขวัญในกล่องพรีเมี่ยม  3 ชิ้น Model :TMW08-3,,,TMW08-3,,,code เปล่า,TMW08-3,ตรงแคตตาล็อก (set)
เก้าอี้พับแคมป์ปิ้งแบบพกพา (ขนาดกลาง),,,,,,,,สินค้า ไม่มีรหัส — ต้องออกรหัส
เก้าอี้พับพกพาแบบกระเป๋าถือ รุ่นเล็ก,,,,,,,,สินค้า ไม่มีรหัส — ต้องออกรหัส
ชุดจาน + ถ้วยเซรามิค,,,,,,,,สินค้า ไม่มีรหัส — ต้องออกรหัส
กระบอกน้ำพกพา,,,,,,,,สินค้า ไม่มีรหัส — ต้องออกรหัส
ชุดของขวัญในกล่องพรีเมี่ยม  4 ชิ้น Model :TFS15-4,,,TFS15-4,,,code เปล่า,TFS15-4,ตรงแคตตาล็อก (set)
กระเป๋าเอนกประสงค์ (Storage Bag),,,,,,,,สินค้า ไม่มีรหัส — ต้องออกรหัส
ร่ม 2 ชั้น,,,,,,,,สินค้า ไม่มีรหัส — ต้องออกรหัส
กระเป๋าผ้ากระสอบพร้อมแถบผ้าสีเขียว,,,,,,,,สินค้า ไม่มีรหัส — ต้องออกรหัส
กระเป๋าผ้าแคนวาสคอตตอนแถบเขียว,,,,,,,,สินค้า ไม่มีรหัส — ต้องออกรหัส
กระเป๋าเก็บความเย็นฟอยล์อะลูมิเนียม (Aluminum Foil Insulation Bag),,,,,,,,สินค้า ไม่มีรหัส — ต้องออกรหัส
กล่องข้าวแก้วซิลิก้า (Glass Silica Lunch Box),,,,,,,,วัสดุแพ็กเกจ
กล่องข้าวแก้วซิลิก้า (Glass Silica Lunch Box),,,,,,,,วัสดุแพ็กเกจ
กล่องข้าวแก้วซิลิก้า (Glass Silica Lunch Box),,,,,,,,วัสดุแพ็กเกจ
เข็มกลัดแม่เหล็ก,,,,,,,,สินค้า ไม่มีรหัส — ต้องออกรหัส
ร่มกลับด้าน,,,,,,,,สินค้า ไม่มีรหัส — ต้องออกรหัส
ชุดของขวัญในกล่องพรีเมี่ยม  3 ชิ้น Model :TFS18-3,,,TFS18-3,,,code เปล่า,TFS18-3,ตรงแคตตาล็อก (set)
กล่อง,,,,,,,,วัสดุแพ็กเกจ
ชุดของขวัญในกล่องพรีเมี่ยม  2 ชิ้น Model :TMN00-2,,,TMN00-2,,,code เปล่า,TMN00-2,ตรงแคตตาล็อก (set)
กระเป๋าผ้า,,,,,,,,สินค้า ไม่มีรหัส — ต้องออกรหัส
ชุดของขวัญในกล่องพรีเมี่ยม  2 ชิ้น Model :TMN03-2,,,TMN03-2,,,code เปล่า,TMN03-2,ตรงแคตตาล็อก (set)
ชุดของขวัญในกล่องพรีเมี่ยม 6 ชิ้นพร้อมสกรีน Model :TPY00-6,,,TPY00-6,,,code เปล่า,TPY00-6,ตรงแคตตาล็อก (set)
ชุดของขวัญในกล่องพรีเมี่ยม  2 ชิ้น Model :TGC21-2,,,TGC21-2,,,code เปล่า,TGC21-2,ตรงแคตตาล็อก (set)
ชุดของขวัญในกล่องพรีเมี่ยม  3 ชิ้น Model : QZA00-3,,,QZA00-3,,,code เปล่า,QZA00-3,ตรงแคตตาล็อก (set)
ชุดของขวัญในกล่องพรีเมี่ยม  3 ชิ้น Model : QZA01-3,,,QZA01-3,,,code เปล่า,QZA01-3,ตรงแคตตาล็อก (set)
ชุดของขวัญในกล่องพรีเมี่ยม  3 ชิ้น Model : QZA02-3,,,QZA02-3,,,code เปล่า,QZA02-3,ตรงแคตตาล็อก (set)
ชุดของขวัญในกล่องพรีเมี่ยม  3 ชิ้น Model : QZA03-3,,,QZA03-3,,,code เปล่า,QZA03-3,ตรงแคตตาล็อก (set)
ชุดของขวัญในกล่องพรีเมี่ยม  4 ชิ้น Model : TPC03-4,,,TPC03-4,,,code เปล่า,TPC03-4,ตรงแคตตาล็อก (set)
ชุดของขวัญในกล่องพรีเมี่ยม  3 ชิ้น Model :TCW0013,,,TCW0013,,,code เปล่า,TCW0013,ตรงแคตตาล็อก (set)
ชุดของขวัญในกล่องพรีเมี่ยม  3 ชิ้น Model :TPJ0123,,,TPJ0123,,,code เปล่า,,มีรหัส แต่ไม่อยู่ในแคตตาล็อกใบราคา
ชุดของขวัญในกล่องพรีเมี่ยม  3 ชิ้น Model :TTZ00-3,,,TTZ00-3,,,code เปล่า,TTZ00-3,ตรงแคตตาล็อก (set)
กล่องกระดาษ,,,,,,,,วัสดุแพ็กเกจ
แก้วเซรามิก,,,,,,,,สินค้า ไม่มีรหัส — ต้องออกรหัส
เครื่องชาร์จไร้สายพร้อมลำโพงบลูทูธในตัว Model -M6008Q,,,,,,,,สินค้า ไม่มีรหัส — ต้องออกรหัส
ชุดของขวัญในกล่องพรีเมี่ยม  3 ชิ้น Model :TPC15-3,,,TPC15-3,,,code เปล่า,TPC15-3,ตรงแคตตาล็อก (set)
ชุดของขวัญในกล่องพรีเมี่ยม  1 ชิ้น Model :TYS01-1,,,TYS01-1,,,code เปล่า,TYS01-1,ตรงแคตตาล็อก (single)
ชุดของขวัญในกล่องพรีเมี่ยม  4 ชิ้น,,,,,,,,วัสดุแพ็กเกจ
ชุดของขวัญในกล่องพรีเมี่ยม  2 ชิ้น Model :TBT10-2,,,TBT10-2,,,code เปล่า,TBT10-2,ตรงแคตตาล็อก (set)
ชุดของขวัญในกล่องพรีเมี่ยม  3 ชิ้น Model : TBT10-3,,,TBT10-3,,,code เปล่า,TBT10-3,ตรงแคตตาล็อก (set)
Signature Aroma Set,,,,,,,,สินค้า ไม่มีรหัส — ต้องออกรหัส
กระเป๋าถุงผ้าพับได้ (Foldable Bag),,,,,,,,วัสดุแพ็กเกจ
Art toy,,,,,,,,สินค้า ไม่มีรหัส — ต้องออกรหัส
แว่นไฟ LED,,,,,,,,สินค้า ไม่มีรหัส — ต้องออกรหัส
แว่นไฟ,,,,,,,,สินค้า ไม่มีรหัส — ต้องออกรหัส
ตุ๊กตาคาปิบาร่า,,,,,,,,สินค้า ไม่มีรหัส — ต้องออกรหัส
กระเป๋าผ้าแคนวาส WS (WS Canvas Tote Bag),,,,,,,,สินค้า ไม่มีรหัส — ต้องออกรหัส
พัดลม,,,,,,,,สินค้า ไม่มีรหัส — ต้องออกรหัส
กระบอกน้ำเก็บอุณหภูมิ,,,,,,,,สินค้า ไม่มีรหัส — ต้องออกรหัส
สมุดโน้ตอัจฉริยะ,,,,,,,,สินค้า ไม่มีรหัส — ต้องออกรหัส
ชุดของขวัญในกล่องพรีเมี่ยม  2 ชิ้น Model :TFS16-2,,,TFS16-2,,,code เปล่า,TFS16-2,ตรงแคตตาล็อก (set)
หมอนพร้อมปลอก,,,,,,,,สินค้า ไม่มีรหัส — ต้องออกรหัส
ชุดของขวัญในกล่องพรีเมี่ยม  2 ชิ้น Model :TSB03-2,,,TSB03-2,,,code เปล่า,TSB03-2,ตรงแคตตาล็อก (set)
ชุดของขวัญในกล่องพรีเมี่ยม  2 ชิ้น Model :TSB03-2,,,TSB03-2,,,code เปล่า,TSB03-2,ตรงแคตตาล็อก (set)
สมุด,,,,,,,,สินค้า ไม่มีรหัส — ต้องออกรหัส
เครื่องฟอกอากาศในรถ Model:JHQ-T4,,,,,,,,สินค้า ไม่มีรหัส — ต้องออกรหัส
เครื่องฟอกอากาศในรถยนต์แบบพกพา,,,,,,,,สินค้า ไม่มีรหัส — ต้องออกรหัส
ชุดของขวัญในกล่องพรีเมี่ยม  2 ชิ้น Model :TGC04-44(2),,,TGC04-44,,,code เปล่า,TGC04-44,ตรงแคตตาล็อก (set)
ชุดของขวัญในกล่องพรีเมี่ยม  2 ชิ้น Model :MZC00-3(2),,,MZC00-3,,,code เปล่า,MZC00-3,ตรงแคตตาล็อก (set)
ชุดของขวัญในกล่องพรีเมี่ยม  2 ชิ้น Model :MZB00-6(2),,,MZB00-6,,,code เปล่า,MZB00-6,ตรงแคตตาล็อก (set)
ม่านกันแดดรถยนต์,,,,,,,,สินค้า ไม่มีรหัส — ต้องออกรหัส
แก้วเก็บอุณหภูมิทรงไข่,,,,,,,,สินค้า ไม่มีรหัส — ต้องออกรหัส
แก้วสแตนเลสเก็บอุณหภูมิ,,,,,,,,สินค้า ไม่มีรหัส — ต้องออกรหัส
Power Bank รุ่น N89 (แบบมีสายชาร์จปกติ),,,,,,,,สินค้า ไม่มีรหัส — ต้องออกรหัส
MagSafe Wireless Magnetic PowerBank (แบบชาร์จไร้สายแม่เหล็ก),,,,,,,,สินค้า ไม่มีรหัส — ต้องออกรหัส
ชุดของขวัญในกล่องพรีเมี่ยม  5 ชิ้น Model :TPH00-5,,,TPH00-5,,,code เปล่า,TPH00-5,ตรงแคตตาล็อก (set)
ชุดของขวัญในกล่องพรีเมี่ยม  3 ชิ้น Model :TPJ00-3,,,TPJ00-3,,,code เปล่า,TPJ00-3,ตรงแคตตาล็อก (set)
ชุดของขวัญในกล่องพรีเมี่ยม  2 ชิ้น Model : TBX---2,,,,,,,,วัสดุแพ็กเกจ
ชุดของขวัญในกล่องพรีเมี่ยม  5 ชิ้น Model :TPC13-5,,,TPC13-5,,,code เปล่า,TPC13-5,ตรงแคตตาล็อก (set)
กระเป๋าเก็บอุปกรณ์​ IT Gadget สำหรับเดินทาง,,,,,,,,สินค้า ไม่มีรหัส — ต้องออกรหัส
กระบอกน้ำ Model: 316,,,316,,,เลขรุ่นในชื่อ,,มีรหัส แต่ไม่อยู่ในแคตตาล็อกใบราคา
ปากกา,,,,,,,,สินค้า ไม่มีรหัส — ต้องออกรหัส
ชุดของขวัญในกล่องพรีเมี่ยม  2 ชิ้น Model : TTT02-2,,,TTT02-2,,,code เปล่า,TTT02-2,ตรงแคตตาล็อก (set)
ECO Friendly แก้วกาแฟ ทำจากวัสดุธรรมชาติ สกรีนโลโก้ Model : UC-14,,,,,,,,บริการ/ค่าใช้จ่าย ไม่ใช่สินค้า
กระเป๋าผ้าcanvas+สมุดโน้ต+Post-itกระดาษโน้ต+ปากกาดำเซ็นสัญญา,,,,,,,,สินค้า ไม่มีรหัส — ต้องออกรหัส
ชุดของขวัญในกล่องพรีเมี่ยม  3 ชิ้น Model :TPF39-3,,,TPF39-3,,,code เปล่า,TPF39-3,ตรงแคตตาล็อก (set)
ที่ตั้งโต๊ะพร้อมเสียบปากกา,,,,,,,,สินค้า ไม่มีรหัส — ต้องออกรหัส
กระเป๋าผ้าแคนวาส,,,,,,,,สินค้า ไม่มีรหัส — ต้องออกรหัส
ร่มพับ 3 ตอน,,,,,,,,สินค้า ไม่มีรหัส — ต้องออกรหัส
ชุดผ้าปิดตา + เครื่องนวดคอ Model:TYZ02-2,,,TYZ02-2,,,code เปล่า,,มีรหัส แต่ไม่อยู่ในแคตตาล็อกใบราคา
กระเป๋าเก็บความเย็น Pascual,,,,,,,,สินค้า ไม่มีรหัส — ต้องออกรหัส
แบนเนอร์คริสต์มาส หรือ ธงสำหรับแขวนประดับตกแต่ง,,,,,,,,สินค้า ไม่มีรหัส — ต้องออกรหัส
ชุดของขวัญในกล่องพรีเมี่ยม  4 ชิ้น Model :TPV5—4,,,TPV5,,,code เปล่า,,มีรหัส แต่ไม่อยู่ในแคตตาล็อกใบราคา
ชุดของขวัญในกล่องพรีเมี่ยม  6 ชิ้น Model : TPY01-6,,,TPY01-6,,,code เปล่า,TPY01-6,ตรงแคตตาล็อก (set)
ชุดของขวัญในกล่องพรีเมี่ยม  3 ชิ้น Model :TPC11-3,,,TPC11-3,,,code เปล่า,TPC11-3,ตรงแคตตาล็อก (set)
Google Review Stand (NFC),,,,,,,,สินค้า ไม่มีรหัส — ต้องออกรหัส
ชุดของขวัญในกล่องพรีเมี่ยม  3 ชิ้น Model :TPY01-3,,,TPY01-3,,,code เปล่า,TPY01-3,ตรงแคตตาล็อก (set)
ชุดของขวัญในกล่องพรีเมี่ยม 1 ชิ้น Model : BW00-0,,,BW00-0,,,code เปล่า,BW00-0,ตรงแคตตาล็อก (single)
ชุดของขวัญในกล่องพรีเมี่ยม  2 ชิ้น Model : MXF42-2,,,MXF42-2,,,code เปล่า,MXF42-2,ตรงแคตตาล็อก (set)
อาร์ตทอย,,,,,,,,สินค้า ไม่มีรหัส — ต้องออกรหัส
ม่านกันแดดรถยนต์รุ่น A009,,,A009,,,เลขรุ่นในชื่อ,,มีรหัส แต่ไม่อยู่ในแคตตาล็อกใบราคา
ร่มพับอัตโนมัติ,,,,,,,,สินค้า ไม่มีรหัส — ต้องออกรหัส
ชุดของขวัญในกล่องพรีเมี่ยม  7 ชิ้น Model :TPC13-7,,,TPC13-7,,,code เปล่า,TPC13-7,ตรงแคตตาล็อก (set)
ชุดของขวัญในกล่องพรีเมี่ยม  3 ชิ้น Model :TYZ00-3,,,TYZ00-3,,,code เปล่า,,มีรหัส แต่ไม่อยู่ในแคตตาล็อกใบราคา
กระบอกน้ำ,,,,,,,,สินค้า ไม่มีรหัส — ต้องออกรหัส
กล่องกระดาษ ทำสีพิเศษ,,,,,,,,วัสดุแพ็กเกจ
ชุดของขวัญในกล่องพรีเมี่ยม  3 ชิ้น Model : TJLD42-3,,,TJLD42-3,,,code เปล่า,TJLD42-3,ตรงแคตตาล็อก (set)
กระเป๋าผ้าโพลีเอสเตอร์–คอตตอน,,,,,,,,สินค้า ไม่มีรหัส — ต้องออกรหัส
แก้วมัคเซรามิก,,,,,,,,สินค้า ไม่มีรหัส — ต้องออกรหัส
ชุดของขวัญ 2 ชิ้น Model : TTB03-2,,,TTB03-2,,,code เปล่า,TTB03-2,ตรงแคตตาล็อก (set)
กล่องฆ่าเชื้อ พร้อมไวเรทชาร์จมือถือแบบไร้สาย Model:OJD-L03,,,,,,,,วัสดุแพ็กเกจ
ชุดของขวัญ 4 ชิ้น Model : TJS01-4,,,TJS01-4,,,code เปล่า,TJS01-4,ตรงแคตตาล็อก (set)
ชุดของขวัญในกล่องพรีเมี่ยม  3 ชิ้น Model :TFS16-3,,,TFS16-3,,,code เปล่า,TFS16-3,ตรงแคตตาล็อก (set)
กล่องเหล็กมีหน้าต่างขนาดเล็ก(ฝาแยกจากกล่อง) 88*60*18  P-05,,,,,,,,วัสดุแพ็กเกจ
ชุดของขวัญ 2 ชิ้น Model : TPJ00-2,,,TPJ00-2,,,code เปล่า,TPJ00-2,ตรงแคตตาล็อก (set)
กระเป๋าผ้าแคนวาส,,,,,,,,สินค้า ไม่มีรหัส — ต้องออกรหัส
กระเป๋าผ้าใยสังเคราะห์,,,,,,,,สินค้า ไม่มีรหัส — ต้องออกรหัส
ชุดของขวัญ 4 ชิ้น Model : MXF47-4,,,MXF47-4,,,code เปล่า,MXF47-4,ตรงแคตตาล็อก (set)
ชุดของขวัญในกล่องพรีเมี่ยม  7 ชิ้น Model :TPY10-7,,,TPY10-7,,,code เปล่า,TPY10-7,ตรงแคตตาล็อก (set)
กระเป๋าผ้าร่มพับได้,,,,,,,,สินค้า ไม่มีรหัส — ต้องออกรหัส
ชุดของขวัญในกล่องพรีเมี่ยม  3 ชิ้น Model :TRJ00-3,,,TRJ00-3,,,code เปล่า,TRJ00-3,ตรงแคตตาล็อก (set)
ร่มองค์กรขนาดใหญ่ เคลือบ Black Gel ป้องกันรังสี UV,,,,,,,,สินค้า ไม่มีรหัส — ต้องออกรหัส
ชุดของขวัญในกล่องพรีเมี่ยม  2 ชิ้น Model : TWJ01-2,,,TWJ01-2,,,code เปล่า,TWJ01-2,ตรงแคตตาล็อก (set)
Blanket Pillow หมอนผ้าห่มอเนกประสงค์ 2-in-1,,,,,,,,สินค้า ไม่มีรหัส — ต้องออกรหัส
กระเป๋ากันขโมยแบบสะพายข้าง (Anti-Theft Bag) / Sling Bag รุ่น: A098,,,,,,,,สินค้า ไม่มีรหัส — ต้องออกรหัส
กระเป๋ากันขโมยสะพายข้าง Anti-Theft Crossbody / Sling Bag รุ่น: B-045,,,,,,,,สินค้า ไม่มีรหัส — ต้องออกรหัส
กระเป๋าเป้กันขโมย Anti-Theft Backpack รุ่น: BJ-03,,,,,,,,สินค้า ไม่มีรหัส — ต้องออกรหัส
ลำโพงบลูทูธ รุ่น S15,,,,,,,,สินค้า ไม่มีรหัส — ต้องออกรหัส
แบริเออร์พลาสติก (Plastic Barrier),,,,,,,,สินค้า ไม่มีรหัส — ต้องออกรหัส
ชุดของขวัญ 2 ชิ้น Model : TBH01-2,,,TBH01-2,,,code เปล่า,TBH01-2,ตรงแคตตาล็อก (set)
ชุดของขวัญ 3 ชิ้น Model : TBH01-2(3),,,TBH01-2,,,code เปล่า,TBH01-2,ตรงแคตตาล็อก (set)
ชุดของขวัญ 3 ชิ้น Model : TJL3143,,,TJL3143,,,code เปล่า,TJL3143,ตรงแคตตาล็อก (set)
ถุงผ้าสปันบอนด์,,,,,,,,วัสดุแพ็กเกจ
ชุดของขวัญในกล่องพรีเมี่ยม  3 ชิ้น Model : TPH01-3,,,TPH01-3,,,code เปล่า,TPH01-3,ตรงแคตตาล็อก (set)
ชุดของขวัญในกล่องพรีเมี่ยม 3 ชิ้น Model :TPT03-3,,,TPT03-3,,,code เปล่า,TPT03-3,ตรงแคตตาล็อก (set)
กล่องอาหารกลางวัน พร้อมกระเป๋า Model: MHP-HP-1042,,,,,,,,วัสดุแพ็กเกจ
ชุดของขวัญในกล่องพรีเมี่ยม 4 ชิ้น Model :TPT03-4,,,TPT03-4,,,code เปล่า,TPT03-4,ตรงแคตตาล็อก (set)
ริบบิ้นสกรีนแบบรีดร้อน (Heat Transfer Printing Ribbon,,,,,,,,บริการ/ค่าใช้จ่าย ไม่ใช่สินค้า
แก้วน้ำเก็บความเย็น 12 OZ  คละสี,,,,,,,,สินค้า ไม่มีรหัส — ต้องออกรหัส
ชุดของขวัญในกล่องพรีเมี่ยม  4 ชิ้น Model :TPT12-4,,,TPT12-4,,,code เปล่า,TPT12-4,ตรงแคตตาล็อก (set)
ชุดของขวัญในกล่องพรีเมี่ยม  2 ชิ้น Model : TMN01-2,,,TMN01-2,,,code เปล่า,TMN01-2,ตรงแคตตาล็อก (set)
ชุดของขวัญในกล่องพรีเมี่ยม  3 ชิ้น Model :TGC09-3,,,TGC09-3,,,code เปล่า,TGC09-3,ตรงแคตตาล็อก (set)
ปืนฉีดน้ำ,,,,,,,,สินค้า ไม่มีรหัส — ต้องออกรหัส
กระเป๋าพลาสติกหูหิ้ว  ขนาด 61 x 41 x 30.5 เซนติเมตร,,,,,,,,สินค้า ไม่มีรหัส — ต้องออกรหัส
กระเป๋ากันน้ำ PVC ขนาด 5 ลิตร,,,,,,,,สินค้า ไม่มีรหัส — ต้องออกรหัส
ช้อนส้อมด้ามเซรามิก,,,,,,,,สินค้า ไม่มีรหัส — ต้องออกรหัส
ชุดของขวัญในกล่องพรีเมี่ยม  5 ชิ้น Model : TGC04-5,,,TGC04-5,,,code เปล่า,TGC04-5,ตรงแคตตาล็อก (set)
ชุดของขวัญในกล่องพรีเมี่ยม  2 ชิ้น Model :TBJ04-2,,,TBJ04-2,,,code เปล่า,TBJ04-2,ตรงแคตตาล็อก (set)
ชุดของขวัญในกล่องพรีเมี่ยม  2 ชิ้น Model :TBJ05-2,,,TBJ05-2,,,code เปล่า,TBJ05-2,ตรงแคตตาล็อก (set)
ชุดของขวัญในกล่องพรีเมี่ยม  2 ชิ้น Model :WRY39-2,,,WRY39-2,,,code เปล่า,WRY39-2,ตรงแคตตาล็อก (set)
ชุดของขวัญในกล่องพรีเมี่ยม  2 ชิ้น Model :WRY40-2,,,WRY40-2,,,code เปล่า,WRY40-2,ตรงแคตตาล็อก (set)
MAGSAFE WALLET,,,,,,,,สินค้า ไม่มีรหัส — ต้องออกรหัส
กระเป๋าเครื่องสำอางหนัง PU,,,,,,,,สินค้า ไม่มีรหัส — ต้องออกรหัส
MagSafe Wireless Charger 3in1,,,,,,,,สินค้า ไม่มีรหัส — ต้องออกรหัส
ลำโพงบลูทูธกันน้ำ AWEI Model : Y280,,,Y280,,,เลขรุ่นในชื่อ,,มีรหัส แต่ไม่อยู่ในแคตตาล็อกใบราคา
กล่องการ์ดแบบพลาสติกใส ขนาด 104*72*10 mm P-17,,,,,,,,วัสดุแพ็กเกจ
ชุดของขวัญในกล่องพรีเมี่ยม  1 ชิ้น Model : TSX00-1,,,TSX00-1,,,code เปล่า,TSX00-1,ตรงแคตตาล็อก (single)
ชุดของขวัญ Gift Box Set ชุดของขวัญ SM-009,,,,,,,,สินค้า ไม่มีรหัส — ต้องออกรหัส
Foldable bag,,,,,,,,สินค้า ไม่มีรหัส — ต้องออกรหัส
Toiletry bag,,,,,,,,สินค้า ไม่มีรหัส — ต้องออกรหัส
Adapter+zipper bag,,,,,,,,สินค้า ไม่มีรหัส — ต้องออกรหัส
Multitools Pen Paperclip,,,,,,,,สินค้า ไม่มีรหัส — ต้องออกรหัส
Customized badge,,,,,,,,สินค้า ไม่มีรหัส — ต้องออกรหัส
แม่เหล็กติดตู้เย็นอะคริลิก (Acrylic Refrigerator Magnet),,,,,,,,สินค้า ไม่มีรหัส — ต้องออกรหัส
ถุงพลาสติกสานเคลือบ (PP Woven) แบบไม่มีข้าง,,,,,,,,สินค้า ไม่มีรหัส — ต้องออกรหัส
กระบอกน้ำสุญญากาศแสดงอุณหภูมิ,,,,,,,,สินค้า ไม่มีรหัส — ต้องออกรหัส
กระเป๋า Woven bag,,,,,,,,สินค้า ไม่มีรหัส — ต้องออกรหัส
กระเป๋า Washable paper,,,,,,,,สินค้า ไม่มีรหัส — ต้องออกรหัส
เก้าอี้ Oxford fabric Camping Chair,,,,,,,,สินค้า ไม่มีรหัส — ต้องออกรหัส
กระเป๋า Canvas พิมพ์ลาย HOP,,,,,,,,สินค้า ไม่มีรหัส — ต้องออกรหัส
กระเป๋า Canvas พิมพ์ลาย HOP,,,,,,,,สินค้า ไม่มีรหัส — ต้องออกรหัส
ขวดน้ำพับได้,,,,,,,,สินค้า ไม่มีรหัส — ต้องออกรหัส
กระเป๋าใส่พาสปอร์ต,,,,,,,,สินค้า ไม่มีรหัส — ต้องออกรหัส
กระเป๋าใส่เงิน,,,,,,,,สินค้า ไม่มีรหัส — ต้องออกรหัส
ตุ๊กตาขนนุ่ม,,,,,,,,สินค้า ไม่มีรหัส — ต้องออกรหัส
Starbucks Travel Luggage Set,,,,,,,,สินค้า ไม่มีรหัส — ต้องออกรหัส
Silicone Pouch Keychain,,,,,,,,สินค้า ไม่มีรหัส — ต้องออกรหัส
ชุดของขวัญในกล่องพรีเมี่ยม  3 ชิ้น Gift Set,,,,,,,,วัสดุแพ็กเกจ
นาฬิกาตั้งโต๊ะ,,,,,,,,สินค้า ไม่มีรหัส — ต้องออกรหัส
เครื่องบันทึกข้อมูลอิเล็กทรอนิกส์ USB 2.0 ความจุ 32GB,,,,,,,,สินค้า ไม่มีรหัส — ต้องออกรหัส
ชุดแก้วเซรามิค+ฐานอุ่นร้อน,,,,,,,,สินค้า ไม่มีรหัส — ต้องออกรหัส
หมอนผ้าห่ม,,,,,,,,สินค้า ไม่มีรหัส — ต้องออกรหัส
กล่องกระดาษการ์ดบอร์ดสีขาว,,,,,,,,วัสดุแพ็กเกจ
กล่องกระดาษแข็งสีขาว,,,,,,,,วัสดุแพ็กเกจ
ถุงผ้าโพลีเอสเตอร์แบบรูด (Polyester Drawstring Bag),,,,,,,,วัสดุแพ็กเกจ
ร่มพับ 3 ตอน,,,,,,,,สินค้า ไม่มีรหัส — ต้องออกรหัส
ชุดของขวัญในกล่องพรีเมี่ยม  7 ชิ้น Model :SKB-001,,,,,,,,วัสดุแพ็กเกจ
ถุงขนาด 45x35x12 ซม,,,,,,,,สินค้า ไม่มีรหัส — ต้องออกรหัส
กระเป๋าพลาสติกสีขาว พร้อมหูหิ้ว,,,,,,,,สินค้า ไม่มีรหัส — ต้องออกรหัส
กระเป๋าพลาสติกสีดำ พร้อมหูหิ้ว,,,,,,,,สินค้า ไม่มีรหัส — ต้องออกรหัส
กระเป๋าพลาสติกแบบใส พร้อมหูหิ้ว,,,,,,,,สินค้า ไม่มีรหัส — ต้องออกรหัส
Flash Drives USB 2.0  Flash Drive Plastic card,,,,,,,,สินค้า ไม่มีรหัส — ต้องออกรหัส
เครื่องบันทึกเสียง ไฟล์ภาษาจีน,,,,,,,,สินค้า ไม่มีรหัส — ต้องออกรหัส
เครื่องบันทึกเสียง ไฟล์ภาษาญี่ปุ่น,,,,,,,,สินค้า ไม่มีรหัส — ต้องออกรหัส
ชุดของขวัญในกล่องพรีเมี่ยม  2 ชิ้น Model :TSS05-2,,,TSS05-2,,,code เปล่า,TSS05-2,ตรงแคตตาล็อก (set)
ชุดของขวัญในกล่องพรีเมี่ยม  2 ชิ้น Model :TBP10-2,,,TBP10-2,,,code เปล่า,TBP10-2,ตรงแคตตาล็อก (set)
หูฟังไร้สาย L12 Model : S-EP901,,,EP901,,,code เปล่า,,มีรหัส แต่ไม่อยู่ในแคตตาล็อกใบราคา
Innovative 40oZ Dual-Chamber Tumbler with Magnetic Phone-Holder Lid,,,,,,,,สินค้า ไม่มีรหัส — ต้องออกรหัส
ลวดหนามหีบเพลง BTO-26,,,,,,,,สินค้า ไม่มีรหัส — ต้องออกรหัส
Neck pillow + eva Box,,,,,,,,สินค้า ไม่มีรหัส — ต้องออกรหัส
ชุดของขวัญในกล่องพรีเมี่ยม  3 ชิ้น Model :TBH01-3,,,TBH01-3,,,code เปล่า,TBH01-3,ตรงแคตตาล็อก (set)
ที่ตั้งโทรศัพท์แบบไม้,,,,,,,,สินค้า ไม่มีรหัส — ต้องออกรหัส
แฟลชไดร์ฟ คิงสตัน DTXM  USB 3.2 ความจุ 64GB,,,,,,,,สินค้า ไม่มีรหัส — ต้องออกรหัส
ชุดของขวัญในกล่องพรีเมี่ยม  2 ชิ้น Model :TYD0162,,,TYD0162,,,code เปล่า,TYD0162,ตรงแคตตาล็อก (set)
กล่องเหล็กฝาทึบ(ฝาแยกกับกล่อง) ขนาดเล็ก,,,,,,,,วัสดุแพ็กเกจ
Power Bank,,,,,,,,สินค้า ไม่มีรหัส — ต้องออกรหัส
Storage bag,,,,,,,,สินค้า ไม่มีรหัส — ต้องออกรหัส
Data cable storage pouch,,,,,,,,สินค้า ไม่มีรหัส — ต้องออกรหัส
เครื่องบันทึกเสียง รุ่น GH-A005S,,,,,,,,สินค้า ไม่มีรหัส — ต้องออกรหัส
ชุดของขวัญในกล่องพรีเมี่ยม  2 ชิ้น Model :MZC00-2,,,MZC00-2,,,code เปล่า,MZC00-2,ตรงแคตตาล็อก (set)
ชุดของขวัญในกล่องพรีเมี่ยม  3 ชิ้น Model : TTC13-3,,,TTC13-3,,,code เปล่า,TTC13-3,ตรงแคตตาล็อก (set)
เครื่องนวดคอ พร้อมสกรีนและกล่องของขวัญ,,,,,,,,บริการ/ค่าใช้จ่าย ไม่ใช่สินค้า
Bearista Silicone Card Holder (OPT.3 / OPT.4),,,,,,,,สินค้า ไม่มีรหัส — ต้องออกรหัส
กล่องกระดาษสีดำ P-21 ฝาแยก  ขนาด 100*80*26 mm,,,,,,,,วัสดุแพ็กเกจ
Fodable Silicone cup แก้วพับได้,,,,,,,,สินค้า ไม่มีรหัส — ต้องออกรหัส
Drawstring wide brimmed fishman's hat,,,,,,,,สินค้า ไม่มีรหัส — ต้องออกรหัส
ที่อัดเสียง,,,,,,,,สินค้า ไม่มีรหัส — ต้องออกรหัส
๊Umbrella,,,,,,,,สินค้า ไม่มีรหัส — ต้องออกรหัส
ชุดของขวัญ 3 ชิ้น Model :TFS20-3,,,TFS20-3,,,code เปล่า,TFS20-3,ตรงแคตตาล็อก (set)
ชุดของขวัญ 2 ชิ้น Model : TDD04-2,,,TDD04-2,,,code เปล่า,TDD04-2,ตรงแคตตาล็อก (set)
ชุดของขวัญในกล่องพรีเมี่ยม 3 ชิ้น  THY01-3-,,,THY01-3,,,code เปล่า,THY01-3,ตรงแคตตาล็อก (set)
Bearista Silicone Card Holder (Option 1),,,,,,,,สินค้า ไม่มีรหัส — ต้องออกรหัส
Bearista Silicone Card Holder (Option 2),,,,,,,,สินค้า ไม่มีรหัส — ต้องออกรหัส
แฟลชไดร์ฟ คิงสตัน DTXS  USB 3.2 ความจุ 64GB,,,,,,,,สินค้า ไม่มีรหัส — ต้องออกรหัส
กระเป๋าพลาสติกสีดำ พร้อมหูหิ้ว,,,,,,,,สินค้า ไม่มีรหัส — ต้องออกรหัส
กระเป๋าพลาสติกสีดำ พร้อมหูหิ้ว,,,,,,,,สินค้า ไม่มีรหัส — ต้องออกรหัส
ชุดของขวัญในกล่องพรีเมี่ยม  4 ชิ้น Model TMS07-4,,,TMS07-4,,,code เปล่า,TMS07-4,ตรงแคตตาล็อก (set)
ชุดของขวัญ 2 ชิ้น Model : TJL3042,,,TJL3042,,,code เปล่า,TJL3042,ตรงแคตตาล็อก (set)
เครื่องฟอกอากาศในรถยนต์แบบมัลติฟังก์ชั่น -2 in 1 Car Air Purifier & Du,,,,,,,,สินค้า ไม่มีรหัส — ต้องออกรหัส
ชุดของขวัญในกล่องพรีเมี่ยม  1 ชิ้น Model :TBJ04-1,,,TBJ04-1,,,code เปล่า,TBJ04-1,ตรงแคตตาล็อก (single)
ชุดของขวัญในกล่องพรีเมี่ยม  3 ชิ้น Model :TPF09-3,,,TPF09-3,,,code เปล่า,TPF09-3,ตรงแคตตาล็อก (set)
ชุดของขวัญในกล่องพรีเมี่ยม  3 ชิ้น Model:TWJ00-3,,,TWJ00-3,,,code เปล่า,TWJ00-3,ตรงแคตตาล็อก (set)
ชุดของขวัญในกล่องพรีเมี่ยม  4 ชิ้น Model : TFS16-4,,,TFS16-4,,,code เปล่า,TFS16-4,ตรงแคตตาล็อก (set)
เครื่องบันทึกข้อมูลอิเล็กทรอนิกส์ USB 3.0 ความจุ 32GB,,,,,,,,สินค้า ไม่มีรหัส — ต้องออกรหัส
พัดลมมือถือพลังงานแสงอาทิตย์,,,,,,,,สินค้า ไม่มีรหัส — ต้องออกรหัส
โคมไฟ 2 in 1 โคมไฟและที่ชาร์จแบตเตอร์ไร้สายในตัวเดียวกัน Model :Lamp :,,,,,,,,สินค้า ไม่มีรหัส — ต้องออกรหัส
เครื่องฟอกอากาศในรถยนต์ UV – รุ่น UC-C801,,,,,,,,สินค้า ไม่มีรหัส — ต้องออกรหัส
สร้อยไข่ปลา,,,,,,,,สินค้า ไม่มีรหัส — ต้องออกรหัส
พวงกุญแจแบบเหล็กสีเงิน,,,,,,,,สินค้า ไม่มีรหัส — ต้องออกรหัส
ชุดของขวัญในกล่องพรีเมี่ยม  2 ชิ้น Model : TDK02-2,,,TDK02-2,,,code เปล่า,TDK02-2,ตรงแคตตาล็อก (set)
ชุดของขวัญในกล่องพรีเมี่ยม  3 ชิ้น Model :TCT01-3,,,TCT01-3,,,code เปล่า,TCT01-3,ตรงแคตตาล็อก (set)
ชุดของขวัญในกล่องพรีเมี่ยม  5 ชิ้น Model :CER01-5,,,CER01-5,,,code เปล่า,CER01-5,ตรงแคตตาล็อก (single)
พัดลมพกพารุ่น RD31,,,RD31,,,code เปล่า,,มีรหัส แต่ไม่อยู่ในแคตตาล็อกใบราคา
เครื่องนวดตาพร้อมสกรีนโลโก้ และเซ็ทกล่องของขวัญ,,,,,,,,บริการ/ค่าใช้จ่าย ไม่ใช่สินค้า
ชุดของขวัญในกล่องพรีเมี่ยม  3 ชิ้นชุดเครื่องเพิ่มความชื้นแบบมีไฟ + เคร,,,,,,,,วัสดุแพ็กเกจ
ริบบิ้นสกรีนแบบรีดร้อน (Heat Transfer Printing Ribbon  แบบที่ 1,,,,,,,,บริการ/ค่าใช้จ่าย ไม่ใช่สินค้า
พัดลมพกพารุ่น WT-F516,,,,,,,,สินค้า ไม่มีรหัส — ต้องออกรหัส
เครื่องเป่าลมไร้สายอเนกประสงค์รุ่น WT-F612,,,,,,,,สินค้า ไม่มีรหัส — ต้องออกรหัส
ชุดของขวัญ ที่เปิดไวน์พร้อมแก้ว,,,,,,,,สินค้า ไม่มีรหัส — ต้องออกรหัส
สายชาร์ท 3 in 1,,,,,,,,สินค้า ไม่มีรหัส — ต้องออกรหัส
