
> zuri-ai@0.1.0 test
> node scripts/assert-tests-ran.mjs vitest run

The CJS build of Vite's Node API is deprecated. See https://vite.dev/guide/troubleshooting.html#vite-cjs-node-api-deprecated for more details.

 RUN  v2.1.9 C:/Users/pc/.codex/visualizations/2026/09/16/01a0ab85-48d9-7380-91a5-7dd7539f6427/zuri-pricing-engine/apps/server

Prisma schema loaded from prisma\schema.prisma
Datasource "db": SQLite database "run-58912-mu4karyj-fde427.db" at "file:./.test-dbs/run-58912-mu4karyj-fde427.db"

SQLite database run-58912-mu4karyj-fde427.db created at file:./.test-dbs/run-58912-mu4karyj-fde427.db

Your database is now in sync with your Prisma schema. Done in 8.14s

 ✓ tests/unit/id-anchor-stability.test.js (70 tests) 1528ms
   ✓ the writer refuses to launder a repurpose > refuses --bulk on a settled registry, and has no --force that changes that 314ms
 ✓ tests/integration/line-worker-memory.test.js (30 tests) 2460ms
   ✓ LINE memory enrollment and receipt recovery > closes disabled-account and erasure races without calling MSP or recreating text 461ms
 ✓ tests/integration/server-line-jobs.test.js (36 tests) 5677ms
   ✓ one tick serves more than one customer > answers concurrently — the second customer no longer waits out the first 583ms
   ✓ one tick serves more than one customer > honours the configured ceilings rather than draining whatever the backlog happens to be 415ms
 ✓ tests/integration/fr059-business-strategy-mutation.test.js (48 tests) 933ms
 ↓ tests/integration/credential-vault.postgres.test.js (17 tests | 17 skipped)
 ✓ tests/integration/knowledge-corpus.test.js (16 tests) 37ms
 ✓ tests/integration/backup.test.js (10 tests) 6920ms
   ✓ snapshot backup round trip > round trip: export → mutate → confirm import → data restored 1832ms
   ✓ snapshot backup round trip > round trip carries the roadmap, goal and role-binding graph, in restorable order 1013ms
   ✓ snapshot backup round trip > round trip carries the customer import batch and provenance edge, in restorable order 940ms
   ✓ snapshot backup round trip > round trip carries the chat evidence archive key and manifest — a restore must not strand retained dispute evidence 972ms
   ✓ snapshot backup round trip > refuses missing, partial and malformed protected arrays before any restore write 370ms
   ✓ snapshot backup round trip > rejects an invalid archive predecessor before the destructive transaction and restores a child after its parent 891ms
 ✓ tests/integration/fr201-inventory-sku-governance.test.js (9 tests) 1026ms
 ✓ tests/unit/platform/pipeline-tracking-service.test.js (20 tests) 30ms
 ✓ tests/integration/fr110-knowledge-reporter-receiver.test.js (11 tests) 5148ms
   ✓ FR-110 — the Stage 9–17 reporter receiver > a Tenant-bound data-plane key records all eight external stages with real counts and the reported times 444ms
   ✓ FR-110 — the Stage 9–17 reporter receiver > records the Stage 17 decision as gate evidence, closes the gate step, and the job becomes READY_TO_PUBLISH 1071ms
   ✓ FR-110 — the Stage 9–17 reporter receiver > keeps a legacy successful run open until an attempt-bound publication receipt arrives 621ms
   ✓ FR-110 — the Stage 9–17 reporter receiver > a FAIL verdict rejects and closes FAILED; a QUARANTINE verdict holds 1155ms
   ✓ FR-110 — the Stage 9–17 reporter receiver > an external stage failure quarantines or marks retryable, and a Tier 1 quarantine finally closes its run FAILED 421ms
 ✓ tests/unit/table-integrity.test.js (50 tests) 172ms
 ✓ tests/integration/marketing-pm-handoff.test.js (14 tests) 2596ms
   ✓ Marketing PM handoff > rejects a changed PM preview between preview and commit 384ms
 ✓ tests/integration/credential-vault-lifecycle.test.js (14 tests) 1197ms
 ✓ tests/unit/knowledge-published-snapshot-contract.test.js (28 tests) 26ms
 ✓ tests/integration/marketing-content.test.js (10 tests) 738ms
 ✓ tests/integration/fr186-billing.test.js (9 tests) 2246ms
   ✓ FR-186 durable Commerce billing documents > exports and restores billing evidence, then continues the document sequence 1664ms
 ✓ tests/integration/crm-conversation-analysis.test.js (13 tests) 2403ms
   ✓ ConversationAnalysis persistence and projected reads (FR-127) > round trips an analysis row through the existing snapshot service 1408ms
 ✓ tests/integration/knowledge-corpus-prisma.test.js (7 tests) 1214ms
 ✓ tests/unit/genesisrag17-parser-2.test.js (20 tests) 37ms
 ✓ tests/unit/inventory-governance.test.js (17 tests) 19ms
 ✓ tests/integration/fr181-smartgift-agent-tools.test.js (18 tests) 545ms
 ✓ tests/integration/fr208-inventory-catalog-intake.test.js (7 tests) 471ms
 ✓ tests/integration/release-safety-backup.test.js (13 tests) 6044ms
   ✓ release safety: protected backup evidence > allows wholly omitted archive and rollup families on an empty protected target with explicit UNAVAILABLE state 1327ms
   ✓ release safety: protected backup evidence > confirms a child-before-parent archive input with equal timestamps by restoring the FK parent first 1997ms
   ✓ release safety: protected backup evidence > refuses 'branching chain' before the first destructive write 325ms
   ✓ release safety: protected backup evidence > refuses 'multiple roots' before the first destructive write 347ms
 ✓ tests/integration/fr165-goods-receipt.test.js (6 tests) 825ms
 ✓ tests/integration/fr152-line-oa-rich-menu-jobs.test.js (7 tests) 1722ms
   ✓ FR-152 LineOaRichMenuJob > AC-152.5 — a retryable upload goes back to QUEUED with backoff and keeps the created id; a permanent one FAILS keeping it too 309ms
   ✓ FR-152 LineOaRichMenuJob > AC-152.7 — SET_DEFAULT moves the account's single default on acceptance; SET_ALIAS needs an alias and is idempotent on retry 356ms
 ✓ tests/integration/line-gks-grounding.test.js (15 tests) 33ms
 ✓ tests/integration/openapi-docs.test.js (12 tests) 80ms
 ✓ tests/unit/fr123-plugin-auth-service.test.js (16 tests) 14ms
 ✓ tests/unit/zuri-harness-plugin.test.js (20 tests) 35ms
 ✓ tests/integration/fr146-line-oa-account.test.js (8 tests) 597ms
 ✓ tests/unit/ki17-build-stage.test.js (30 tests) 10ms
 ✓ tests/integration/line-non-text-admission.test.js (17 tests) 997ms
 ✓ tests/integration/agent-msp-thread-memory.test.js (12 tests) 216ms
 ✓ tests/integration/fr228-line-oa-legacy-quiescence.test.js (10 tests) 983ms
 ✓ tests/integration/project-domain-view.test.js (6 tests) 628ms
 ↓ tests/integration/line-binding-activation.postgres.test.js (5 tests | 5 skipped)
 ✓ tests/unit/context-composer.test.js (28 tests) 9ms
 ✓ tests/unit/plan-intake-flow.test.js (33 tests) 17ms
 ✓ tests/integration/fr089-team-scope.test.js (24 tests) 1085ms
 ✓ tests/integration/crm-customer-erasure.test.js (9 tests) 671ms
 ✓ tests/integration/fr236-knowledge-candidate.test.js (12 tests) 472ms
 ✓ tests/unit/inventory-catalog-intake.test.js (18 tests) 13ms
 ✓ tests/integration/fr123-plugin-auth-reaper.test.js (5 tests) 487ms
 ✓ tests/integration/genesisrag17-tier1.test.js (9 tests) 4148ms
   ✓ GenesisRAG17 Tier 1 source execution > runs Stage 1 through Stage 8 with real persisted outputs and one pending Stage 9 batch 488ms
   ✓ GenesisRAG17 Tier 1 source execution > rolls back the newly created run and intent if the process dies before intent creation 585ms
   ✓ GenesisRAG17 Tier 1 source execution > rejects a replay when a durable mention changes immutable source lineage 618ms
   ✓ GenesisRAG17 Tier 1 source execution > keeps a corrected source version as a separate immutable raw, parsed and chunk lineage 512ms
   ✓ GenesisRAG17 Tier 1 source execution > executes an explicit FR-071 replay with new stage attempts and the same raw lineage 722ms
   ✓ GenesisRAG17 Tier 1 source execution > rejects changed raw or parsed hashes when resolving a public citation lineage 698ms
 ✓ tests/integration/crm-chat-evidence-archive.test.js (7 tests) 1226ms
 ✓ tests/unit/pricing-engine.test.js (90 tests) 218ms
 ✓ tests/integration/smartgift-catalog-admission.test.js (9 tests) 1041ms
   ✓ SmartGift structured-record admission (FR-187) > Stage 5 classify enforcement > carries the structured provider, entity type and content type onto the raw lineage 518ms
 ✓ tests/integration/memory-trace-linkage.test.js (13 tests) 766ms
 ✓ tests/integration/credential-vault-provider-kinds-lifecycle.test.js (19 tests) 1219ms
 ✓ tests/integration/fr184-inventory-stocktake.test.js (7 tests) 540ms
 ✓ tests/integration/fr164-procurement.test.js (5 tests) 629ms
 ✓ tests/integration/fr072-refusal-disclosure.test.js (15 tests) 363ms
 ✓ tests/integration/fr110-knowledge-evidence-importer.test.js (8 tests) 1641ms
   ✓ FR-110 — the GKS evidence pull importer (ADR-068) > a contract violation on an attributable row blocks: the cursor stops before it and it is seen again next pull 306ms
 ✓ tests/integration/fr177-kitting-work-order.test.js (8 tests) 988ms
 ✓ tests/integration/marketing-plan.test.js (6 tests) 370ms
 ✓ tests/integration/crm-chat-evidence-retrieval.test.js (8 tests) 1575ms
   ✓ FR-245 chat evidence retrieval (TASK-ZAI-112) > recovers an archived message grouped by its archived session, with the manifest that proves it, and audits the attempt 445ms
   ✓ FR-245 chat evidence retrieval (TASK-ZAI-112) > refuses the whole retrieval — nothing decrypted, nothing partially recovered — when the Tenant chain is broken, even though the affected manifest is individually self-consistent 368ms
 ✓ tests/integration/projects-dashboard.test.js (10 tests) 574ms
 ✓ tests/unit/line-binding-activation.test.js (13 tests) 14ms
 ✓ tests/integration/fr184-inventory-stocktake-backup.test.js (7 tests) 7320ms
   ✓ FR-184 stocktake snapshot recovery > exports both rows and restores exact evidence twice, then continues the fence 6082ms
   ✓ FR-184 stocktake snapshot recovery > rejects committed results that cannot reconcile their movement evidence 528ms
 ✓ tests/integration/agent-heartbeat-route.test.js (17 tests) 382ms
 ✓ tests/integration/line-registry-scope.test.js (13 tests) 235ms
 ✓ tests/integration/line-channel-credential-routes.test.js (10 tests) 688ms
 ✓ tests/integration/fr123-plugin-consent-gate.test.js (20 tests) 232ms
 ✓ tests/integration/fr155-inventory-stock.test.js (6 tests) 373ms
stderr | tests/unit/line-admission-after-ack.test.js > admission after the acknowledgement > retries a transient failure and records the event as admitted
{"scope":"line-admission-after-ack","attempt":1,"willRetry":true,"status":null,"code":null,"name":"Error","message":"CONNECTION_RESET","stack":"Error: CONNECTION_RESET |     at C:\\Users\\pc\\.codex\\visualizations\\2026\\09\\16\\01a0ab85-48d9-7380-91a5-7dd7539f6427\\zuri-pricing-engine\\apps\\server\\tests\\unit\\line-admission-after-ack.test.js:45:30 |     at file:///C:/Users/pc/.codex/visualizations/2026/09/16/01a0ab85-48d9-7380-91a5-7dd7539f6427/zuri-pricing-engine/apps/server/node_modules/@vitest/runner/dist/index.js:146:14"}

stderr | tests/unit/line-admission-after-ack.test.js > admission after the acknowledgement > stops retrying a deterministic rejection and marks it skipped
{"scope":"line-admission-after-ack","attempt":1,"willRetry":false,"status":400,"code":"LINE_TEXT_TOO_LONG","name":"Error","message":"LINE_TEXT_TOO_LONG","stack":"Error: LINE_TEXT_TOO_LONG |     at C:\\Users\\pc\\.codex\\visualizations\\2026\\09\\16\\01a0ab85-48d9-7380-91a5-7dd7539f6427\\zuri-pricing-engine\\apps\\server\\tests\\unit\\line-admission-after-ack.test.js:61:59 |     at file:///C:/Users/pc/.codex/visualizations/2026/09/16/01a0ab85-48d9-7380-91a5-7dd7539f6427/zuri-pricing-engine/apps/server/node_modules/@vitest/runner/dist/index.js:146:14"}

stderr | tests/unit/line-admission-after-ack.test.js > admission after the acknowledgement > gives up after the last attempt and leaves the reason on the evidence row
{"scope":"line-admission-after-ack","attempt":1,"willRetry":true,"status":null,"code":null,"name":"Error","message":"QUEUE_UNAVAILABLE","stack":"Error: QUEUE_UNAVAILABLE |     at C:\\Users\\pc\\.codex\\visualizations\\2026\\09\\16\\01a0ab85-48d9-7380-91a5-7dd7539f6427\\zuri-pricing-engine\\apps\\server\\tests\\unit\\line-admission-after-ack.test.js:76:45 |     at file:///C:/Users/pc/.codex/visualizations/2026/09/16/01a0ab85-48d9-7380-91a5-7dd7539f6427/zuri-pricing-engine/apps/server/node_modules/@vitest/runner/dist/index.js:146:14"}

stderr | tests/unit/line-admission-after-ack.test.js > admission after the acknowledgement > gives up after the last attempt and leaves the reason on the evidence row
{"scope":"line-admission-after-ack","attempt":2,"willRetry":true,"status":null,"code":null,"name":"Error","message":"QUEUE_UNAVAILABLE","stack":"Error: QUEUE_UNAVAILABLE |     at C:\\Users\\pc\\.codex\\visualizations\\2026\\09\\16\\01a0ab85-48d9-7380-91a5-7dd7539f6427\\zuri-pricing-engine\\apps\\server\\tests\\unit\\line-admission-after-ack.test.js:76:45 |     at file:///C:/Users/pc/.codex/visualizations/2026/09/16/01a0ab85-48d9-7380-91a5-7dd7539f6427/zuri-pricing-engine/apps/server/node_modules/@vitest/runner/dist/index.js:146:14"}

stderr | tests/unit/line-admission-after-ack.test.js > admission after the acknowledgement > gives up after the last attempt and leaves the reason on the evidence row
{"scope":"line-admission-after-ack","attempt":3,"willRetry":false,"status":null,"code":null,"name":"Error","message":"QUEUE_UNAVAILABLE","stack":"Error: QUEUE_UNAVAILABLE |     at C:\\Users\\pc\\.codex\\visualizations\\2026\\09\\16\\01a0ab85-48d9-7380-91a5-7dd7539f6427\\zuri-pricing-engine\\apps\\server\\tests\\unit\\line-admission-after-ack.test.js:76:45 |     at file:///C:/Users/pc/.codex/visualizations/2026/09/16/01a0ab85-48d9-7380-91a5-7dd7539f6427/zuri-pricing-engine/apps/server/node_modules/@vitest/runner/dist/index.js:146:14"}

stderr | tests/unit/line-admission-after-ack.test.js > admission after the acknowledgement > keeps admitting the rest of the batch after one event exhausts its retries
{"scope":"line-admission-after-ack","attempt":1,"willRetry":true,"status":null,"code":null,"name":"Error","message":"QUEUE_UNAVAILABLE","stack":"Error: QUEUE_UNAVAILABLE |     at C:\\Users\\pc\\.codex\\visualizations\\2026\\09\\16\\01a0ab85-48d9-7380-91a5-7dd7539f6427\\zuri-pricing-engine\\apps\\server\\tests\\unit\\line-admission-after-ack.test.js:104:53 |     at mockCall (file:///C:/Users/pc/.codex/visualizations/2026/09/16/01a0ab85-48d9-7380-91a5-7dd7539f6427/zuri-pricing-engine/apps/server/node_modules/@vitest/spy/dist/index.js:61:17)"}

stderr | tests/unit/line-admission-after-ack.test.js > admission after the acknowledgement > keeps admitting the rest of the batch after one event exhausts its retries
{"scope":"line-admission-after-ack","attempt":2,"willRetry":false,"status":null,"code":null,"name":"Error","message":"QUEUE_UNAVAILABLE","stack":"Error: QUEUE_UNAVAILABLE |     at C:\\Users\\pc\\.codex\\visualizations\\2026\\09\\16\\01a0ab85-48d9-7380-91a5-7dd7539f6427\\zuri-pricing-engine\\apps\\server\\tests\\unit\\line-admission-after-ack.test.js:104:53 |     at mockCall (file:///C:/Users/pc/.codex/visualizations/2026/09/16/01a0ab85-48d9-7380-91a5-7dd7539f6427/zuri-pricing-engine/apps/server/node_modules/@vitest/spy/dist/index.js:61:17)"}

stderr | tests/unit/line-admission-after-ack.test.js > the ADMITTING label precedes the admit attempt > writes ADMITTING exactly once per entry even when admission retries
{"scope":"line-admission-after-ack","attempt":1,"willRetry":true,"status":null,"code":null,"name":"Error","message":"CONNECTION_RESET","stack":"Error: CONNECTION_RESET |     at C:\\Users\\pc\\.codex\\visualizations\\2026\\09\\16\\01a0ab85-48d9-7380-91a5-7dd7539f6427\\zuri-pricing-engine\\apps\\server\\tests\\unit\\line-admission-after-ack.test.js:168:30 |     at file:///C:/Users/pc/.codex/visualizations/2026/09/16/01a0ab85-48d9-7380-91a5-7dd7539f6427/zuri-pricing-engine/apps/server/node_modules/@vitest/runner/dist/index.js:146:14"}

stderr | tests/unit/line-admission-after-ack.test.js > the ADMITTING label precedes the admit attempt > still lands on FAILED after the ADMITTING label when every attempt is exhausted
{"scope":"line-admission-after-ack","attempt":1,"willRetry":true,"status":null,"code":null,"name":"Error","message":"QUEUE_UNAVAILABLE","stack":"Error: QUEUE_UNAVAILABLE |     at C:\\Users\\pc\\.codex\\visualizations\\2026\\09\\16\\01a0ab85-48d9-7380-91a5-7dd7539f6427\\zuri-pricing-engine\\apps\\server\\tests\\unit\\line-admission-after-ack.test.js:178:45 |     at file:///C:/Users/pc/.codex/visualizations/2026/09/16/01a0ab85-48d9-7380-91a5-7dd7539f6427/zuri-pricing-engine/apps/server/node_modules/@vitest/runner/dist/index.js:146:14"}

stderr | tests/unit/line-admission-after-ack.test.js > the ADMITTING label precedes the admit attempt > still lands on FAILED after the ADMITTING label when every attempt is exhausted
{"scope":"line-admission-after-ack","attempt":2,"willRetry":true,"status":null,"code":null,"name":"Error","message":"QUEUE_UNAVAILABLE","stack":"Error: QUEUE_UNAVAILABLE |     at C:\\Users\\pc\\.codex\\visualizations\\2026\\09\\16\\01a0ab85-48d9-7380-91a5-7dd7539f6427\\zuri-pricing-engine\\apps\\server\\tests\\unit\\line-admission-after-ack.test.js:178:45 |     at file:///C:/Users/pc/.codex/visualizations/2026/09/16/01a0ab85-48d9-7380-91a5-7dd7539f6427/zuri-pricing-engine/apps/server/node_modules/@vitest/runner/dist/index.js:146:14"}

stderr | tests/unit/line-admission-after-ack.test.js > the ADMITTING label precedes the admit attempt > still lands on FAILED after the ADMITTING label when every attempt is exhausted
{"scope":"line-admission-after-ack","attempt":3,"willRetry":false,"status":null,"code":null,"name":"Error","message":"QUEUE_UNAVAILABLE","stack":"Error: QUEUE_UNAVAILABLE |     at C:\\Users\\pc\\.codex\\visualizations\\2026\\09\\16\\01a0ab85-48d9-7380-91a5-7dd7539f6427\\zuri-pricing-engine\\apps\\server\\tests\\unit\\line-admission-after-ack.test.js:178:45 |     at file:///C:/Users/pc/.codex/visualizations/2026/09/16/01a0ab85-48d9-7380-91a5-7dd7539f6427/zuri-pricing-engine/apps/server/node_modules/@vitest/runner/dist/index.js:146:14"}

stderr | tests/unit/line-admission-after-ack.test.js > waking the worker once the job actually exists > stays silent when nothing was admitted
{"scope":"line-admission-after-ack","attempt":1,"willRetry":false,"status":400,"code":null,"name":"Error","message":"LINE_TEXT_TOO_LONG","stack":"Error: LINE_TEXT_TOO_LONG |     at C:\\Users\\pc\\.codex\\visualizations\\2026\\09\\16\\01a0ab85-48d9-7380-91a5-7dd7539f6427\\zuri-pricing-engine\\apps\\server\\tests\\unit\\line-admission-after-ack.test.js:301:59 |     at file:///C:/Users/pc/.codex/visualizations/2026/09/16/01a0ab85-48d9-7380-91a5-7dd7539f6427/zuri-pricing-engine/apps/server/node_modules/@vitest/runner/dist/index.js:146:14"}

 ✓ tests/unit/line-admission-after-ack.test.js (18 tests) 93ms
 ✓ tests/integration/fr225-line-oa-self-serve-onboarding.test.js (6 tests) 524ms
stderr | tests/integration/server-line-webhook.test.js > native LINE webhook trust boundary > authenticates raw bytes before JSON parsing: malformed unsigned data gets 401, signed data gets 400
{"scope":"line-webhook-request","correlationId":"corr-native-webhook","status":401,"code":"LINE_WEBHOOK_SIGNATURE_INVALID","name":"Error","message":"LINE_WEBHOOK_SIGNATURE_INVALID","stack":"Error: LINE_WEBHOOK_SIGNATURE_INVALID |     at failure (C:\\Users\\pc\\.codex\\visualizations\\2026\\09\\16\\01a0ab85-48d9-7380-91a5-7dd7539f6427\\zuri-pricing-engine\\apps\\server\\src\\platform\\integrations\\providers\\line\\server-line-transport.js:53:17) |     at Module.verifyServerLineWebhook (C:\\Users\\pc\\.codex\\visualizations\\2026\\09\\16\\01a0ab85-48d9-7380-91a5-7dd7539f6427\\zuri-pricing-engine\\apps\\server\\src\\platform\\integrations\\providers\\line\\server-line-transport.js:209:11)"}
{"scope":"line-webhook-request","correlationId":"corr-native-webhook","status":400,"code":"LINE_WEBHOOK_PAYLOAD_INVALID","name":"Error","message":"LINE_WEBHOOK_PAYLOAD_INVALID","stack":"Error: LINE_WEBHOOK_PAYLOAD_INVALID |     at failure (C:\\Users\\pc\\.codex\\visualizations\\2026\\09\\16\\01a0ab85-48d9-7380-91a5-7dd7539f6427\\zuri-pricing-engine\\apps\\server\\src\\platform\\integrations\\providers\\line\\server-line-transport.js:53:17) |     at Module.verifyServerLineWebhook (C:\\Users\\pc\\.codex\\visualizations\\2026\\09\\16\\01a0ab85-48d9-7380-91a5-7dd7539f6427\\zuri-pricing-engine\\apps\\server\\src\\platform\\integrations\\providers\\line\\server-line-transport.js:215:11)"}

stderr | tests/integration/server-line-webhook.test.js > native LINE webhook trust boundary > rejects invalid signatures and signed destination mismatches before any persistence
{"scope":"line-webhook-request","correlationId":"corr-native-webhook","status":401,"code":"LINE_WEBHOOK_SIGNATURE_INVALID","name":"Error","message":"LINE_WEBHOOK_SIGNATURE_INVALID","stack":"Error: LINE_WEBHOOK_SIGNATURE_INVALID |     at failure (C:\\Users\\pc\\.codex\\visualizations\\2026\\09\\16\\01a0ab85-48d9-7380-91a5-7dd7539f6427\\zuri-pricing-engine\\apps\\server\\src\\platform\\integrations\\providers\\line\\server-line-transport.js:53:17) |     at Module.verifyServerLineWebhook (C:\\Users\\pc\\.codex\\visualizations\\2026\\09\\16\\01a0ab85-48d9-7380-91a5-7dd7539f6427\\zuri-pricing-engine\\apps\\server\\src\\platform\\integrations\\providers\\line\\server-line-transport.js:209:11)"}
{"scope":"line-webhook-request","correlationId":"corr-native-webhook","status":403,"code":"LINE_WEBHOOK_DESTINATION_MISMATCH","name":"Error","message":"LINE_WEBHOOK_DESTINATION_MISMATCH","stack":"Error: LINE_WEBHOOK_DESTINATION_MISMATCH |     at failure (C:\\Users\\pc\\.codex\\visualizations\\2026\\09\\16\\01a0ab85-48d9-7380-91a5-7dd7539f6427\\zuri-pricing-engine\\apps\\server\\src\\platform\\integrations\\providers\\line\\server-line-transport.js:53:17) |     at Module.verifyServerLineWebhook (C:\\Users\\pc\\.codex\\visualizations\\2026\\09\\16\\01a0ab85-48d9-7380-91a5-7dd7539f6427\\zuri-pricing-engine\\apps\\server\\src\\platform\\integrations\\providers\\line\\server-line-transport.js:217:55)"}

stderr | tests/integration/server-line-webhook.test.js > native LINE webhook trust boundary > uses exact signed bytes, then records evidence before admitting each event
{"scope":"line-webhook-request","correlationId":"corr-native-webhook","status":401,"code":"LINE_WEBHOOK_SIGNATURE_INVALID","name":"Error","message":"LINE_WEBHOOK_SIGNATURE_INVALID","stack":"Error: LINE_WEBHOOK_SIGNATURE_INVALID |     at failure (C:\\Users\\pc\\.codex\\visualizations\\2026\\09\\16\\01a0ab85-48d9-7380-91a5-7dd7539f6427\\zuri-pricing-engine\\apps\\server\\src\\platform\\integrations\\providers\\line\\server-line-transport.js:53:17) |     at Module.verifyServerLineWebhook (C:\\Users\\pc\\.codex\\visualizations\\2026\\09\\16\\01a0ab85-48d9-7380-91a5-7dd7539f6427\\zuri-pricing-engine\\apps\\server\\src\\platform\\integrations\\providers\\line\\server-line-transport.js:209:11)"}

stderr | tests/integration/server-line-webhook.test.js > native LINE webhook trust boundary > fails closed when the evidence connection is absent or belongs to another account
{"scope":"line-webhook-request","correlationId":"corr-native-webhook","status":null,"code":null,"name":"Error","message":"LINE_EVIDENCE_UNAVAILABLE","stack":"Error: LINE_EVIDENCE_UNAVAILABLE |     at C:\\Users\\pc\\.codex\\visualizations\\2026\\09\\16\\01a0ab85-48d9-7380-91a5-7dd7539f6427\\zuri-pricing-engine\\apps\\server\\src\\app\\api\\line-oa\\accounts\\[id]\\webhook\\route.js:42:78 |     at processTicksAndRejections (node:internal/process/task_queues:104:5)"}
{"scope":"line-webhook-request","correlationId":"corr-native-webhook","status":null,"code":null,"name":"Error","message":"LINE_EVIDENCE_UNAVAILABLE","stack":"Error: LINE_EVIDENCE_UNAVAILABLE |     at C:\\Users\\pc\\.codex\\visualizations\\2026\\09\\16\\01a0ab85-48d9-7380-91a5-7dd7539f6427\\zuri-pricing-engine\\apps\\server\\src\\app\\api\\line-oa\\accounts\\[id]\\webhook\\route.js:42:78 |     at processTicksAndRejections (node:internal/process/task_queues:104:5)"}

stderr | tests/integration/server-line-webhook.test.js > native LINE webhook trust boundary > returns non-200 for evidence persistence failure and never admits that event
{"scope":"line-webhook-event-capture","correlationId":"corr-native-webhook","status":null,"code":null,"name":"Error","message":"PRIVATE_DB_SECRET","stack":"Error: PRIVATE_DB_SECRET |     at Object.record (C:\\Users\\pc\\.codex\\visualizations\\2026\\09\\16\\01a0ab85-48d9-7380-91a5-7dd7539f6427\\zuri-pricing-engine\\apps\\server\\tests\\integration\\server-line-webhook.test.js:96:126) |     at C:\\Users\\pc\\.codex\\visualizations\\2026\\09\\16\\01a0ab85-48d9-7380-91a5-7dd7539f6427\\zuri-pricing-engine\\apps\\server\\src\\app\\api\\line-oa\\accounts\\[id]\\webhook\\route.js:66:41"}

stderr | tests/integration/server-line-webhook.test.js > native LINE webhook trust boundary > still answers 200 when admission fails, and never leaks its cause
{"scope":"line-admission-after-ack","correlationId":"corr-native-webhook","attempt":1,"willRetry":false,"status":null,"code":null,"name":"Error","message":"PRIVATE_QUEUE_ERROR","stack":"Error: PRIVATE_QUEUE_ERROR |     at C:\\Users\\pc\\.codex\\visualizations\\2026\\09\\16\\01a0ab85-48d9-7380-91a5-7dd7539f6427\\zuri-pricing-engine\\apps\\server\\tests\\integration\\server-line-webhook.test.js:125:45 |     at file:///C:/Users/pc/.codex/visualizations/2026/09/16/01a0ab85-48d9-7380-91a5-7dd7539f6427/zuri-pricing-engine/apps/server/node_modules/@vitest/runner/dist/index.js:146:14"}

stderr | tests/integration/server-line-webhook.test.js > native LINE webhook trust boundary > rejects an oversized body before parsing or persistence
{"scope":"line-webhook-request","correlationId":"corr-native-webhook","status":413,"code":null,"name":"Error","message":"LINE_BODY_TOO_LARGE","stack":"Error: LINE_BODY_TOO_LARGE |     at boundedBody (C:\\Users\\pc\\.codex\\visualizations\\2026\\09\\16\\01a0ab85-48d9-7380-91a5-7dd7539f6427\\zuri-pricing-engine\\apps\\server\\src\\app\\api\\line-oa\\accounts\\[id]\\webhook\\route.js:23:29) |     at processTicksAndRejections (node:internal/process/task_queues:104:5)"}

stderr | tests/integration/server-line-webhook.test.js > native LINE webhook trust boundary > skips one event that fails deterministically and still admits the rest
{"scope":"line-admission-after-ack","correlationId":"corr-native-webhook","attempt":1,"willRetry":false,"status":409,"code":null,"name":"Error","message":"CHANNEL_IDENTITY_COMPATIBILITY_CONFLICT","stack":"Error: CHANNEL_IDENTITY_COMPATIBILITY_CONFLICT |     at C:\\Users\\pc\\.codex\\visualizations\\2026\\09\\16\\01a0ab85-48d9-7380-91a5-7dd7539f6427\\zuri-pricing-engine\\apps\\server\\tests\\integration\\server-line-webhook.test.js:152:74 |     at mockCall (file:///C:/Users/pc/.codex/visualizations/2026/09/16/01a0ab85-48d9-7380-91a5-7dd7539f6427/zuri-pricing-engine/apps/server/node_modules/@vitest/spy/dist/index.js:61:17)"}

stderr | tests/integration/server-line-webhook.test.js > native LINE webhook trust boundary > asks LINE to redeliver only for an event it could not store, and admits the rest anyway
{"scope":"line-webhook-event-capture","correlationId":"corr-native-webhook","status":null,"code":null,"name":"Error","message":"PRIVATE_DB_SECRET","stack":"Error: PRIVATE_DB_SECRET |     at Object.<anonymous> (C:\\Users\\pc\\.codex\\visualizations\\2026\\09\\16\\01a0ab85-48d9-7380-91a5-7dd7539f6427\\zuri-pricing-engine\\apps\\server\\tests\\integration\\server-line-webhook.test.js:174:60) |     at Object.mockCall (file:///C:/Users/pc/.codex/visualizations/2026/09/16/01a0ab85-48d9-7380-91a5-7dd7539f6427/zuri-pricing-engine/apps/server/node_modules/@vitest/spy/dist/index.js:61:17)"}

stderr | tests/integration/server-line-webhook.test.js > native webhook retry with durable SQLite admission > replays a partially admitted batch into exactly one job/message per event
{"scope":"line-admission-after-ack","correlationId":"corr-native-webhook","attempt":1,"willRetry":true,"status":null,"code":null,"name":"Error","message":"TRANSIENT_QUEUE_FAILURE","stack":"Error: TRANSIENT_QUEUE_FAILURE |     at C:\\Users\\pc\\.codex\\visualizations\\2026\\09\\16\\01a0ab85-48d9-7380-91a5-7dd7539f6427\\zuri-pricing-engine\\apps\\server\\tests\\integration\\server-line-webhook.test.js:208:15 |     at mockCall (file:///C:/Users/pc/.codex/visualizations/2026/09/16/01a0ab85-48d9-7380-91a5-7dd7539f6427/zuri-pricing-engine/apps/server/node_modules/@vitest/spy/dist/index.js:61:17)"}

 ✓ tests/integration/server-line-webhook.test.js (12 tests) 196ms
 ✓ tests/unit/line-activation-contract.test.js (22 tests) 118ms
 ✓ tests/integration/fr166-sales-order.test.js (6 tests) 674ms
 ✓ tests/unit/fr059-strategy-edit-ui.test.js (27 tests) 6ms
 ✓ tests/integration/fr156-inventory-recipe.test.js (5 tests) 469ms
 ✓ tests/unit/platform/server-line-transport.test.js (49 tests) 27ms
 ✓ tests/integration/fr161-sales-task.test.js (6 tests) 598ms
 ✓ tests/unit/projects-dashboard-read-model.test.js (25 tests) 19ms
 ✓ tests/unit/membership-lifecycle-service.test.js (21 tests) 14ms
 ✓ tests/integration/fr151-line-oa-rich-menu.test.js (7 tests) 500ms
 ✓ tests/integration/marketing-campaign.test.js (10 tests) 442ms
 ✓ tests/integration/agent-multi-principal.test.js (15 tests) 728ms
 ✓ tests/integration/marketing-content-references.test.js (8 tests) 480ms
 ✓ tests/integration/fr109-knowledge-ingestion-executor.test.js (10 tests) 2734ms
   ✓ FR-109 ledger-writing wiring > transitions all seven Tier 1 PipelineStep rows NOT_STARTED -> RUNNING -> SUCCEEDED 338ms
   ✓ FR-109 ledger-writing wiring > is idempotent end to end — re-ingesting the same artifact writes nothing new 311ms
   ✓ FR-109 ledger-writing wiring > refuses to write for a different tenant’s document under the same documentId — the run key stays per-artifact 538ms
 ✓ tests/unit/inventory-domain.test.js (19 tests) 9ms
 ✓ tests/unit/inventory-routes.test.js (10 tests) 29ms
 ✓ tests/unit/crm-chat-evidence-archive-crypto.test.js (21 tests) 7ms
 ✓ tests/integration/fr252-pricing-catalog.test.js (7 tests) 423ms
 ✓ tests/unit/operator-bootstrap.test.js (19 tests) 136ms
 ✓ tests/integration/line-oa-provider-migration.test.js (6 tests) 233ms
 ✓ tests/integration/fr227-line-oa-webhook-registration.test.js (7 tests) 665ms
stdout | tests/integration/line-oa-evidence-convergence.test.js > LINE OA ingress converges on the canonical ingestion envelope (FR-081) > writes canonical raw evidence AND business truth from one ingress
{"ts":"2026-09-16T20:40:02.102Z","level":"info","event":"line.webhook.received","correlationId":"0e063781-64d6-4f18-b75a-3b952239d401","correlationSource":"GENERATED","tenantId":"e47ed79f-a485-47f7-8723-ee1f7155a269","businessId":"bbcd6498-6676-4699-a3bd-9ccf6d767b33","received":1}

stdout | tests/integration/line-oa-evidence-convergence.test.js > LINE OA ingress converges on the canonical ingestion envelope (FR-081) > writes canonical raw evidence AND business truth from one ingress
{"ts":"2026-09-16T20:40:02.155Z","level":"info","event":"line.webhook.event","correlationId":"0e063781-64d6-4f18-b75a-3b952239d401","eventId":"WEH-CONV-1","tenantId":"e47ed79f-a485-47f7-8723-ee1f7155a269","businessId":"bbcd6498-6676-4699-a3bd-9ccf6d767b33","eventType":"message","messageType":"text","connectionId":"62d032ac-afdf-4464-ac2a-70327ad37717","stage":"TURN","outcome":"OK","principalType":"CUSTOMER","responseKind":"ANSWER","grounded":true,"skipReply":false,"conversationId":"6ff8d334-4021-492e-8df8-fc4d3266677f","messageId":"0a5ad8d7-91d1-4359-8b98-0a00775357b9","personId":"77bba802-adf3-41d4-825b-06f14e0bce20","evidenceStatus":"CREATED","durationMs":51}
{"ts":"2026-09-16T20:40:02.155Z","level":"info","event":"line.webhook.completed","correlationId":"0e063781-64d6-4f18-b75a-3b952239d401","correlationSource":"GENERATED","tenantId":"e47ed79f-a485-47f7-8723-ee1f7155a269","businessId":"bbcd6498-6676-4699-a3bd-9ccf6d767b33","connectionId":"62d032ac-afdf-4464-ac2a-70327ad37717","received":1,"handled":1,"failed":0,"skippedCount":0,"evidenceRecorded":1,"durationMs":55}

stdout | tests/integration/line-oa-evidence-convergence.test.js > LINE OA ingress converges on the canonical ingestion envelope (FR-081) > records evidence for the events the turn skips, which were previously discarded
{"ts":"2026-09-16T20:40:02.160Z","level":"info","event":"line.webhook.received","correlationId":"fe13551a-ad4b-4d09-93d8-7afca05206df","correlationSource":"GENERATED","tenantId":"e47ed79f-a485-47f7-8723-ee1f7155a269","businessId":"bbcd6498-6676-4699-a3bd-9ccf6d767b33","received":3}

stdout | tests/integration/line-oa-evidence-convergence.test.js > LINE OA ingress converges on the canonical ingestion envelope (FR-081) > records evidence for the events the turn skips, which were previously discarded
{"ts":"2026-09-16T20:40:02.172Z","level":"info","event":"line.webhook.event","correlationId":"fe13551a-ad4b-4d09-93d8-7afca05206df","eventId":"WEH-CONV-FOLLOW","tenantId":"e47ed79f-a485-47f7-8723-ee1f7155a269","businessId":"bbcd6498-6676-4699-a3bd-9ccf6d767b33","eventType":"follow","connectionId":"62d032ac-afdf-4464-ac2a-70327ad37717","stage":"DISPATCH","outcome":"SKIPPED","skipped":true,"evidenceStatus":"CREATED","durationMs":11}

stdout | tests/integration/line-oa-evidence-convergence.test.js > LINE OA ingress converges on the canonical ingestion envelope (FR-081) > records evidence for the events the turn skips, which were previously discarded
{"ts":"2026-09-16T20:40:02.187Z","level":"info","event":"line.webhook.event","correlationId":"fe13551a-ad4b-4d09-93d8-7afca05206df","eventId":"WEH-CONV-POSTBACK","tenantId":"e47ed79f-a485-47f7-8723-ee1f7155a269","businessId":"bbcd6498-6676-4699-a3bd-9ccf6d767b33","eventType":"postback","connectionId":"62d032ac-afdf-4464-ac2a-70327ad37717","stage":"DISPATCH","outcome":"SKIPPED","skipped":true,"evidenceStatus":"CREATED","durationMs":15}

stdout | tests/integration/line-oa-evidence-convergence.test.js > LINE OA ingress converges on the canonical ingestion envelope (FR-081) > records evidence for the events the turn skips, which were previously discarded
{"ts":"2026-09-16T20:40:02.200Z","level":"info","event":"line.webhook.event","correlationId":"fe13551a-ad4b-4d09-93d8-7afca05206df","eventId":"WEH-CONV-STICKER","tenantId":"e47ed79f-a485-47f7-8723-ee1f7155a269","businessId":"bbcd6498-6676-4699-a3bd-9ccf6d767b33","eventType":"message","messageType":"sticker","connectionId":"62d032ac-afdf-4464-ac2a-70327ad37717","stage":"DISPATCH","outcome":"SKIPPED","skipped":true,"evidenceStatus":"CREATED","durationMs":13}
{"ts":"2026-09-16T20:40:02.200Z","level":"info","event":"line.webhook.completed","correlationId":"fe13551a-ad4b-4d09-93d8-7afca05206df","correlationSource":"GENERATED","tenantId":"e47ed79f-a485-47f7-8723-ee1f7155a269","businessId":"bbcd6498-6676-4699-a3bd-9ccf6d767b33","connectionId":"62d032ac-afdf-4464-ac2a-70327ad37717","received":3,"handled":0,"failed":0,"skippedCount":3,"evidenceRecorded":3,"durationMs":41}

stdout | tests/integration/line-oa-evidence-convergence.test.js > LINE OA ingress converges on the canonical ingestion envelope (FR-081) > is idempotent on redelivery: one raw record, reported UNCHANGED
{"ts":"2026-09-16T20:40:02.203Z","level":"info","event":"line.webhook.received","correlationId":"4b33ec34-107e-4992-b637-f2886def2a98","correlationSource":"GENERATED","tenantId":"e47ed79f-a485-47f7-8723-ee1f7155a269","businessId":"bbcd6498-6676-4699-a3bd-9ccf6d767b33","received":1}

stdout | tests/integration/line-oa-evidence-convergence.test.js > LINE OA ingress converges on the canonical ingestion envelope (FR-081) > is idempotent on redelivery: one raw record, reported UNCHANGED
{"ts":"2026-09-16T20:40:02.250Z","level":"info","event":"line.webhook.event","correlationId":"4b33ec34-107e-4992-b637-f2886def2a98","eventId":"WEH-CONV-3","tenantId":"e47ed79f-a485-47f7-8723-ee1f7155a269","businessId":"bbcd6498-6676-4699-a3bd-9ccf6d767b33","eventType":"message","messageType":"text","connectionId":"62d032ac-afdf-4464-ac2a-70327ad37717","stage":"TURN","outcome":"OK","principalType":"CUSTOMER","responseKind":"ANSWER","grounded":true,"skipReply":false,"conversationId":"d5dd7dc4-8ad4-4ce8-8c47-018176bc5145","messageId":"31db4f8e-a39f-48e2-9026-0b7af06bf8b3","personId":"d4064fec-ff36-49ee-99ea-56485a7d34a0","evidenceStatus":"CREATED","durationMs":46}
{"ts":"2026-09-16T20:40:02.250Z","level":"info","event":"line.webhook.completed","correlationId":"4b33ec34-107e-4992-b637-f2886def2a98","correlationSource":"GENERATED","tenantId":"e47ed79f-a485-47f7-8723-ee1f7155a269","businessId":"bbcd6498-6676-4699-a3bd-9ccf6d767b33","connectionId":"62d032ac-afdf-4464-ac2a-70327ad37717","received":1,"handled":1,"failed":0,"skippedCount":0,"evidenceRecorded":1,"durationMs":48}
{"ts":"2026-09-16T20:40:02.251Z","level":"info","event":"line.webhook.received","correlationId":"990d6f65-524e-46a5-a99f-b92f5a8c9102","correlationSource":"GENERATED","tenantId":"e47ed79f-a485-47f7-8723-ee1f7155a269","businessId":"bbcd6498-6676-4699-a3bd-9ccf6d767b33","received":1}

stdout | tests/integration/line-oa-evidence-convergence.test.js > LINE OA ingress converges on the canonical ingestion envelope (FR-081) > is idempotent on redelivery: one raw record, reported UNCHANGED
{"ts":"2026-09-16T20:40:02.260Z","level":"info","event":"line.webhook.event","correlationId":"990d6f65-524e-46a5-a99f-b92f5a8c9102","eventId":"WEH-CONV-3","tenantId":"e47ed79f-a485-47f7-8723-ee1f7155a269","businessId":"bbcd6498-6676-4699-a3bd-9ccf6d767b33","eventType":"message","messageType":"text","connectionId":"62d032ac-afdf-4464-ac2a-70327ad37717","stage":"TURN","outcome":"OK","principalType":"CUSTOMER","responseKind":"DUPLICATE","skipReply":true,"conversationId":"d5dd7dc4-8ad4-4ce8-8c47-018176bc5145","messageId":"31db4f8e-a39f-48e2-9026-0b7af06bf8b3","personId":"d4064fec-ff36-49ee-99ea-56485a7d34a0","evidenceStatus":"UNCHANGED","durationMs":8}
{"ts":"2026-09-16T20:40:02.260Z","level":"info","event":"line.webhook.completed","correlationId":"990d6f65-524e-46a5-a99f-b92f5a8c9102","correlationSource":"GENERATED","tenantId":"e47ed79f-a485-47f7-8723-ee1f7155a269","businessId":"bbcd6498-6676-4699-a3bd-9ccf6d767b33","connectionId":"62d032ac-afdf-4464-ac2a-70327ad37717","received":1,"handled":1,"failed":0,"skippedCount":0,"evidenceRecorded":1,"durationMs":10}

stdout | tests/integration/line-oa-evidence-convergence.test.js > LINE OA ingress converges on the canonical ingestion envelope (FR-081) > keeps the evidence when the turn fails afterwards
{"ts":"2026-09-16T20:40:02.263Z","level":"info","event":"line.webhook.received","correlationId":"ddee4641-0c23-4a5d-b874-3171833c1758","correlationSource":"GENERATED","tenantId":"e47ed79f-a485-47f7-8723-ee1f7155a269","businessId":"bbcd6498-6676-4699-a3bd-9ccf6d767b33","received":1}

stdout | tests/integration/line-oa-evidence-convergence.test.js > LINE OA ingress converges on the canonical ingestion envelope (FR-081) > keeps the evidence when the turn fails afterwards
{"ts":"2026-09-16T20:40:02.317Z","level":"error","event":"line.webhook.event","correlationId":"ddee4641-0c23-4a5d-b874-3171833c1758","eventId":"WEH-CONV-4","tenantId":"e47ed79f-a485-47f7-8723-ee1f7155a269","businessId":"bbcd6498-6676-4699-a3bd-9ccf6d767b33","eventType":"message","messageType":"text","connectionId":"62d032ac-afdf-4464-ac2a-70327ad37717","stage":"TURN","outcome":"FAILED","errorCode":"KNOWLEDGE_UNAVAILABLE","evidenceStatus":"CREATED","durationMs":52}
{"ts":"2026-09-16T20:40:02.317Z","level":"info","event":"line.webhook.completed","correlationId":"ddee4641-0c23-4a5d-b874-3171833c1758","correlationSource":"GENERATED","tenantId":"e47ed79f-a485-47f7-8723-ee1f7155a269","businessId":"bbcd6498-6676-4699-a3bd-9ccf6d767b33","connectionId":"62d032ac-afdf-4464-ac2a-70327ad37717","received":1,"handled":0,"failed":1,"skippedCount":0,"evidenceRecorded":1,"durationMs":55}

stdout | tests/integration/line-oa-evidence-convergence.test.js > LINE OA ingress converges on the canonical ingestion envelope (FR-081) > leaves a channel with no IntegrationConnection working exactly as before
{"ts":"2026-09-16T20:40:02.366Z","level":"info","event":"line.webhook.received","correlationId":"7a797de7-eb03-450e-96cf-b561425a005b","correlationSource":"GENERATED","tenantId":"6d20f11e-09e8-401d-ad39-ea5316f369d4","businessId":"b4b02479-ddec-4ce8-b2fe-9c741154cd41","received":1}

stdout | tests/integration/line-oa-evidence-convergence.test.js > LINE OA ingress converges on the canonical ingestion envelope (FR-081) > leaves a channel with no IntegrationConnection working exactly as before
{"ts":"2026-09-16T20:40:02.392Z","level":"info","event":"line.webhook.event","correlationId":"7a797de7-eb03-450e-96cf-b561425a005b","eventId":"WEH-CONV-5","tenantId":"6d20f11e-09e8-401d-ad39-ea5316f369d4","businessId":"b4b02479-ddec-4ce8-b2fe-9c741154cd41","eventType":"message","messageType":"text","stage":"TURN","outcome":"OK","principalType":"CUSTOMER","responseKind":"ANSWER","grounded":true,"skipReply":false,"conversationId":"1ab2c70b-03ed-4d39-9bf6-811e36f82575","messageId":"d56b3e29-bef7-4caa-91ad-baab0d405dca","personId":"bea681dd-40ff-4001-8848-747c954a58ee","durationMs":26}
{"ts":"2026-09-16T20:40:02.392Z","level":"info","event":"line.webhook.completed","correlationId":"7a797de7-eb03-450e-96cf-b561425a005b","correlationSource":"GENERATED","tenantId":"6d20f11e-09e8-401d-ad39-ea5316f369d4","businessId":"b4b02479-ddec-4ce8-b2fe-9c741154cd41","received":1,"handled":1,"failed":0,"skippedCount":0,"evidenceRecorded":0,"durationMs":27}

stdout | tests/integration/line-oa-evidence-convergence.test.js > LINE OA ingress converges on the canonical ingestion envelope (FR-081) > treats a not-yet-ACTIVE connection as "not ingesting", not as a broken channel
{"ts":"2026-09-16T20:40:02.444Z","level":"info","event":"line.webhook.received","correlationId":"c62db2c5-adb0-47a8-ab22-daffb5086993","correlationSource":"GENERATED","tenantId":"021bbde9-4f58-4624-91e2-f53998fed9c2","businessId":"6323c470-968f-4871-9713-db2a4ea14163","received":1}

stdout | tests/integration/line-oa-evidence-convergence.test.js > LINE OA ingress converges on the canonical ingestion envelope (FR-081) > treats a not-yet-ACTIVE connection as "not ingesting", not as a broken channel
{"ts":"2026-09-16T20:40:02.475Z","level":"info","event":"line.webhook.event","correlationId":"c62db2c5-adb0-47a8-ab22-daffb5086993","eventId":"WEH-CONV-DRAFT","tenantId":"021bbde9-4f58-4624-91e2-f53998fed9c2","businessId":"6323c470-968f-4871-9713-db2a4ea14163","eventType":"message","messageType":"text","stage":"TURN","outcome":"OK","principalType":"CUSTOMER","responseKind":"ANSWER","grounded":true,"skipReply":false,"conversationId":"2637946b-67d9-4c5c-8b10-52f09b9c95bf","messageId":"46f7b32a-d444-48a2-951c-6af9d52fb7f4","personId":"c0c4daa4-9f97-465e-8348-763ae4df12ad","durationMs":30}
{"ts":"2026-09-16T20:40:02.475Z","level":"info","event":"line.webhook.completed","correlationId":"c62db2c5-adb0-47a8-ab22-daffb5086993","correlationSource":"GENERATED","tenantId":"021bbde9-4f58-4624-91e2-f53998fed9c2","businessId":"6323c470-968f-4871-9713-db2a4ea14163","received":1,"handled":1,"failed":0,"skippedCount":0,"evidenceRecorded":0,"durationMs":32}

stdout | tests/integration/line-oa-evidence-convergence.test.js > LINE OA ingress converges on the canonical ingestion envelope (FR-081) > refuses a connection that belongs to another Business rather than writing to it
{"ts":"2026-09-16T20:40:02.499Z","level":"info","event":"line.webhook.received","correlationId":"5e273c61-4518-4801-af22-8d3f92ac8e5b","correlationSource":"GENERATED","tenantId":"e47ed79f-a485-47f7-8723-ee1f7155a269","businessId":"c27aa3e0-58d5-4c7d-82db-28a4d7239faf","received":1}

 ✓ tests/integration/line-oa-evidence-convergence.test.js (7 tests) 491ms
 ✓ tests/unit/domain-state.test.js (11 tests) 72ms
 ✓ tests/integration/line-admission-reconciler.test.js (10 tests) 593ms
 ✓ tests/integration/fr176-customization-work-order.test.js (7 tests) 372ms
 ✓ tests/integration/fr174-warehouse-locations.test.js (7 tests) 362ms
 ✓ tests/integration/fr143-asset-extraction-job.test.js (9 tests) 598ms
 ✓ tests/integration/fr198-fr199-audit-access-evidence.test.js (10 tests) 259ms
 ✓ tests/integration/channel-account-claim.test.js (8 tests) 359ms
 ✓ tests/unit/task-intake-modal.test.js (21 tests) 16ms
 ↓ tests/integration/controlled-line-activation.postgres.test.js (3 tests | 3 skipped)
 ✓ tests/integration/crm-conversation-sessions.test.js (7 tests) 698ms
 ✓ tests/unit/schema-migration-drift.test.js (19 tests) 252ms
stderr | tests/integration/mfa-totp-lifecycle.test.js > SEC-029 — factor secrets sealed at rest, and the sweep for rows written before > a plaintext factor left by an earlier release fails closed until the sweep seals it, then verifies unchanged
[mfa] factor secret unavailable {
  factorId: 'fce3cf36-8dd3-48be-8f91-984785ac1a1c',
  reason: 'LEGACY_PLAINTEXT'
}

stderr | tests/integration/mfa-totp-lifecycle.test.js > SEC-029 — factor secrets sealed at rest, and the sweep for rows written before > a sealed secret copied onto another Person's factor does not verify for them
[mfa] factor secret unavailable {
  factorId: 'a1b0654e-d242-4831-9648-0eda44fbed95',
  reason: 'AUTHENTICATION_FAILED'
}

 ✓ tests/integration/mfa-totp-lifecycle.test.js (8 tests) 505ms
 ✓ tests/unit/fr058-file-manager-views-ui.test.js (24 tests) 11ms
 ✓ tests/integration/line-reply-record.test.js (11 tests) 420ms
 ✓ tests/integration/platform/integration-persistence.test.js (5 tests) 406ms
stdout | tests/unit/fr079-runtime-cutover.test.js > FR-079 real runtime selection path > resolves the model after binding scope and passes it into the turn
{"ts":"2026-09-16T20:40:18.433Z","level":"info","event":"line.webhook.received","correlationId":"d98c1894-633a-4d95-b8b9-f86cc69d296f","correlationSource":"GENERATED","tenantId":"tenant-a","businessId":"business-a","received":1}

stdout | tests/unit/fr079-runtime-cutover.test.js > FR-079 real runtime selection path > resolves the model after binding scope and passes it into the turn
{"ts":"2026-09-16T20:40:18.434Z","level":"info","event":"line.webhook.event","correlationId":"d98c1894-633a-4d95-b8b9-f86cc69d296f","eventId":"M-test","tenantId":"tenant-a","businessId":"business-a","eventType":"message","messageType":"text","stage":"TURN","outcome":"OK","principalType":"CUSTOMER","skipReply":false,"durationMs":0}
{"ts":"2026-09-16T20:40:18.434Z","level":"info","event":"line.webhook.completed","correlationId":"d98c1894-633a-4d95-b8b9-f86cc69d296f","correlationSource":"GENERATED","tenantId":"tenant-a","businessId":"business-a","received":1,"handled":1,"failed":0,"skippedCount":0,"evidenceRecorded":0,"durationMs":10}

 ✓ tests/unit/fr079-runtime-cutover.test.js (20 tests) 26ms
 ✓ tests/unit/usage-detail.test.js (8 tests) 36ms
 ✓ tests/integration/fr154-inventory-catalog.test.js (6 tests) 341ms
 ✓ tests/integration/work-listing-scope.test.js (20 tests) 250ms
 ✓ tests/unit/platform/cloud-sot-agent.test.js (10 tests) 10ms
 ✓ tests/unit/usage-events.test.js (10 tests) 26ms
 ✓ tests/integration/project-authorization.test.js (13 tests) 294ms
 ✓ tests/integration/fr163-payment.test.js (4 tests) 598ms
 ↓ tests/integration/line-oa-cross-repo-round-trip.test.js (5 tests | 5 skipped)
 ✓ tests/integration/execution-plan-bundle.test.js (8 tests) 228ms
 ✓ tests/unit/fr141-edge-device-heartbeat.test.js (20 tests) 24ms
 ✓ tests/integration/line-webhook-transport-contract.test.js (10 tests) 357ms
 ✓ tests/integration/plan-import.test.js (10 tests) 261ms
 ✓ tests/unit/inventory-wip.test.js (15 tests) 5ms
 ✓ tests/integration/crm-staff-reply.test.js (9 tests) 561ms
 ✓ tests/unit/untracked-docs.test.js (14 tests) 351ms
   ✓ GIT_ARGS against a real repository > returns exactly the untracked, non-ignored files under docs/ and nothing else 346ms
 ✓ tests/unit/platform/line-channel-admin-port.test.js (11 tests) 18ms
 ✓ tests/unit/fr061-per-business-domain-visibility.test.js (22 tests) 7ms
 ✓ tests/unit/audit-page.test.js (29 tests) 8ms
 ✓ tests/unit/workspace-invite-service.test.js (18 tests) 10ms
 ✓ tests/unit/platform/fr129-catalog-publication-gate.test.js (18 tests) 8ms
 ✓ tests/integration/fr236-stage5-zero-pii-agreement.test.js (34 tests) 15577ms
   ✓ FR-236 candidate-decision / Stage-5 Zero-PII agreement (ADR-090 D6, revised 2026-09-14) > agrees (both pass): กระเป๋าผ้าคุณภาพดี ราคา 120 บาท 460ms
   ✓ FR-236 candidate-decision / Stage-5 Zero-PII agreement (ADR-090 D6, revised 2026-09-14) > agrees (both pass): คุณสมบัติของแก้วเก็บความเย็น 405ms
   ✓ FR-236 candidate-decision / Stage-5 Zero-PII agreement (ADR-090 D6, revised 2026-09-14) > agrees (both pass): สั่งผ่านนายหน้าได้ไหม 392ms
   ✓ FR-236 candidate-decision / Stage-5 Zero-PII agreement (ADR-090 D6, revised 2026-09-14) > agrees (both pass): Smart Gift รับสกรีนโลโก้ 436ms
   ✓ FR-236 candidate-decision / Stage-5 Zero-PII agreement (ADR-090 D6, revised 2026-09-14) > agrees (both pass): ส่งแบบ Express Delivery ภายใน 3 วัน 415ms
   ✓ FR-236 candidate-decision / Stage-5 Zero-PII agreement (ADR-090 D6, revised 2026-09-14) > agrees (both pass): ค่าจัดส่งมาตรฐานคือ 50 บาท ตามนโยบายจัดส่งของร้าน (Product.code: SHIP-STD) 521ms
   ✓ FR-236 candidate-decision / Stage-5 Zero-PII agreement (ADR-090 D6, revised 2026-09-14) > agrees (both pass): คุณสามารถชำระเงินผ่าน QR code ได้ทันที 481ms
   ✓ FR-236 candidate-decision / Stage-5 Zero-PII agreement (ADR-090 D6, revised 2026-09-14) > agrees (both pass): คุณจะได้รับสินค้าใน 3-5 วันทำการ 477ms
   ✓ FR-236 candidate-decision / Stage-5 Zero-PII agreement (ADR-090 D6, revised 2026-09-14) > agrees (both pass): สินค้ามีคุณค่าทางโภชนาการสูง 499ms
   ✓ FR-236 candidate-decision / Stage-5 Zero-PII agreement (ADR-090 D6, revised 2026-09-14) > agrees (both pass): บริษัทดำเนินธุรกิจด้วยคุณธรรมและความโปร่งใส 491ms
   ✓ FR-236 candidate-decision / Stage-5 Zero-PII agreement (ADR-090 D6, revised 2026-09-14) > agrees (both pass): กระเป๋าลายนางฟ้าเป็นสินค้าขายดี 447ms
   ✓ FR-236 candidate-decision / Stage-5 Zero-PII agreement (ADR-090 D6, revised 2026-09-14) > agrees (both pass): เสื้อยืด Cotton 100% ระบายอากาศดี ใส่สบาย 457ms
   ✓ FR-236 candidate-decision / Stage-5 Zero-PII agreement (ADR-090 D6, revised 2026-09-14) > agrees (both pass): โปรโมชั่น Buy One Get One ถึงสิ้นเดือนนี้ 418ms
   ✓ FR-236 candidate-decision / Stage-5 Zero-PII agreement (ADR-090 D6, revised 2026-09-14) > agrees (both pass): รับประกันสินค้า 1 ปีเต็ม ตามเงื่อนไขบริษัท 402ms
   ✓ FR-236 candidate-decision / Stage-5 Zero-PII agreement (ADR-090 D6, revised 2026-09-14) > agrees (both pass): คุณต้องกรอกรหัสส่วนลดก่อนชำระเงิน 919ms
   ✓ FR-236 candidate-decision / Stage-5 Zero-PII agreement (ADR-090 D6, revised 2026-09-14) > agrees (both pass): คุณควรเก็บใบเสร็จไว้เป็นหลักฐาน 579ms
   ✓ FR-236 candidate-decision / Stage-5 Zero-PII agreement (ADR-090 D6, revised 2026-09-14) > agrees (both pass): คุณอาจได้รับ SMS แจ้งเตือนก่อนจัดส่ง 522ms
   ✓ FR-236 candidate-decision / Stage-5 Zero-PII agreement (ADR-090 D6, revised 2026-09-14) > agrees (both pass): คุณลูกค้าต้องการใบกำกับภาษีไหมคะ 545ms
   ✓ FR-236 candidate-decision / Stage-5 Zero-PII agreement (ADR-090 D6, revised 2026-09-14) > agrees (both pass): คุณแม่ซื้อเป็นของขวัญได้ไหม 561ms
   ✓ FR-236 candidate-decision / Stage-5 Zero-PII agreement (ADR-090 D6, revised 2026-09-14) > agrees (both pass): คุณลูกค้าสามารถสั่งขั้นต่ำ 50 ชิ้นได้ค่ะ 534ms
   ✓ FR-236 candidate-decision / Stage-5 Zero-PII agreement (ADR-090 D6, revised 2026-09-14) > agrees (both pass): คุณพ่อคุณแม่สั่งเป็นของขวัญได้ 469ms
   ✓ FR-236 candidate-decision / Stage-5 Zero-PII agreement (ADR-090 D6, revised 2026-09-14) > agrees (both pass): กรุณาติดต่อฝ่าย customer service 514ms
   ✓ FR-236 candidate-decision / Stage-5 Zero-PII agreement (ADR-090 D6, revised 2026-09-14) > agrees (both pass): ขอใบเสนอราคาได้ไหม 521ms
   ✓ FR-236 candidate-decision / Stage-5 Zero-PII agreement (ADR-090 D6, revised 2026-09-14) > agrees (both refuse): คุณสมชาย ใจดี ได้รับของแล้วครับ 316ms
   ✓ FR-236 candidate-decision / Stage-5 Zero-PII agreement (ADR-090 D6, revised 2026-09-14) > agrees (both refuse): ติดต่อคุณสมชาย ใจดี ได้เลย 327ms
   ✓ FR-236 candidate-decision / Stage-5 Zero-PII agreement (ADR-090 D6, revised 2026-09-14) > agrees (both refuse): คุณ สมหญิง เป็นผู้ติดต่อหลัก 329ms
   ✓ FR-236 candidate-decision / Stage-5 Zero-PII agreement (ADR-090 D6, revised 2026-09-14) > agrees (both refuse): โทรกลับที่ 081-234-5678 ได้เลย 320ms
   ✓ FR-236 candidate-decision / Stage-5 Zero-PII agreement (ADR-090 D6, revised 2026-09-14) > agrees (both refuse): Call +66 81 234 5678 for support 323ms
   ✓ FR-236 candidate-decision / Stage-5 Zero-PII agreement (ADR-090 D6, revised 2026-09-14) > agrees (both refuse): อ้างอิงจากแชท Ua1b2c3d4e5f60718293a4b5c6d7e8f90 331ms
   ✓ FR-236 candidate-decision / Stage-5 Zero-PII agreement (ADR-090 D6, revised 2026-09-14) > agrees (both refuse): ลูกค้าบอกว่า "ของเสียหายตอนส่ง" และขอเปลี่ยนใหม่ 360ms
   ✓ FR-236 candidate-decision / Stage-5 Zero-PII agreement (ADR-090 D6, revised 2026-09-14) > an approved candidate containing "ขอใบเสนอราคาได้ไหม" passes Stage 5 (the literal case FR-187 would have denied) 663ms
   ✓ FR-236 candidate-decision / Stage-5 Zero-PII agreement (ADR-090 D6, revised 2026-09-14) > a candidate with a Thai name is refused at creation, and the same admitted text would be refused at Stage 5 385ms
   ✓ FR-236 candidate-decision / Stage-5 Zero-PII agreement (ADR-090 D6, revised 2026-09-14) > a candidate with a phone number is refused at creation, and the same admitted text would be refused at Stage 5 328ms
   ✓ FR-236 candidate-decision / Stage-5 Zero-PII agreement (ADR-090 D6, revised 2026-09-14) > REGRESSION — a SmartGift catalog record containing "customer" in a key is still denied by the unchanged FR-187 policy 326ms
 ✓ tests/integration/genesisrag17-parser-2.test.js (4 tests) 1451ms
   ✓ GenesisRAG17 parser-2 Tier 1 execution (FR-188) > runs Stages 1–8 under parser-2 and hands Stage 9 the rendered parsed content 712ms
   ✓ GenesisRAG17 parser-2 Tier 1 execution (FR-188) > keeps prose sources on parser-1 and rule_v1 through the same executor 502ms
 ✓ tests/unit/line-oa-rich-menu-console.test.js (20 tests) 10ms
 ✓ tests/unit/workspace-collaboration-view.test.js (25 tests) 6ms
 ✓ tests/unit/fr045-file-asset-service.test.js (7 tests) 10ms
 ✓ tests/unit/programme-usage-reports.test.js (12 tests) 14ms
 ✓ tests/integration/fr153-line-oa-liff-app.test.js (5 tests) 375ms
 ✓ tests/integration/fr238-line-studio-description-admission.test.js (4 tests) 443ms
 ✓ tests/integration/fr236-knowledge-candidates-business-toggle.test.js (10 tests) 220ms
 ✓ tests/integration/plan-import-scope.test.js (5 tests) 254ms
 ✓ tests/integration/marketing-broadcast-intent.test.js (6 tests) 420ms
 ✓ tests/integration/fr252-pricing-rules.test.js (7 tests) 714ms
 ✓ tests/integration/fr038-business-membership-add.test.js (13 tests) 219ms
 ✓ tests/integration/crm-retention-sweep.test.js (9 tests) 2362ms
   ✓ CRM retention sweep — MESSAGE_BODY_AND_ATTACHMENTS (FR-230) > is idempotent: a second run over the same window recounts zero 342ms
   ✓ CRM retention sweep — MESSAGE_BODY_AND_ATTACHMENTS (FR-230) > honours a Tenant's shortened override 318ms
   ✓ CRM retention sweep — MESSAGE_BODY_AND_ATTACHMENTS (FR-230) > skips a row a non-terminal LineConversationJob still references, across a scheduled run during its lifetime 370ms
 ✓ tests/integration/crm-conversation-inbox.test.js (12 tests) 390ms
 ✓ tests/integration/fr072-milestone-gate-authorization.test.js (10 tests) 317ms
 ✓ tests/integration/fr180-atp-reservations.test.js (6 tests) 338ms
 ✓ tests/unit/fr190-line-transport-health.test.js (23 tests) 9ms
 ❯ tests/unit/knowledge-runtime.test.js (7 tests | 1 failed) 4122ms
   × knowledge durable queue > atomically attaches its real pipeline run before reply loss and resumes that run after restart 808ms
     → expected null to deeply equal Any<String>
   ✓ knowledge durable queue > does not execute a leased job, then resumes after the lease expires 1374ms
   ✓ knowledge durable queue > does not execute a superseded or withdrawn source 935ms
   ✓ knowledge durable queue > closes confirmed local stage failure instead of retrying a failed attempt forever 999ms
 ✓ tests/unit/domain-visibility-server-enforcement.test.js (14 tests) 20ms
 ✓ tests/unit/work-surface-scope-inventory.test.js (19 tests) 18ms
 ✓ tests/integration/fr072-project-service-authorization.test.js (12 tests) 456ms
 ✓ tests/integration/market-intelligence-translation-run.test.js (5 tests) 287ms
 ✓ tests/integration/fr072-work-service-authorization.test.js (9 tests) 443ms
 ✓ tests/integration/fr074-scope-creation-authorization.test.js (11 tests) 204ms
 ✓ tests/unit/line-oa-account-domain.test.js (16 tests) 8ms
 ✓ tests/integration/fr191-access-grant-lifecycle.test.js (8 tests) 394ms
 ✓ tests/unit/fr250-navigation.test.js (8 tests) 5ms
 ✓ tests/integration/fr210-line-catalog-command.test.js (4 tests) 320ms
 ✓ tests/unit/onboarding-service.test.js (22 tests) 10ms
 ✓ tests/unit/sot-pipeline-scope-render.test.js (11 tests) 16ms
 ✓ tests/integration/fr183-pos.test.js (6 tests) 330ms
 ✓ tests/unit/fr036-team-authorization.test.js (8 tests) 2399ms
   ✓ the escalation this closes > refuses to mint a Membership with no viewer at all 327ms
   ✓ the escalation this closes > refuses an OWNER of a different Business in the same tenant 421ms
   ✓ the legitimate owner is unaffected > adds and removes within a Business it owns, and no longer promotes from here 672ms
 ✓ tests/unit/marketing-strategy-ui.test.js (12 tests) 9ms
 ✓ tests/unit/api-path-reachability.test.js (14 tests) 314ms
 ✓ tests/unit/model-provider-trace.test.js (11 tests) 121ms
 ✓ tests/integration/enterprise-api-auth.test.js (11 tests) 769ms
 ✓ tests/unit/marketing-content-ui.test.js (10 tests) 9ms
 ✓ tests/integration/project-inventory.test.js (4 tests) 1295ms
 ✓ tests/unit/knowledge-parsing.test.js (29 tests) 6ms
 ✓ tests/unit/access-history-service.test.js (15 tests) 7ms
 ✓ tests/unit/integration/supabase-vault-secret-store.test.js (12 tests) 21ms
 ✓ tests/integration/marketing-campaign-execution.test.js (9 tests) 1786ms
   ✓ Marketing Campaign PM execution read adapter (FR-160) > rejects a persisted handoff selected from another Marketing plan 308ms
 ✓ tests/integration/import-target-authorization.test.js (13 tests) 222ms
 ✓ tests/integration/task-modal-intake.test.js (6 tests) 214ms
 ✓ tests/integration/market-intelligence-observation-feed.test.js (6 tests) 245ms
 ✓ tests/integration/fr072-file-asset-authorization.test.js (7 tests) 261ms
 ✓ tests/integration/fr129-catalog-publication-gate.test.js (6 tests) 432ms
 ✓ tests/unit/project-manager-mcp.test.js (10 tests) 7ms
 ✓ tests/integration/superadmin-access.test.js (8 tests) 454ms
 ✓ tests/integration/workspace-onboarding-flow.test.js (5 tests) 272ms
 ✓ tests/integration/fr149-line-server-configuration.test.js (5 tests) 325ms
 ✓ tests/integration/fr072-dependency-authorization.test.js (7 tests) 330ms
 ✓ tests/unit/fr089-br018-team-grants-nothing.test.js (67 tests) 30ms
 ✓ tests/unit/api-access-auth.test.js (17 tests) 357ms
 ✓ tests/integration/server-line-trace.test.js (6 tests) 898ms
 ✓ tests/integration/agent-msp-port.test.js (14 tests) 7ms
 ✓ tests/unit/knowledge-ingestion-job-state.test.js (9 tests) 9ms
 ✓ tests/integration/fr178-de-kitting.test.js (4 tests) 396ms
stdout | tests/integration/line-oa-golden-path.test.js > LINE OA golden path — one authentic event through every ZURI-owned hop > carries one LINE event from binding-verified ingress to a verified grounded reply
{"ts":"2026-09-16T20:41:56.346Z","level":"info","event":"line.webhook.received","correlationId":"1aaff5fe-f0de-4afd-bbc8-bdbcc2d827c7","correlationSource":"GENERATED","tenantId":"61314984-b388-45a7-bcd4-87c65ed37d8b","businessId":"a147d506-ccc9-480d-a8f6-12d36c6d01e3","received":1}

stdout | tests/integration/line-oa-golden-path.test.js > LINE OA golden path — one authentic event through every ZURI-owned hop > carries one LINE event from binding-verified ingress to a verified grounded reply
{"ts":"2026-09-16T20:41:56.387Z","level":"info","event":"line.webhook.event","correlationId":"1aaff5fe-f0de-4afd-bbc8-bdbcc2d827c7","eventId":"WEH-GOLD-1","tenantId":"61314984-b388-45a7-bcd4-87c65ed37d8b","businessId":"a147d506-ccc9-480d-a8f6-12d36c6d01e3","eventType":"message","messageType":"text","stage":"TURN","outcome":"OK","principalType":"CUSTOMER","responseKind":"ANSWER","grounded":true,"skipReply":false,"conversationId":"90a1cfc3-5912-45a4-8d55-15158d2a6c90","messageId":"75170a72-fe59-4409-89c8-8a98e298f829","personId":"595b73a7-ef42-48bf-9c37-542ac25f128c","durationMs":39}
{"ts":"2026-09-16T20:41:56.387Z","level":"info","event":"line.webhook.completed","correlationId":"1aaff5fe-f0de-4afd-bbc8-bdbcc2d827c7","correlationSource":"GENERATED","tenantId":"61314984-b388-45a7-bcd4-87c65ed37d8b","businessId":"a147d506-ccc9-480d-a8f6-12d36c6d01e3","received":1,"handled":1,"failed":0,"skippedCount":0,"evidenceRecorded":0,"durationMs":43}

stdout | tests/integration/line-oa-golden-path.test.js > LINE OA golden path — one authentic event through every ZURI-owned hop > is idempotent: a redelivered event answers once and asks the provider once
{"ts":"2026-09-16T20:41:56.457Z","level":"info","event":"line.webhook.received","correlationId":"0270fe0f-d85a-4ec5-bbf8-010fac5a1454","correlationSource":"GENERATED","tenantId":"61314984-b388-45a7-bcd4-87c65ed37d8b","businessId":"a147d506-ccc9-480d-a8f6-12d36c6d01e3","received":1}

stdout | tests/integration/line-oa-golden-path.test.js > LINE OA golden path — one authentic event through every ZURI-owned hop > is idempotent: a redelivered event answers once and asks the provider once
{"ts":"2026-09-16T20:41:56.484Z","level":"info","event":"line.webhook.event","correlationId":"0270fe0f-d85a-4ec5-bbf8-010fac5a1454","eventId":"WEH-GOLD-2","tenantId":"61314984-b388-45a7-bcd4-87c65ed37d8b","businessId":"a147d506-ccc9-480d-a8f6-12d36c6d01e3","eventType":"message","messageType":"text","stage":"TURN","outcome":"OK","principalType":"CUSTOMER","responseKind":"ANSWER","grounded":true,"skipReply":false,"conversationId":"64f84129-c6d1-48c9-96f7-78c7837c209b","messageId":"2e745ff5-b26a-48dd-a243-24be782b1838","personId":"4936c56e-982e-4bc8-b926-72d8d3af802a","durationMs":26}
{"ts":"2026-09-16T20:41:56.484Z","level":"info","event":"line.webhook.completed","correlationId":"0270fe0f-d85a-4ec5-bbf8-010fac5a1454","correlationSource":"GENERATED","tenantId":"61314984-b388-45a7-bcd4-87c65ed37d8b","businessId":"a147d506-ccc9-480d-a8f6-12d36c6d01e3","received":1,"handled":1,"failed":0,"skippedCount":0,"evidenceRecorded":0,"durationMs":30}

stdout | tests/integration/line-oa-golden-path.test.js > LINE OA golden path — one authentic event through every ZURI-owned hop > is idempotent: a redelivered event answers once and asks the provider once
{"ts":"2026-09-16T20:41:56.486Z","level":"info","event":"line.webhook.received","correlationId":"f991b538-2578-4afc-a93c-ec3f37dd79a0","correlationSource":"GENERATED","tenantId":"61314984-b388-45a7-bcd4-87c65ed37d8b","businessId":"a147d506-ccc9-480d-a8f6-12d36c6d01e3","received":1}

stdout | tests/integration/line-oa-golden-path.test.js > LINE OA golden path — one authentic event through every ZURI-owned hop > is idempotent: a redelivered event answers once and asks the provider once
{"ts":"2026-09-16T20:41:56.495Z","level":"info","event":"line.webhook.event","correlationId":"f991b538-2578-4afc-a93c-ec3f37dd79a0","eventId":"WEH-GOLD-2","tenantId":"61314984-b388-45a7-bcd4-87c65ed37d8b","businessId":"a147d506-ccc9-480d-a8f6-12d36c6d01e3","eventType":"message","messageType":"text","stage":"TURN","outcome":"OK","principalType":"CUSTOMER","responseKind":"DUPLICATE","skipReply":true,"conversationId":"64f84129-c6d1-48c9-96f7-78c7837c209b","messageId":"2e745ff5-b26a-48dd-a243-24be782b1838","personId":"4936c56e-982e-4bc8-b926-72d8d3af802a","durationMs":9}
{"ts":"2026-09-16T20:41:56.495Z","level":"info","event":"line.webhook.completed","correlationId":"f991b538-2578-4afc-a93c-ec3f37dd79a0","correlationSource":"GENERATED","tenantId":"61314984-b388-45a7-bcd4-87c65ed37d8b","businessId":"a147d506-ccc9-480d-a8f6-12d36c6d01e3","received":1,"handled":1,"failed":0,"skippedCount":0,"evidenceRecorded":0,"durationMs":11}

 ✓ tests/integration/line-oa-golden-path.test.js (2 tests) 210ms
 ✓ tests/unit/workspace-onboarding-routes.test.js (20 tests) 13ms
 ✓ tests/integration/fr244-line-oa-business-hours.test.js (7 tests) 317ms
 ✓ tests/unit/market-intelligence/market-translation-run.test.js (11 tests) 9ms
 ✓ tests/integration/fr119-knowledge-ingestion-quarantine.test.js (8 tests) 995ms
 ✓ tests/unit/projects-dashboard-ui.test.js (15 tests) 7ms
 ✓ tests/unit/fr060-business-home-read-model.test.js (25 tests) 11ms
 ✓ tests/unit/fr120-signup-route.test.js (12 tests) 13ms
 ✓ tests/integration/fr072-workspace-mutation-authorization.test.js (9 tests) 200ms
 ✓ tests/unit/authorization-seam-list-routes.test.js (13 tests) 11ms
 ✓ tests/integration/line-oa-correlation-trace.test.js (6 tests) 315ms
 ✓ tests/integration/execution-trace.test.js (5 tests) 176ms
 ✓ tests/integration/knowledge-admission.integration.test.js (6 tests) 230ms
 ✓ tests/integration/fr073-repository-scope.test.js (13 tests) 264ms
 ✓ tests/unit/sot-decision-service.test.js (12 tests) 181ms
 ✓ tests/integration/fr182-scm-console-actions.test.js (4 tests) 427ms
stdout | tests/integration/line-oa-failure-paths.test.js > LINE OA failure paths > rejects an unknown binding with 401 and writes nothing
{"ts":"2026-09-16T20:42:09.414Z","level":"warn","event":"line.webhook.rejected","correlationId":"cf291a7a-f13a-4422-992e-6e04735d182c","correlationSource":"GENERATED","stage":"SCOPE","errorCode":"PHASE1_BINDING_UNAUTHORIZED","received":1,"durationMs":1}

stdout | tests/integration/line-oa-failure-paths.test.js > LINE OA failure paths > rejects a destination that does not match the binding
{"ts":"2026-09-16T20:42:09.417Z","level":"warn","event":"line.webhook.rejected","correlationId":"f9fb32d9-af33-41aa-8fc0-37af2c521202","correlationSource":"GENERATED","stage":"SCOPE","errorCode":"PHASE1_BINDING_UNAUTHORIZED","received":1,"durationMs":0}

stdout | tests/integration/line-oa-failure-paths.test.js > LINE OA failure paths > falls back to a deterministic grounded answer when the provider fails
{"ts":"2026-09-16T20:42:09.431Z","level":"info","event":"line.webhook.received","correlationId":"d9ca2dae-fb04-4563-b91c-7ddb67b283dd","correlationSource":"GENERATED","tenantId":"9dd3d835-1d24-4d22-ba54-0a0275897e19","businessId":"2bceb684-99bc-4dd3-a8da-2c99420a9d59","received":1}

stdout | tests/integration/line-oa-failure-paths.test.js > LINE OA failure paths > falls back to a deterministic grounded answer when the provider fails
{"ts":"2026-09-16T20:42:09.475Z","level":"info","event":"line.webhook.event","correlationId":"d9ca2dae-fb04-4563-b91c-7ddb67b283dd","eventId":"MFAIL-PROVIDER","tenantId":"9dd3d835-1d24-4d22-ba54-0a0275897e19","businessId":"2bceb684-99bc-4dd3-a8da-2c99420a9d59","eventType":"message","messageType":"text","stage":"TURN","outcome":"OK","principalType":"CUSTOMER","responseKind":"ANSWER","grounded":true,"skipReply":false,"conversationId":"561f2a91-93a3-4a37-8d7b-3b6cbd418088","messageId":"c9da9cb1-e13b-49d5-b9a7-9b32d0570a7e","personId":"e2cc7a21-4c33-4f71-b3c6-bae5e841517d","durationMs":43}
{"ts":"2026-09-16T20:42:09.476Z","level":"info","event":"line.webhook.completed","correlationId":"d9ca2dae-fb04-4563-b91c-7ddb67b283dd","correlationSource":"GENERATED","tenantId":"9dd3d835-1d24-4d22-ba54-0a0275897e19","businessId":"2bceb684-99bc-4dd3-a8da-2c99420a9d59","received":1,"handled":1,"failed":0,"skippedCount":0,"evidenceRecorded":0,"durationMs":55}

stdout | tests/integration/line-oa-failure-paths.test.js > LINE OA failure paths > isolates a knowledge-layer failure to its own event and keeps the inbound evidence
{"ts":"2026-09-16T20:42:09.478Z","level":"info","event":"line.webhook.received","correlationId":"b58fa136-6265-45de-b44e-a89e3a1c7708","correlationSource":"GENERATED","tenantId":"9dd3d835-1d24-4d22-ba54-0a0275897e19","businessId":"2bceb684-99bc-4dd3-a8da-2c99420a9d59","received":2}

stdout | tests/integration/line-oa-failure-paths.test.js > LINE OA failure paths > isolates a knowledge-layer failure to its own event and keeps the inbound evidence
{"ts":"2026-09-16T20:42:09.501Z","level":"error","event":"line.webhook.event","correlationId":"b58fa136-6265-45de-b44e-a89e3a1c7708","eventId":"MFAIL-KNOW","tenantId":"9dd3d835-1d24-4d22-ba54-0a0275897e19","businessId":"2bceb684-99bc-4dd3-a8da-2c99420a9d59","eventType":"message","messageType":"text","stage":"TURN","outcome":"FAILED","errorCode":"KNOWLEDGE_UNAVAILABLE","durationMs":22}

stdout | tests/integration/line-oa-failure-paths.test.js > LINE OA failure paths > isolates a knowledge-layer failure to its own event and keeps the inbound evidence
{"ts":"2026-09-16T20:42:09.525Z","level":"info","event":"line.webhook.event","correlationId":"b58fa136-6265-45de-b44e-a89e3a1c7708","eventId":"MFAIL-OK","tenantId":"9dd3d835-1d24-4d22-ba54-0a0275897e19","businessId":"2bceb684-99bc-4dd3-a8da-2c99420a9d59","eventType":"message","messageType":"text","stage":"TURN","outcome":"OK","principalType":"CUSTOMER","responseKind":"ANSWER","grounded":true,"skipReply":false,"conversationId":"e014690a-bf2d-4214-966a-8ffac7feaaae","messageId":"2768f71c-ac55-4f22-aacf-585599981e8a","personId":"f3222616-8751-49bd-898a-df1e1ed8bd95","durationMs":24}
{"ts":"2026-09-16T20:42:09.525Z","level":"info","event":"line.webhook.completed","correlationId":"b58fa136-6265-45de-b44e-a89e3a1c7708","correlationSource":"GENERATED","tenantId":"9dd3d835-1d24-4d22-ba54-0a0275897e19","businessId":"2bceb684-99bc-4dd3-a8da-2c99420a9d59","received":2,"handled":1,"failed":1,"skippedCount":0,"evidenceRecorded":0,"durationMs":48}

stdout | tests/integration/line-oa-failure-paths.test.js > LINE OA failure paths > refuses a revoked LINE identity without writing a message
{"ts":"2026-09-16T20:42:09.527Z","level":"info","event":"line.webhook.received","correlationId":"f514d39c-42cb-4302-b380-7a5792c12595","correlationSource":"GENERATED","tenantId":"9dd3d835-1d24-4d22-ba54-0a0275897e19","businessId":"2bceb684-99bc-4dd3-a8da-2c99420a9d59","received":1}

stdout | tests/integration/line-oa-failure-paths.test.js > LINE OA failure paths > refuses a revoked LINE identity without writing a message
{"ts":"2026-09-16T20:42:09.551Z","level":"info","event":"line.webhook.event","correlationId":"f514d39c-42cb-4302-b380-7a5792c12595","eventId":"MFAIL-REV-1","tenantId":"9dd3d835-1d24-4d22-ba54-0a0275897e19","businessId":"2bceb684-99bc-4dd3-a8da-2c99420a9d59","eventType":"message","messageType":"text","stage":"TURN","outcome":"OK","principalType":"CUSTOMER","responseKind":"ANSWER","grounded":true,"skipReply":false,"conversationId":"d07240cc-52d8-4744-8494-342d3cbdd782","messageId":"6ead6b6f-cbf3-4bc8-aae6-7a7edc4ece9e","personId":"b64fdc9f-188e-4145-8087-e8bfd87b6cf0","durationMs":23}
{"ts":"2026-09-16T20:42:09.551Z","level":"info","event":"line.webhook.completed","correlationId":"f514d39c-42cb-4302-b380-7a5792c12595","correlationSource":"GENERATED","tenantId":"9dd3d835-1d24-4d22-ba54-0a0275897e19","businessId":"2bceb684-99bc-4dd3-a8da-2c99420a9d59","received":1,"handled":1,"failed":0,"skippedCount":0,"evidenceRecorded":0,"durationMs":25}

stdout | tests/integration/line-oa-failure-paths.test.js > LINE OA failure paths > refuses a revoked LINE identity without writing a message
{"ts":"2026-09-16T20:42:09.568Z","level":"info","event":"line.webhook.received","correlationId":"cca3ec4c-b9c2-4f63-93b6-6b6b8c605c31","correlationSource":"GENERATED","tenantId":"9dd3d835-1d24-4d22-ba54-0a0275897e19","businessId":"2bceb684-99bc-4dd3-a8da-2c99420a9d59","received":1}

stdout | tests/integration/line-oa-failure-paths.test.js > LINE OA failure paths > refuses a revoked LINE identity without writing a message
{"ts":"2026-09-16T20:42:09.570Z","level":"error","event":"line.webhook.event","correlationId":"cca3ec4c-b9c2-4f63-93b6-6b6b8c605c31","eventId":"MFAIL-REV-2","tenantId":"9dd3d835-1d24-4d22-ba54-0a0275897e19","businessId":"2bceb684-99bc-4dd3-a8da-2c99420a9d59","eventType":"message","messageType":"text","stage":"TURN","outcome":"FAILED","errorCode":"This LINE identity was revoked; re-linking is required before it can resolve again","durationMs":2}
{"ts":"2026-09-16T20:42:09.570Z","level":"info","event":"line.webhook.completed","correlationId":"cca3ec4c-b9c2-4f63-93b6-6b6b8c605c31","correlationSource":"GENERATED","tenantId":"9dd3d835-1d24-4d22-ba54-0a0275897e19","businessId":"2bceb684-99bc-4dd3-a8da-2c99420a9d59","received":1,"handled":0,"failed":1,"skippedCount":0,"evidenceRecorded":0,"durationMs":3}

stdout | tests/integration/line-oa-failure-paths.test.js > LINE OA failure paths > skips unsupported message types and non-message events without a reply
{"ts":"2026-09-16T20:42:09.572Z","level":"info","event":"line.webhook.received","correlationId":"52c53736-e3e9-4b63-9f7a-3c0d8ec2fe7f","correlationSource":"GENERATED","tenantId":"9dd3d835-1d24-4d22-ba54-0a0275897e19","businessId":"2bceb684-99bc-4dd3-a8da-2c99420a9d59","received":5}
{"ts":"2026-09-16T20:42:09.572Z","level":"info","event":"line.webhook.event","correlationId":"52c53736-e3e9-4b63-9f7a-3c0d8ec2fe7f","tenantId":"9dd3d835-1d24-4d22-ba54-0a0275897e19","businessId":"2bceb684-99bc-4dd3-a8da-2c99420a9d59","eventType":"follow","stage":"DISPATCH","outcome":"SKIPPED","skipped":true,"durationMs":0}
{"ts":"2026-09-16T20:42:09.572Z","level":"info","event":"line.webhook.event","correlationId":"52c53736-e3e9-4b63-9f7a-3c0d8ec2fe7f","tenantId":"9dd3d835-1d24-4d22-ba54-0a0275897e19","businessId":"2bceb684-99bc-4dd3-a8da-2c99420a9d59","eventType":"unfollow","stage":"DISPATCH","outcome":"SKIPPED","skipped":true,"durationMs":0}
{"ts":"2026-09-16T20:42:09.573Z","level":"info","event":"line.webhook.event","correlationId":"52c53736-e3e9-4b63-9f7a-3c0d8ec2fe7f","tenantId":"9dd3d835-1d24-4d22-ba54-0a0275897e19","businessId":"2bceb684-99bc-4dd3-a8da-2c99420a9d59","eventType":"postback","stage":"DISPATCH","outcome":"SKIPPED","skipped":true,"durationMs":0}
{"ts":"2026-09-16T20:42:09.573Z","level":"info","event":"line.webhook.event","correlationId":"52c53736-e3e9-4b63-9f7a-3c0d8ec2fe7f","eventId":"MFAIL-STICKER","tenantId":"9dd3d835-1d24-4d22-ba54-0a0275897e19","businessId":"2bceb684-99bc-4dd3-a8da-2c99420a9d59","eventType":"message","messageType":"sticker","stage":"DISPATCH","outcome":"SKIPPED","skipped":true,"durationMs":0}
{"ts":"2026-09-16T20:42:09.573Z","level":"info","event":"line.webhook.event","correlationId":"52c53736-e3e9-4b63-9f7a-3c0d8ec2fe7f","eventId":"MFAIL-IMAGE","tenantId":"9dd3d835-1d24-4d22-ba54-0a0275897e19","businessId":"2bceb684-99bc-4dd3-a8da-2c99420a9d59","eventType":"message","messageType":"image","stage":"DISPATCH","outcome":"SKIPPED","skipped":true,"durationMs":0}
{"ts":"2026-09-16T20:42:09.573Z","level":"info","event":"line.webhook.completed","correlationId":"52c53736-e3e9-4b63-9f7a-3c0d8ec2fe7f","correlationSource":"GENERATED","tenantId":"9dd3d835-1d24-4d22-ba54-0a0275897e19","businessId":"2bceb684-99bc-4dd3-a8da-2c99420a9d59","received":5,"handled":0,"failed":0,"skippedCount":5,"evidenceRecorded":0,"durationMs":2}

stdout | tests/integration/line-oa-failure-paths.test.js > LINE OA failure paths > skips an event with no resolvable source without failing the batch
{"ts":"2026-09-16T20:42:09.574Z","level":"info","event":"line.webhook.received","correlationId":"482436b2-e2b9-43e4-9b33-fee5ab8706cb","correlationSource":"GENERATED","tenantId":"9dd3d835-1d24-4d22-ba54-0a0275897e19","businessId":"2bceb684-99bc-4dd3-a8da-2c99420a9d59","received":1}
{"ts":"2026-09-16T20:42:09.575Z","level":"warn","event":"line.webhook.event","correlationId":"482436b2-e2b9-43e4-9b33-fee5ab8706cb","eventId":"MFAIL-NOSRC","tenantId":"9dd3d835-1d24-4d22-ba54-0a0275897e19","businessId":"2bceb684-99bc-4dd3-a8da-2c99420a9d59","eventType":"message","messageType":"text","stage":"DISPATCH","outcome":"SKIPPED","skipped":true,"errorCode":"NO_SOURCE_USER_ID","durationMs":1}
{"ts":"2026-09-16T20:42:09.575Z","level":"info","event":"line.webhook.completed","correlationId":"482436b2-e2b9-43e4-9b33-fee5ab8706cb","correlationSource":"GENERATED","tenantId":"9dd3d835-1d24-4d22-ba54-0a0275897e19","businessId":"2bceb684-99bc-4dd3-a8da-2c99420a9d59","received":1,"handled":0,"failed":0,"skippedCount":1,"evidenceRecorded":0,"durationMs":2}

 ✓ tests/integration/line-oa-failure-paths.test.js (8 tests) 224ms
 ✓ tests/integration/workspace-collaboration-roster.test.js (7 tests) 302ms
 ✓ tests/integration/line-server-backup.test.js (1 test) 7553ms
   ✓ LINE server snapshot recovery > restores FK parents, redacts token capabilities, disables accounts and preserves ambiguous/accepted outcomes 7552ms
 ✓ tests/unit/knowledge-admission-service.test.js (6 tests) 9ms
 ✓ tests/integration/project-core.test.js (11 tests) 503ms
 ✓ tests/unit/market-intelligence/market-observation-feed.test.js (11 tests) 9ms
 ✓ tests/integration/fr195-access-invite.test.js (6 tests) 314ms
 ✓ tests/unit/fr076-product-owner-business-assignment.test.js (8 tests) 13ms
 ✓ tests/unit/fr058-file-manager-views-model.test.js (9 tests) 19ms
 ✓ tests/integration/crm-conversation-session-surfaces.test.js (5 tests) 911ms
 ✓ tests/unit/phase1-business-agent-runtime.test.js (12 tests) 12ms
 ✓ tests/unit/business-shell-guard.test.js (17 tests) 5ms
 ✓ tests/unit/pricing-backup.test.js (14 tests) 8791ms
   ✓ pricing backup recovery boundary > round-trips real SQLite self-FKs and preserves calculations on refusal 8691ms
 ✓ tests/unit/knowledge-entity-extraction.test.js (20 tests) 5ms
 ✓ tests/integration/external-ref-import.test.js (11 tests) 201ms
 ✓ tests/unit/route-reachability.test.js (32 tests) 25ms
 ✓ tests/unit/msp-memory-evidence.test.js (20 tests) 10ms
 ✓ tests/unit/market-intelligence/market-observation-repository.test.js (14 tests) 6ms
 ✓ tests/unit/project-work-route.test.js (7 tests) 8ms
 ✓ tests/unit/data-pipeline-map.test.js (8 tests) 52ms
 ✓ tests/unit/global-view-drilldown.test.js (15 tests) 4ms
 ✓ tests/unit/fr046-auth-route.test.js (11 tests) 12ms
 ✓ tests/unit/observability-logger.test.js (14 tests) 10ms
 ✓ tests/integration/domain-visibility-server.test.js (17 tests) 99ms
 ✓ tests/unit/smartgift-catalog-adapter.test.js (12 tests) 23ms
 ✓ tests/unit/inventory-catalog-line-command.test.js (6 tests) 6ms
 ✓ tests/integration/fr072-repository-link-authorization.test.js (7 tests) 318ms
 ✓ tests/integration/line-account-isolation.test.js (9 tests) 452ms
 ✓ tests/integration/fr193-remove-controls.test.js (11 tests) 937ms
 ✓ tests/integration/fr106-api-access-key-listing.test.js (7 tests) 159ms
 ✓ tests/unit/roadmap-evidence.test.js (18 tests) 4ms
 ✓ tests/unit/line-oa-studio-description-admission.test.js (12 tests) 6ms
 ✓ tests/unit/knowledge-stage-runner.test.js (15 tests) 8ms
 ✓ tests/unit/line-knowledge-grounding.test.js (14 tests) 18ms
 ✓ tests/integration/fr179-shelf-life-guard.test.js (5 tests) 809ms
(node:13908) [MODULE_TYPELESS_PACKAGE_JSON] Warning: Module type of file:///C:/Users/pc/.codex/visualizations/2026/09/16/01a0ab85-48d9-7380-91a5-7dd7539f6427/zuri-pricing-engine/apps/server/src/modules/agent/zuri-cli-canary-receipt.js is not specified and it doesn't parse as CommonJS.
Reparsing as ES module because module syntax was detected. This incurs a performance overhead.
To eliminate this warning, add "type": "module" to \\?\C:\Users\pc\.codex\visualizations\2026\09\16\01a0ab85-48d9-7380-91a5-7dd7539f6427\zuri-pricing-engine\apps\server\package.json.
(Use `node --trace-warnings ...` to show where the warning was created)
 ✓ tests/unit/zuri-cli-canary-receipt.test.js (30 tests) 199ms
 ✓ tests/unit/fr123-plugin-auth-route.test.js (10 tests) 13ms
 ✓ tests/integration/agent-turn.test.js (8 tests) 741ms
 ✓ tests/integration/crm-customer-consent.test.js (8 tests) 293ms
 ✓ tests/integration/marketing-operations.test.js (3 tests) 217ms
 ✓ tests/unit/platform/knowledge-ingestion-catalog.test.js (12 tests) 7ms
 ✓ tests/unit/procurement-routes.test.js (8 tests) 13ms
 ✓ tests/unit/msp-stdio-transport.test.js (9 tests) 215ms
 ✓ tests/unit/line-studio-job-failures.test.js (12 tests) 18ms
 ✓ tests/unit/procurement-domain.test.js (10 tests) 16ms
 ✓ tests/unit/strategies.test.js (27 tests) 4ms
 ✓ tests/unit/harness-credential.test.js (6 tests) 7ms
 ✓ tests/unit/project-domain-read-model.test.js (4 tests) 6ms
 ✓ tests/integration/fr196-segregation-of-duties.test.js (4 tests) 241ms
 ✓ tests/unit/programme-containers.test.js (9 tests) 25ms
 ✓ tests/unit/asset-maintenance-service.test.js (6 tests) 7ms
 ✓ tests/unit/knowledge-chunking.test.js (16 tests) 6ms
 ✓ tests/integration/xlsx-intake.test.js (7 tests) 318ms
 ✓ tests/unit/integration/secret-store-port.test.js (11 tests) 12ms
 ✓ tests/integration/fr109-ingestion-run-identity.test.js (8 tests) 217ms
 ✓ tests/integration/fr097-line-channel-onboarding.test.js (3 tests) 161ms
 ✓ tests/integration/adaptive-shell.test.js (9 tests) 273ms
 ✓ tests/unit/asset-production-activation-contract.test.js (8 tests) 15ms
 ✓ tests/integration/fr110-knowledge-reporter-routes.test.js (4 tests) 744ms
   ✓ /api/pipelines/knowledge/{executionRunId} (FR-110, ADR-067) > POST stages and gate succeed, while legacy finish remains refused without publication evidence 376ms
stdout | tests/integration/smartgift-webhook-e2e.test.js > SmartGift LINE Webhook E2E grounded turn (FR-028 / FR-050 / FR-052) > successfully processes a customer LINE message for SmartGift end-to-end
{"ts":"2026-09-16T20:43:09.667Z","level":"info","event":"line.webhook.received","correlationId":"2c4eb82a-872f-49eb-85bf-fac5cfbf6835","correlationSource":"GENERATED","tenantId":"615cf7c0-8bd1-4eeb-9ed4-3c5456810cd6","businessId":"c0f69344-c130-4240-af11-c9c23f75e6e0","received":1}

stdout | tests/integration/smartgift-webhook-e2e.test.js > SmartGift LINE Webhook E2E grounded turn (FR-028 / FR-050 / FR-052) > successfully processes a customer LINE message for SmartGift end-to-end
{"ts":"2026-09-16T20:43:09.695Z","level":"info","event":"line.webhook.event","correlationId":"2c4eb82a-872f-49eb-85bf-fac5cfbf6835","eventId":"MSG-SG-E2E-001","tenantId":"615cf7c0-8bd1-4eeb-9ed4-3c5456810cd6","businessId":"c0f69344-c130-4240-af11-c9c23f75e6e0","eventType":"message","messageType":"text","stage":"TURN","outcome":"OK","principalType":"CUSTOMER","responseKind":"ANSWER","grounded":true,"skipReply":false,"conversationId":"dcf4dd29-049c-40aa-b4e3-8fb719fe3a9e","messageId":"49607bdd-92c7-4f17-a46c-b17ed514f974","personId":"64818511-33cd-4af3-947c-26506b20af3d","durationMs":26}
{"ts":"2026-09-16T20:43:09.695Z","level":"info","event":"line.webhook.completed","correlationId":"2c4eb82a-872f-49eb-85bf-fac5cfbf6835","correlationSource":"GENERATED","tenantId":"615cf7c0-8bd1-4eeb-9ed4-3c5456810cd6","businessId":"c0f69344-c130-4240-af11-c9c23f75e6e0","received":1,"handled":1,"failed":0,"skippedCount":0,"evidenceRecorded":0,"durationMs":30}

 ✓ tests/integration/smartgift-webhook-e2e.test.js (2 tests) 108ms
 ✓ tests/unit/knowledge-dedup.test.js (23 tests) 5ms
 ✓ tests/unit/authorization-seam-routes.test.js (10 tests) 8ms
 ✓ tests/unit/programme-member-view.test.js (10 tests) 30ms
 ✓ tests/unit/fr062-permissions-read-scope.test.js (11 tests) 147ms
 ✓ tests/unit/fr120-signup-service.test.js (12 tests) 240ms
 ✓ tests/unit/customer-import-review-service.test.js (6 tests) 7ms
 ✓ tests/unit/project-list-contract.test.js (7 tests) 11ms
 ✓ tests/unit/scm-console-routes.test.js (10 tests) 9ms
 ✓ tests/unit/fr059-strategy-validation.test.js (23 tests) 7ms
 ✓ tests/unit/project-roadmap-ui.test.js (11 tests) 4ms
 ✓ tests/integration/fr235-line-oa-knowledge-grounding-control.test.js (9 tests) 171ms
 ✓ tests/integration/fr144-edge-device-credential.test.js (7 tests) 221ms
 ✓ tests/integration/msp-memory-lineage.test.js (12 tests) 7ms
 ✓ tests/unit/asset-lifecycle-service.test.js (8 tests) 7ms
 ✓ tests/unit/knowledge-gap-report-service.test.js (7 tests) 4ms
 ✓ tests/unit/platform-users-view.test.js (16 tests) 4ms
 ✓ tests/unit/edge-extraction-poller.test.js (11 tests) 7ms
 ✓ tests/integration/line-ingest-tenant-isolation.test.js (6 tests) 273ms
 ✓ tests/unit/asset-lookup-service.test.js (8 tests) 7ms
stdout | tests/integration/agent-webhook-route.test.js > POST /api/agent/line-webhook (FR-028) > turns a forwarded text message into an agent turn
{"ts":"2026-09-16T20:43:19.862Z","level":"info","event":"line.webhook.received","correlationId":"0c5c0818-bb29-47a0-b717-70bae38b3e75","correlationSource":"GENERATED","tenantId":"a4211b36-96ce-4c4e-9843-f2d7b92439f3","businessId":"b0c93270-df8d-4792-8029-06c0bf21e943","received":1}

stdout | tests/integration/agent-webhook-route.test.js > POST /api/agent/line-webhook (FR-028) > turns a forwarded text message into an agent turn
{"ts":"2026-09-16T20:43:19.905Z","level":"info","event":"line.webhook.event","correlationId":"0c5c0818-bb29-47a0-b717-70bae38b3e75","eventId":"MWH-1","tenantId":"a4211b36-96ce-4c4e-9843-f2d7b92439f3","businessId":"b0c93270-df8d-4792-8029-06c0bf21e943","eventType":"message","messageType":"text","stage":"TURN","outcome":"OK","principalType":"CUSTOMER","responseKind":"ANSWER","grounded":true,"skipReply":false,"conversationId":"c37493bf-ebfc-462a-951b-a863c7816bf2","messageId":"a35d2d36-0130-463a-8e4f-ce4751871623","personId":"9020f87a-c3f1-4cdf-8e27-c67e1ac78b45","durationMs":42}
{"ts":"2026-09-16T20:43:19.906Z","level":"info","event":"line.webhook.completed","correlationId":"0c5c0818-bb29-47a0-b717-70bae38b3e75","correlationSource":"GENERATED","tenantId":"a4211b36-96ce-4c4e-9843-f2d7b92439f3","businessId":"b0c93270-df8d-4792-8029-06c0bf21e943","received":1,"handled":1,"failed":0,"skippedCount":0,"evidenceRecorded":0,"durationMs":47}

stdout | tests/integration/agent-webhook-route.test.js > POST /api/agent/line-webhook (FR-028) > skips non-text / non-message events but still returns 200
{"ts":"2026-09-16T20:43:19.909Z","level":"info","event":"line.webhook.received","correlationId":"7bd090a7-55eb-4a47-a36f-7e1204476aa6","correlationSource":"GENERATED","tenantId":"a4211b36-96ce-4c4e-9843-f2d7b92439f3","received":2}
{"ts":"2026-09-16T20:43:19.909Z","level":"info","event":"line.webhook.event","correlationId":"7bd090a7-55eb-4a47-a36f-7e1204476aa6","tenantId":"a4211b36-96ce-4c4e-9843-f2d7b92439f3","eventType":"follow","stage":"DISPATCH","outcome":"SKIPPED","skipped":true,"durationMs":0}
{"ts":"2026-09-16T20:43:19.909Z","level":"info","event":"line.webhook.event","correlationId":"7bd090a7-55eb-4a47-a36f-7e1204476aa6","tenantId":"a4211b36-96ce-4c4e-9843-f2d7b92439f3","eventType":"message","messageType":"sticker","stage":"DISPATCH","outcome":"SKIPPED","skipped":true,"durationMs":0}
{"ts":"2026-09-16T20:43:19.909Z","level":"info","event":"line.webhook.completed","correlationId":"7bd090a7-55eb-4a47-a36f-7e1204476aa6","correlationSource":"GENERATED","tenantId":"a4211b36-96ce-4c4e-9843-f2d7b92439f3","received":2,"handled":0,"failed":0,"skippedCount":2,"evidenceRecorded":0,"durationMs":1}

stdout | tests/integration/agent-webhook-route.test.js > POST /api/agent/line-webhook (FR-028) > refuses a batch with no tenantId (no minting under an unresolved tenant)
{"ts":"2026-09-16T20:43:19.910Z","level":"warn","event":"line.webhook.rejected","correlationId":"782fe960-134d-41fd-946c-e47535c8acd0","correlationSource":"GENERATED","stage":"SCOPE","errorCode":"TENANT_ID_REQUIRED","received":1,"durationMs":0}

stdout | tests/integration/agent-webhook-route.test.js > POST /api/agent/line-webhook (FR-028) > returns 401 before turn work when the server-owned binding rejects the request
{"ts":"2026-09-16T20:43:19.910Z","level":"warn","event":"line.webhook.rejected","correlationId":"be12a819-1d78-477d-91dc-982ede62cbf3","correlationSource":"GENERATED","stage":"SCOPE","errorCode":"LINE_BINDING_UNAUTHORIZED","received":1,"durationMs":0}

stdout | tests/integration/agent-webhook-route.test.js > POST /api/agent/line-webhook (FR-028) > accepts the shared FR-052 binding-only request fixture without client scope
{"ts":"2026-09-16T20:43:19.912Z","level":"info","event":"line.webhook.received","correlationId":"b9ca24dc-07a4-4bf6-b59b-a49d90c7f4bd","correlationSource":"GENERATED","tenantId":"a4211b36-96ce-4c4e-9843-f2d7b92439f3","businessId":"b0c93270-df8d-4792-8029-06c0bf21e943","received":1}
{"ts":"2026-09-16T20:43:19.913Z","level":"info","event":"line.webhook.event","correlationId":"b9ca24dc-07a4-4bf6-b59b-a49d90c7f4bd","eventId":"evt-binding-v1","tenantId":"a4211b36-96ce-4c4e-9843-f2d7b92439f3","businessId":"b0c93270-df8d-4792-8029-06c0bf21e943","eventType":"message","messageType":"text","stage":"TURN","outcome":"OK","principalType":"CUSTOMER","responseKind":"ANSWER","skipReply":false,"durationMs":0}
{"ts":"2026-09-16T20:43:19.913Z","level":"info","event":"line.webhook.completed","correlationId":"b9ca24dc-07a4-4bf6-b59b-a49d90c7f4bd","correlationSource":"GENERATED","tenantId":"a4211b36-96ce-4c4e-9843-f2d7b92439f3","businessId":"b0c93270-df8d-4792-8029-06c0bf21e943","received":1,"handled":1,"failed":0,"skippedCount":0,"evidenceRecorded":0,"durationMs":2}

stdout | tests/integration/agent-webhook-route.test.js > POST /api/agent/line-webhook (FR-028) > passes a trusted group route to the thread-memory seam
{"ts":"2026-09-16T20:43:19.914Z","level":"info","event":"line.webhook.received","correlationId":"e7162f63-3a75-40ab-b5da-ae4fea149891","correlationSource":"GENERATED","tenantId":"a4211b36-96ce-4c4e-9843-f2d7b92439f3","businessId":"b0c93270-df8d-4792-8029-06c0bf21e943","received":1}
{"ts":"2026-09-16T20:43:19.915Z","level":"info","event":"line.webhook.event","correlationId":"e7162f63-3a75-40ab-b5da-ae4fea149891","eventId":"MWH-GROUP","tenantId":"a4211b36-96ce-4c4e-9843-f2d7b92439f3","businessId":"b0c93270-df8d-4792-8029-06c0bf21e943","eventType":"message","messageType":"text","stage":"TURN","outcome":"OK","principalType":"CUSTOMER","responseKind":"ANSWER","skipReply":false,"durationMs":0}
{"ts":"2026-09-16T20:43:19.915Z","level":"info","event":"line.webhook.completed","correlationId":"e7162f63-3a75-40ab-b5da-ae4fea149891","correlationSource":"GENERATED","tenantId":"a4211b36-96ce-4c4e-9843-f2d7b92439f3","businessId":"b0c93270-df8d-4792-8029-06c0bf21e943","received":1,"handled":1,"failed":0,"skippedCount":0,"evidenceRecorded":0,"durationMs":1}

stdout | tests/integration/agent-webhook-route.test.js > POST /api/agent/line-webhook (FR-028) > rejects legacy client scope before turn work when Phase 1 runtime is enabled
{"ts":"2026-09-16T20:43:19.915Z","level":"warn","event":"line.webhook.rejected","correlationId":"f84f88e3-e4e0-4917-9a2f-98a5985486cb","correlationSource":"GENERATED","stage":"SCOPE","errorCode":"PHASE1_CLIENT_SCOPE_FORBIDDEN","received":1,"durationMs":0}

stdout | tests/integration/agent-webhook-route.test.js > POST /api/agent/line-webhook (FR-028) > isolates a per-event failure without dropping the batch
{"ts":"2026-09-16T20:43:19.916Z","level":"info","event":"line.webhook.received","correlationId":"7128a520-f31f-405e-9087-233235d81ac8","correlationSource":"GENERATED","tenantId":"a4211b36-96ce-4c4e-9843-f2d7b92439f3","businessId":"b0c93270-df8d-4792-8029-06c0bf21e943","received":2}

stdout | tests/integration/agent-webhook-route.test.js > POST /api/agent/line-webhook (FR-028) > isolates a per-event failure without dropping the batch
{"ts":"2026-09-16T20:43:19.941Z","level":"info","event":"line.webhook.event","correlationId":"7128a520-f31f-405e-9087-233235d81ac8","eventId":"MWH-4","tenantId":"a4211b36-96ce-4c4e-9843-f2d7b92439f3","businessId":"b0c93270-df8d-4792-8029-06c0bf21e943","eventType":"message","messageType":"text","stage":"TURN","outcome":"OK","principalType":"CUSTOMER","responseKind":"ANSWER","grounded":true,"skipReply":false,"conversationId":"c092767c-dfd5-4b80-b8e3-75132b6e2126","messageId":"d127c6f0-82bd-4cf5-8515-2cd9c1e638df","personId":"d4a059ca-c66b-41ee-80aa-491fab50e717","durationMs":25}
{"ts":"2026-09-16T20:43:19.941Z","level":"warn","event":"line.webhook.event","correlationId":"7128a520-f31f-405e-9087-233235d81ac8","tenantId":"a4211b36-96ce-4c4e-9843-f2d7b92439f3","businessId":"b0c93270-df8d-4792-8029-06c0bf21e943","eventType":"message","messageType":"text","stage":"DISPATCH","outcome":"SKIPPED","skipped":true,"errorCode":"NO_SOURCE_USER_ID","durationMs":0}
{"ts":"2026-09-16T20:43:19.941Z","level":"info","event":"line.webhook.completed","correlationId":"7128a520-f31f-405e-9087-233235d81ac8","correlationSource":"GENERATED","tenantId":"a4211b36-96ce-4c4e-9843-f2d7b92439f3","businessId":"b0c93270-df8d-4792-8029-06c0bf21e943","received":2,"handled":1,"failed":0,"skippedCount":1,"evidenceRecorded":0,"durationMs":25}

 ✓ tests/integration/agent-webhook-route.test.js (8 tests) 139ms
 ✓ tests/unit/golden-evaluation.test.js (6 tests) 18ms
 ✓ tests/unit/runtime-isolation-probe.test.js (8 tests) 7ms
 ✓ tests/unit/commerce-domain.test.js (10 tests) 18ms
 ✓ tests/unit/import-authorization.test.js (14 tests) 4ms
 ✓ tests/unit/server-line-worker-routes.test.js (8 tests) 19ms
 ✓ tests/integration/fr194-legal-entity-tax-branch.test.js (5 tests) 278ms
 ✓ tests/unit/marketing-campaign-ui.test.js (7 tests) 6ms
 ✓ tests/unit/connection-health.test.js (15 tests) 6ms
 ✓ tests/integration/fr071-pipeline-step-count-aggregation.test.js (2 tests) 168ms
 ✓ tests/unit/asset-intake-adapters-contract.test.js (5 tests) 264ms
 ✓ tests/unit/knowledge-classification.test.js (24 tests) 7ms
 ✓ tests/unit/asset-register-service.test.js (8 tests) 6ms
 ✓ tests/unit/genesisrag17-source.test.js (9 tests) 11ms
 ✓ tests/unit/knowledge-provenance.test.js (32 tests) 5ms
 ✓ tests/unit/password-reset-page.test.js (12 tests) 3ms
 ✓ tests/integration/agent-action-gate.test.js (8 tests) 541ms
 ✓ tests/unit/inventory-catalog-workbook.test.js (5 tests) 134ms
 ✓ tests/unit/platform-control-route-contract.test.js (6 tests) 15ms
 ✓ tests/integration/crm-conversation-search.test.js (8 tests) 305ms
 ✓ tests/unit/fr091-inbox-ui-contract.test.js (13 tests) 4ms
 ✓ tests/unit/knowledge-stage-runner-trace.test.js (10 tests) 6ms
 ✓ tests/unit/service-role-grant-baseline.test.js (13 tests) 10ms
 ✓ tests/unit/scope-external-ids-migration.test.js (6 tests) 8ms
 ✓ tests/unit/edge-pairing.test.js (14 tests) 9ms
 ✓ tests/unit/roadmap-coverage.test.js (14 tests) 3ms
 ✓ tests/unit/customer-consent-service.test.js (12 tests) 7ms
 ✓ tests/integration/line-oa-connection-health.test.js (8 tests) 187ms
 ✓ tests/unit/platform-control-domain-map.test.js (8 tests) 42ms
 ✓ tests/unit/inventory-costing.test.js (10 tests) 4ms
 ✓ tests/unit/warehouse-location.test.js (8 tests) 11ms
 ✓ tests/unit/marketing/marketing-content-route.test.js (5 tests) 9ms
 ✓ tests/unit/plan-status-vocabulary.test.js (21 tests) 10ms
 ✓ tests/unit/password-reset-service.test.js (12 tests) 135ms
 ✓ tests/integration/fr237-knowledge-gap-report.test.js (3 tests) 137ms
 ✓ tests/unit/fr123-plugin-consent.test.js (22 tests) 8ms
 ✓ tests/unit/line-registry-service.test.js (8 tests) 7ms
 ✓ tests/unit/asset-management-contract.test.js (11 tests) 16ms
 ✓ tests/unit/fr080-ui-contract.test.js (10 tests) 4ms
 ✓ tests/unit/inventory-sku-console.test.js (6 tests) 3ms
 ✓ tests/unit/pipeline-mcp-transport.test.js (4 tests) 4ms
 ✓ tests/unit/marketing/marketing-plan-route.test.js (5 tests) 10ms
 ✓ tests/unit/commerce-routes.test.js (7 tests) 9ms
 ✓ tests/unit/fr045-filesystem-port.test.js (7 tests) 6ms
 ✓ tests/unit/line-oa-settings-consolidation.test.js (10 tests) 3ms
 ✓ tests/unit/prisma-generate-gate.test.js (15 tests) 4ms
 ✓ tests/unit/identity/mfa-secret-seal.test.js (10 tests) 6ms
 ✓ tests/unit/knowledge-data-pipeline-map-ui.test.js (8 tests) 37ms
 ✓ tests/unit/plan-schema.test.js (21 tests) 8ms
 ✓ tests/unit/controlled-line-activation-migration.test.js (4 tests) 5ms
 ✓ tests/unit/project-execution-backpath.test.js (12 tests) 3ms
 ✓ tests/unit/fr193-employment-not-authorization.test.js (64 tests) 29ms
 ✓ tests/integration/agent-context.test.js (6 tests) 265ms
 ✓ tests/unit/retention-sweep-worker-run.test.js (13 tests) 4ms
 ✓ tests/integration/fr193-employment-write-path.test.js (5 tests) 237ms
 ✓ tests/unit/programme-usage-meter.test.js (6 tests) 4ms
 ✓ tests/integration/identity-link.test.js (8 tests) 471ms
 ✓ tests/integration/fr197-operator-grant-lifecycle.test.js (5 tests) 94ms
 ✓ tests/integration/platform-grant-revoke.test.js (4 tests) 210ms
 ✓ tests/unit/market-intelligence/translate-raw-record.test.js (9 tests) 5ms
 ✓ tests/unit/program-delivery-metrics.test.js (8 tests) 4ms
 ✓ tests/unit/ci-select-e2e.test.js (13 tests) 43ms
 ↓ tests/integration/fr110-knowledge-evidence-chain.test.js (1 test | 1 skipped)
 ✓ tests/unit/api-error-mapping.test.js (13 tests) 8ms
 ✓ tests/integration/fr196-sod-cannot-be-assembled.test.js (3 tests) 259ms
 ✓ tests/unit/sales-task-domain.test.js (7 tests) 17ms
 ✓ tests/unit/line-binding-activation-cli.test.js (6 tests) 41ms
 ✓ tests/unit/knowledge-normalization.test.js (30 tests) 5ms
 ✓ tests/unit/platform/connector-catalog.test.js (12 tests) 4ms
 ✓ tests/unit/project-inventory-read-model.test.js (3 tests) 6ms
 ✓ tests/unit/integration/credential-vault-provider-kinds-migration.test.js (10 tests) 4ms
 ✓ tests/unit/fr192-tenant-role-binding-resolver.test.js (4 tests) 3ms
 ✓ tests/unit/server-line-answer.test.js (11 tests) 16ms
 ✓ tests/unit/corpus-knowledge-reader.test.js (7 tests) 5ms
 ✓ tests/integration/marketing-backup.test.js (1 test) 6518ms
   ✓ Marketing evidence backup > round-trips non-empty evidence and execution links in FK order 6517ms
 ✓ tests/unit/line-oa-rich-menu-domain.test.js (8 tests) 9ms
 ✓ tests/unit/platform/line-oa-webhook.test.js (7 tests) 11ms
 ✓ tests/unit/pricing-rules-ui.test.js (8 tests) 34ms
 ✓ tests/unit/conversation-session-service.test.js (12 tests) 4ms
 ✓ tests/unit/viewer-failure.test.js (24 tests) 6ms
 ✓ tests/unit/doc-links-cli.test.js (1 test) 14027ms
   ✓ CLI reproduces generated files and rejects stale state, backlinks and missing targets 14027ms
 ✓ tests/unit/harness-pairing.test.js (4 tests) 7ms
 ✓ tests/unit/marketing/marketing-broadcast-backup.test.js (3 tests) 36ms
 ✓ tests/unit/knowledge-ingestion-job.test.js (13 tests) 5ms
 ✓ tests/unit/line-oa-liff-app-domain.test.js (7 tests) 5ms
 ✓ tests/unit/repositories-page-ui-contract.test.js (9 tests) 4ms
 ✓ tests/unit/scm-group-navigation.test.js (7 tests) 4ms
 ✓ tests/unit/program-task-evidence.test.js (6 tests) 9ms
 ✓ tests/unit/integration/dispatching-secret-manager.test.js (7 tests) 9ms
 ✓ tests/unit/fr123-plugin-consent-view.test.js (7 tests) 9ms
 ✓ tests/unit/phase1-runtime-login-probe.test.js (6 tests) 8ms
 ✓ tests/unit/viewer-authority.test.js (12 tests) 120ms
 ✓ tests/integration/fr193-employment-lifecycle.test.js (6 tests) 199ms
 ✓ tests/unit/crm-retention-sweep-route.test.js (7 tests) 8ms
 ✓ tests/unit/market-intelligence/market-observation-service.test.js (8 tests) 7ms
 ✓ tests/unit/server-line-worker-cadence.test.js (10 tests) 3ms
 ✓ tests/unit/doc-links.test.js (20 tests) 23ms
 ✓ tests/unit/fr045-file-manager-read-model.test.js (6 tests) 9ms
 ✓ tests/unit/agent-line-catalog-command.test.js (4 tests) 5ms
 ✓ tests/unit/fr120-signup-rate-limit.test.js (11 tests) 3ms
 ✓ tests/unit/identity/seal-mfa-factor-secrets-cli.test.js (6 tests) 6ms
 ✓ tests/unit/line-job-failures.test.js (6 tests) 5ms
 ✓ tests/unit/integration/credential-vault-migrations.test.js (8 tests) 4ms
 ✓ tests/unit/marketing/marketing-broadcast-service.test.js (3 tests) 711ms
   ✓ Marketing Broadcast application service > lists the actual current revision and preserves UNKNOWN owner reads 708ms
 ✓ tests/integration/asset-evidence-intake-execution.test.js (2 tests) 146ms
 ✓ tests/unit/conversation-read-model.test.js (10 tests) 8ms
 ✓ tests/integration/agent-runtime.test.js (4 tests) 277ms
 ✓ tests/unit/api-access-key-routes.test.js (8 tests) 8ms
 ✓ tests/integration/agent-request-envelope.test.js (7 tests) 190ms
 ✓ tests/unit/grounded-business-answer.test.js (6 tests) 13ms
 ✓ tests/integration/market-intelligence-persistence.test.js (2 tests) 186ms
 ✓ tests/unit/knowledge-candidate-migration.test.js (3 tests) 4ms
 ✓ tests/unit/fr120-signup-page.test.js (12 tests) 3ms
 ✓ tests/unit/viewer-gate.test.js (6 tests) 4ms
 ✓ tests/integration/password-reset-flow.test.js (2 tests) 317ms
 ✓ tests/unit/db-runtime-config.test.js (12 tests) 4ms
 ✓ tests/unit/sot-data-plane-auth.test.js (11 tests) 210ms
 ✓ tests/unit/line-canary-preflight.test.js (15 tests) 7ms
 ✓ tests/integration/channel-identity.test.js (4 tests) 251ms
 ✓ tests/integration/knowledge-project.test.js (7 tests) 243ms
 ✓ tests/unit/fr080-integration-management.test.js (4 tests) 7ms
 ✓ tests/unit/platform/server-line-rich-menu-transport.test.js (6 tests) 6ms
 ✓ tests/unit/viewer-factory-contract.test.js (11 tests) 836ms
 ✓ tests/unit/fr123-plugin-auth-migration.test.js (8 tests) 12ms
 ✓ tests/integration/fr072-project-file-authorization.test.js (3 tests) 412ms
 ✓ tests/unit/fr252-pricing-routes.test.js (9 tests) 10ms
 ✓ tests/unit/marketing/marketing-campaign-route.test.js (4 tests) 10ms
 ✓ tests/unit/platform/pipeline-tracking-contract.test.js (8 tests) 9ms
 ✓ tests/integration/credential-rate-limit.test.js (6 tests) 2155ms
   ✓ credential rate limit (FR-224) > the write guard spends the installation LINE budget only on actions that call LINE, sixty a minute 1677ms
 ✓ tests/unit/membership-grant-service.test.js (9 tests) 7ms
 ✓ tests/unit/e2e-reconnecting-request.test.js (7 tests) 5ms
 ✓ tests/integration/msp-vault-memory-port.test.js (4 tests) 6ms
 ✓ tests/unit/domain-navigation.test.js (7 tests) 3ms
 ✓ tests/unit/fr045-backup-contract.test.js (5 tests) 27ms
 ✓ tests/unit/fr080-supabase-vault.test.js (6 tests) 7ms
 ✓ tests/unit/sales-task-routes.test.js (7 tests) 8ms
 ✓ tests/unit/harness-devices-view.test.js (5 tests) 7ms
 ✓ tests/integration/project-business-binding.test.js (6 tests) 184ms
 ✓ tests/unit/integrations-page-claims.test.js (12 tests) 2ms
 ✓ tests/unit/market-intelligence/market-translations-route.test.js (6 tests) 9ms
 ✓ tests/unit/reply-record-service.test.js (11 tests) 7ms
 ✓ tests/unit/marketing/marketing-operations-route.test.js (4 tests) 8ms
 ✓ tests/integration/fr072-files-migrate-authorization.test.js (6 tests) 109ms
 ✓ tests/unit/people-service.test.js (4 tests) 4ms
 ✓ tests/unit/asset-maintenance-routes.test.js (4 tests) 6ms
 ✓ tests/unit/entry-surfaces.test.js (4 tests) 3ms
 ✓ tests/unit/asset-lifecycle-routes.test.js (5 tests) 6ms
 ✓ tests/unit/edge-device-credential.test.js (6 tests) 4ms
 ✓ tests/unit/fr045-schema-contract.test.js (5 tests) 4ms
 ✓ tests/unit/line-studio-edge-connection-render.test.js (6 tests) 10ms
 ✓ tests/unit/e2e-warmup.test.js (7 tests) 63ms
 ✓ tests/unit/doc-graph-delivery-attribution.test.js (4 tests) 27ms
 ✓ tests/unit/integration/envelope-secret-store.test.js (10 tests) 10ms
 ✓ tests/integration/plan-mode-modal-intake.test.js (3 tests) 104ms
 ✓ tests/unit/asset-disposal-service.test.js (5 tests) 5ms
 ✓ tests/unit/profile-identity-fields-migration.test.js (5 tests) 4ms
 ✓ tests/unit/asset-register-routes.test.js (8 tests) 6ms
 ✓ tests/integration/project-roadmap.test.js (2 tests) 298ms
 ✓ tests/integration/knowledge-admission-backup.test.js (4 tests) 8786ms
   ✓ knowledge admission persistence contract > rejects a declared recovery manifest missing any admission table before a restore 394ms
   ✓ knowledge admission persistence contract > restores a populated corpus, source, queued immutable content and manifest in parent order 8381ms
 ✓ tests/unit/platform-users-page-render.test.js (4 tests) 12ms
 ✓ tests/unit/edge-extraction-job-contract.test.js (6 tests) 62ms
 ✓ tests/unit/crm-message-attachments-events-migration.test.js (5 tests) 2ms
 ✓ tests/unit/fr055-postgres-target-guard.test.js (15 tests) 5ms
 ✓ tests/unit/fr045-reconcile-cache.test.js (2 tests) 6ms
 ✓ tests/unit/test-database-reset.test.js (11 tests) 58ms
 ✓ tests/unit/knowledge-admission-mcp.test.js (3 tests) 5ms
 ✓ tests/integration/fr075-restore-authorization.test.js (5 tests) 8304ms
   ✓ FR-075 restore authorization > refuses the most privileged ordinary principal, and permits the operator 7845ms
 ✓ tests/integration/fr045-managed-files.test.js (2 tests) 202ms
 ✓ tests/unit/bundle-schema.test.js (12 tests) 21ms
 ✓ tests/unit/knowledge-zero-pii-policy.test.js (13 tests) 4ms
 ✓ tests/integration/iam-authorization.test.js (4 tests) 138ms
 ✓ tests/unit/genesisrag17-lineage-repository.test.js (4 tests) 5ms
 ✓ tests/integration/fr169-business-capability.test.js (7 tests) 75ms
 ✓ tests/integration/fr193-access-members.test.js (2 tests) 274ms
 ✓ tests/unit/error-events.test.js (5 tests) 12ms
 ✓ tests/unit/projects-dashboard-schema-migration.test.js (5 tests) 3ms
 ✓ tests/unit/fr124-product-readiness-ui.test.js (5 tests) 43ms
 ✓ tests/unit/market-intelligence/market-dashboard-render.test.js (3 tests) 7ms
 ✓ tests/integration/projects-dashboard-stall.test.js (1 test) 6152ms
   ✓ FR-086 Projects Dashboard under an event-loop stall > answers 200 with the composed dashboard when the event loop stalls for longer than 5 s mid-read 6036ms
 ✓ tests/unit/fr045-reveal.test.js (5 tests) 6ms
 ✓ tests/unit/asset-evidence-storage-contract.test.js (4 tests) 16ms
 ✓ tests/unit/line-oa-rich-menu-schema-contract.test.js (5 tests) 9ms
 ✓ tests/unit/fr046-session-port.test.js (6 tests) 16ms
 ✓ tests/integration/project-roadmap-stall.test.js (1 test) 6141ms
   ✓ FR-068 Project Roadmap under an event-loop stall > answers 200 with the composed roadmap when the event loop stalls for longer than 5 s mid-read 6021ms
 ✓ tests/unit/fr060-business-home-visibility.test.js (11 tests) 4ms
 ✓ tests/unit/project-roadmap-read-model.test.js (2 tests) 6ms
 ✓ tests/unit/iam-session.test.js (4 tests) 51ms
 ✓ tests/unit/crm-group-navigation.test.js (7 tests) 4ms
 ✓ tests/unit/platform/integration-contracts.test.js (9 tests) 5ms
 ✓ tests/unit/shell-runtime-claims.test.js (8 tests) 112ms
 ✓ tests/unit/self-plan-generator.test.js (7 tests) 3ms
 ✓ tests/unit/program-roadmap-board-telemetry.test.js (5 tests) 57ms
 ✓ tests/integration/project-inventory-stall.test.js (1 test) 6227ms
   ✓ FR-077 Project Inventory under an event-loop stall > answers 200 with partial metadata when the event loop stalls for longer than 5 s mid-read 6226ms
 ✓ tests/unit/crm-conversation-sessions-migration.test.js (6 tests) 3ms
 ✓ tests/unit/asset-evidence-intake-service-contract.test.js (3 tests) 79ms
 ✓ tests/unit/legacy-line-transport-ownership.test.js (6 tests) 9ms
 ✓ tests/unit/shell-mode.test.js (10 tests) 4ms
 ✓ tests/unit/commerce-billing-domain.test.js (5 tests) 5ms
 ✓ tests/unit/doc-views.test.js (8 tests) 2ms
 ✓ tests/unit/public-base-url.test.js (9 tests) 2ms
 ✓ tests/unit/line-oa-rich-menu-publish.test.js (5 tests) 2ms
 ✓ tests/unit/fr190-transport-health-presentation.test.js (10 tests) 3ms
 ✓ tests/unit/business-capability-navigation.test.js (6 tests) 3ms
 ✓ tests/unit/msp-vault-resolver.test.js (4 tests) 4ms
 ✓ tests/unit/line-binding-status.test.js (4 tests) 4ms
 ✓ tests/integration/project-list-contract.test.js (4 tests) 196ms
 ✓ tests/unit/market-intelligence/gks-market-identity-resolver.test.js (7 tests) 3ms
 ✓ tests/integration/fr208-inventory-catalog-intake-rollback.test.js (1 test) 124ms
 ✓ tests/unit/market-intelligence/market-observations-route.test.js (6 tests) 8ms
 ✓ tests/unit/line-oa-connect-wizard-render.test.js (6 tests) 8ms
 ✓ tests/unit/marketing/marketing-content-contract.test.js (4 tests) 6ms
 ✓ tests/integration/marketing-content-backup.test.js (1 test) 7067ms
   ✓ Marketing Content backup > restores nonempty immutable content, review and decision rows in FK order 7066ms
 ↓ tests/integration/runtime-isolation-probe.postgres.test.js (1 test | 1 skipped)
 ✓ tests/unit/supabase-production-isolation.test.js (4 tests) 5ms
 ✓ tests/unit/playwright-database-bootstrap.test.js (6 tests) 4ms
 ✓ tests/unit/bootstrap-operator-cli.test.js (6 tests) 28ms
 ✓ tests/unit/inventory-hygiene-page.test.js (3 tests) 9ms
 ✓ tests/unit/market-intelligence/price-observation-domain.test.js (7 tests) 3ms
 ✓ tests/unit/assert-tests-ran.test.js (12 tests) 3ms
 ✓ tests/unit/knowledge-candidate-zero-pii.test.js (31 tests) 7ms
 ✓ tests/unit/line-oa-webhook-copy.test.js (8 tests) 5ms
 ✓ tests/unit/fr124-product-readiness-read-model.test.js (4 tests) 2ms
 ✓ tests/unit/platform-control-entry-link.test.js (8 tests) 3ms
 ✓ tests/integration/crm-retention-override-service.test.js (6 tests) 99ms
 ✓ tests/unit/inventory-product-page.test.js (3 tests) 9ms
 ✓ tests/integration/scope-and-isolation.test.js (7 tests) 223ms
 ✓ tests/unit/line-oa-account-schema-contract.test.js (5 tests) 7ms
 ✓ tests/unit/sign-out.test.js (9 tests) 4ms
 ✓ tests/unit/line-oa-rich-menu-jobs-routes.test.js (4 tests) 7ms
 ✓ tests/unit/project-dependency-service.test.js (4 tests) 9ms
 ✓ tests/unit/edge-pairing-routes.test.js (9 tests) 13ms
 ✓ tests/unit/sot-plan-status.test.js (9 tests) 5ms
 ✓ tests/unit/asset-lookup-routes.test.js (4 tests) 5ms
 ✓ tests/unit/market-intelligence/market-raw-record-repository.test.js (6 tests) 4ms
 ✓ tests/unit/fr063-board-columns.test.js (7 tests) 3ms
 ✓ tests/integration/line-ingest.test.js (5 tests) 209ms
 ✓ tests/unit/market-intelligence/market-observation-domain.test.js (9 tests) 5ms
 ✓ tests/unit/line-oa-liff-app-routes.test.js (4 tests) 7ms
 ✓ tests/unit/genesisrag17-contract.test.js (5 tests) 5ms
 ✓ tests/unit/line-oa-account-routes.test.js (5 tests) 3ms
 ✓ tests/unit/knowledge-quarantine.test.js (5 tests) 5ms
 ✓ tests/unit/line-webhook-scope-fail-closed.test.js (7 tests) 3ms
 ✓ tests/unit/line-oa-worker-route-reconciler.test.js (4 tests) 13ms
 ✓ tests/unit/knowledge-admission-routes.test.js (3 tests) 7ms
stdout | tests/integration/line-webhook-unbound-production.test.js > POST /api/agent/line-webhook — unbound production caller (SEC-010) > returns 401 and writes nothing when a caller selects its own tenant in production
{"ts":"2026-09-16T20:46:15.119Z","level":"warn","event":"line.webhook.rejected","correlationId":"df64a62f-4e58-497f-a9c4-be936b6fa92e","correlationSource":"GENERATED","stage":"SCOPE","errorCode":"PHASE1_BINDING_REQUIRED","received":1,"durationMs":1}

stdout | tests/integration/line-webhook-unbound-production.test.js > POST /api/agent/line-webhook — unbound production caller (SEC-010) > does not disclose which field would unlock the endpoint
{"ts":"2026-09-16T20:46:15.125Z","level":"warn","event":"line.webhook.rejected","correlationId":"cdcf71fa-3455-4095-ac76-b2ae5555f558","correlationSource":"GENERATED","stage":"SCOPE","errorCode":"PHASE1_BINDING_REQUIRED","received":1,"durationMs":0}

stdout | tests/integration/line-webhook-unbound-production.test.js > POST /api/agent/line-webhook — unbound production caller (SEC-010) > still serves the lab client-scope seam outside production
{"ts":"2026-09-16T20:46:15.127Z","level":"info","event":"line.webhook.received","correlationId":"a26f75db-5c63-4096-a852-44f97df61d98","correlationSource":"GENERATED","tenantId":"29952934-8c70-4c7f-bd75-e2ff47edb29b","businessId":"66bfd431-044a-404f-a1ad-408c2fcaf343","received":1}

stdout | tests/integration/line-webhook-unbound-production.test.js > POST /api/agent/line-webhook — unbound production caller (SEC-010) > still serves the lab client-scope seam outside production
{"ts":"2026-09-16T20:46:15.168Z","level":"info","event":"line.webhook.event","correlationId":"a26f75db-5c63-4096-a852-44f97df61d98","eventId":"MUNB-3","tenantId":"29952934-8c70-4c7f-bd75-e2ff47edb29b","businessId":"66bfd431-044a-404f-a1ad-408c2fcaf343","eventType":"message","messageType":"text","stage":"TURN","outcome":"OK","principalType":"CUSTOMER","responseKind":"ANSWER","grounded":true,"skipReply":false,"conversationId":"f686b8f7-5647-49b8-94d0-555cf1230b89","messageId":"4fc8ec0e-a839-45a2-b4f4-9072383dc72b","personId":"36099056-8968-4f61-8ced-a3860da22b2c","durationMs":41}
{"ts":"2026-09-16T20:46:15.168Z","level":"info","event":"line.webhook.completed","correlationId":"a26f75db-5c63-4096-a852-44f97df61d98","correlationSource":"GENERATED","tenantId":"29952934-8c70-4c7f-bd75-e2ff47edb29b","businessId":"66bfd431-044a-404f-a1ad-408c2fcaf343","received":1,"handled":1,"failed":0,"skippedCount":0,"evidenceRecorded":0,"durationMs":42}

 ✓ tests/integration/line-webhook-unbound-production.test.js (3 tests) 108ms
 ✓ tests/integration/identity-classify.test.js (5 tests) 208ms
 ✓ tests/unit/platform/raw-record-repository-read.test.js (6 tests) 4ms
 ✓ tests/unit/asset-evidence-extractor-contract.test.js (2 tests) 21ms
 ✓ tests/unit/server-retention-sweep-worker-script.test.js (6 tests) 2ms
 ✓ tests/unit/sot-plan-service.test.js (2 tests) 64ms
 ✓ tests/unit/crm-conversation-retention-migration.test.js (5 tests) 2ms
 ✓ tests/unit/conversation-session-ui.test.js (7 tests) 4ms
 ✓ tests/integration/sot-decisions-route.test.js (5 tests) 105ms
 ✓ tests/unit/knowledge-corpus-routes.test.js (3 tests) 9ms
 ✓ tests/unit/card-calculator-agreement.test.js (5 tests) 2ms
 ✓ tests/unit/platform/document-intake-contract.test.js (4 tests) 5ms
 ✓ tests/unit/ki17-acceptance-harness.test.js (5 tests) 4ms
 ✓ tests/integration/identity-resolve.test.js (6 tests) 205ms
 ✓ tests/unit/conversation-consent-reader.test.js (7 tests) 2ms
(node:53460) [MODULE_TYPELESS_PACKAGE_JSON] Warning: Module type of file:///C:/Users/pc/.codex/visualizations/2026/09/16/01a0ab85-48d9-7380-91a5-7dd7539f6427/zuri-pricing-engine/apps/server/src/modules/agent/line-operator.js is not specified and it doesn't parse as CommonJS.
Reparsing as ES module because module syntax was detected. This incurs a performance overhead.
To eliminate this warning, add "type": "module" to \\?\C:\Users\pc\.codex\visualizations\2026\09\16\01a0ab85-48d9-7380-91a5-7dd7539f6427\zuri-pricing-engine\apps\server\package.json.
(Use `node --trace-warnings ...` to show where the warning was created)
 ✓ tests/unit/activation-readiness-integration.test.js (6 tests) 54ms
 ✓ tests/unit/sign-out-surfaces-render.test.js (3 tests) 6ms
 ✓ tests/unit/identity/agent-tool-authorizer.test.js (4 tests) 2ms
 ✓ tests/unit/fr046-api-ui-contract.test.js (6 tests) 49ms
 ✓ tests/unit/customer-erasure-confirmation.test.js (6 tests) 5ms
 ✓ tests/unit/fr045-api-ui-contract.test.js (4 tests) 4ms
 ✓ tests/unit/genesisrag17-supabase-migration.test.js (3 tests) 14ms
 ✓ tests/unit/password-reset-routes.test.js (5 tests) 7ms
 ✓ tests/unit/canonical-iam-migration.test.js (4 tests) 4ms
 ✓ tests/unit/mint-api-access-key-cli.test.js (8 tests) 6ms
 ✓ tests/unit/customer-import-review-contract.test.js (4 tests) 30ms
 ✓ tests/integration/identity-erase.test.js (4 tests) 252ms
 ✓ tests/unit/profile-permission-service.test.js (3 tests) 5ms
 ✓ tests/unit/doc-graph-canonical-text.test.js (7 tests) 7ms
 ✓ tests/unit/e2e-step-timings-reporter.test.js (3 tests) 4ms
 ✓ tests/unit/e2e-scope-transport.test.js (7 tests) 568ms
 ✓ tests/unit/mode-default-subtype.test.js (10 tests) 3ms
 ✓ tests/unit/supabase-business-knowledge.test.js (3 tests) 7ms
 ✓ tests/unit/line-oa-connect-wizard-copy.test.js (7 tests) 3ms
 ✓ tests/unit/conversation-channel-account-migration.test.js (2 tests) 3ms
 ✓ tests/unit/migration-version-uniqueness.test.js (3 tests) 8ms
 ✓ tests/unit/marketing/marketing-insights-service.test.js (3 tests) 4ms
 ✓ tests/unit/observability-correlation.test.js (6 tests) 3ms
 ✓ tests/unit/revoke-operator-grant-cli.test.js (6 tests) 5ms
 ✓ tests/unit/sidebar-visible-subdomains.test.js (4 tests) 3ms
 ✓ tests/unit/auth-service.test.js (4 tests) 159ms
 ✓ tests/unit/asset-extraction-provider.test.js (6 tests) 3ms
 ✓ tests/unit/plan-import-commit-transaction.test.js (1 test) 4ms
 ✓ tests/unit/marketing/marketing-broadcast-contract.test.js (3 tests) 4ms
 ✓ tests/unit/genesisrag17-worker.test.js (2 tests) 6ms
 ✓ tests/unit/doc-graph-retired-rules.test.js (4 tests) 2698ms
   ✓ retired rules are excluded honestly > keeps the denominator equal to every live BR/SEC/SDD row 2604ms
 ✓ tests/unit/market-intelligence-schema-migration.test.js (2 tests) 5ms
 ✓ tests/unit/platform/raw-ingest-service.test.js (5 tests) 7ms
 ✓ tests/unit/project-inventory-ui.test.js (6 tests) 2ms
 ✓ tests/unit/customer-consent-migration.test.js (6 tests) 6ms
 ✓ tests/unit/archive-storage-readiness.test.js (5 tests) 4ms
 ✓ tests/unit/gate-cap-rounding.test.js (7 tests) 2ms
 ✓ tests/unit/customer-import-review-ui.test.js (4 tests) 2ms
 ✓ tests/unit/authorization-context.test.js (3 tests) 3ms
 ✓ tests/unit/market-intelligence/price-intelligence-service.test.js (1 test) 3ms
 ✓ tests/unit/model-provider-port.test.js (8 tests) 9ms
 ✓ tests/unit/asset-scanner-ui.test.js (6 tests) 2ms
 ✓ tests/unit/mint-sot-data-plane-key-cli.test.js (8 tests) 5ms
 ✓ tests/unit/integration/credential-vault-schema-contract.test.js (4 tests) 4ms
 ✓ tests/unit/topbar-no-dropdown.test.js (7 tests) 2ms
 ✓ tests/unit/inventory-catalog-intake-page.test.js (2 tests) 7ms
 ✓ tests/unit/marketing/marketing-broadcast-route.test.js (2 tests) 6ms
 ✓ tests/integration/knowledge-query.test.js (3 tests) 170ms
 ✓ tests/unit/usage-events-tracker.test.js (5 tests) 3ms
 ✓ tests/unit/market-intelligence/generic-candidate-extractor.test.js (4 tests) 3ms
 ✓ tests/unit/sot-pipeline-graph.test.js (4 tests) 3ms
 ✓ tests/unit/line-execution-trace.test.js (3 tests) 4ms
 ✓ tests/unit/module-tabs.test.js (4 tests) 4ms
 ✓ tests/unit/business-knowledge-contract.test.js (3 tests) 11ms
 ✓ tests/unit/line-binding-resolver.test.js (3 tests) 4ms
 ✓ tests/unit/crm-customer-consent-route.test.js (3 tests) 7ms
 ✓ tests/unit/marketing/marketing-authority.test.js (3 tests) 3ms
 ✓ tests/unit/asset-evidence-route-schema-contract.test.js (13 tests) 6ms
 ✓ tests/unit/project-status-options.test.js (5 tests) 3ms
 ✓ tests/unit/fr142-health-route.test.js (4 tests) 6ms
 ✓ tests/unit/pricing-publication.test.js (11 tests) 6ms
 ✓ tests/unit/identity/totp.test.js (4 tests) 3ms
 ✓ tests/integration/edge-pairing.test.js (1 test) 86ms
 ✓ tests/unit/edge-device-credential-routes.test.js (5 tests) 3ms
 ✓ tests/unit/contract-plan-artifacts.test.js (11 tests) 9ms
 ✓ tests/unit/asset-extraction-job-view.test.js (5 tests) 2ms
 ✓ tests/unit/asset-disposal-routes.test.js (2 tests) 5ms
 ✓ tests/unit/market-intelligence/supplier-candidate-domain.test.js (3 tests) 3ms
 ✓ tests/unit/public-read-route-auth.test.js (5 tests) 172ms
 ✓ tests/unit/customer-import-review-store-contract.test.js (5 tests) 2ms
 ✓ tests/integration/market-intelligence-gks-resolution.test.js (3 tests) 4ms
 ✓ tests/unit/inventory-stocktake-domain.test.js (3 tests) 9ms
 ✓ tests/unit/human-plan-builder.test.js (2 tests) 3ms
 ✓ tests/unit/asset-depreciation.test.js (3 tests) 5ms
 ✓ tests/unit/model-residency-route.test.js (5 tests) 7ms
 ✓ tests/unit/canonical-iam-runtime-role-cutover.test.js (5 tests) 2ms
 ✓ tests/unit/fr080-runtime-wiring.test.js (2 tests) 5ms
 ✓ tests/unit/knowledge-gap-report-ui.test.js (3 tests) 8ms
 ✓ tests/unit/rollup.test.js (8 tests) 2ms
 ✓ tests/unit/business-capabilities.test.js (5 tests) 2ms
 ✓ tests/unit/agent-requestable-sensitivity.test.js (2 tests) 2ms
 ✓ tests/unit/line-crm-live-chat-render.test.js (5 tests) 8ms
 ✓ tests/unit/command-palette-index.test.js (2 tests) 3ms
 ✓ tests/unit/asset-management-schema-contract.test.js (12 tests) 18ms
 ✓ tests/unit/smartgift-document-intake-migration.test.js (4 tests) 14ms
 ✓ tests/unit/project-team-service.test.js (3 tests) 5ms
 ✓ tests/unit/platform-control-guard.test.js (6 tests) 2ms
 ✓ tests/unit/project-dependency-map.test.js (4 tests) 8ms
 ✓ tests/unit/conversation-analysis-contract.test.js (2 tests) 3ms
 ✓ tests/unit/line-job-failures-route.test.js (3 tests) 8ms
 ✓ tests/unit/fr190-settings-chip-render.test.js (2 tests) 5ms
 ✓ tests/unit/postgres-business-knowledge.test.js (2 tests) 5ms
 ✓ tests/unit/marketing/marketing-content-references-route.test.js (2 tests) 5ms
 ✓ tests/unit/integration/channel-account-claim-migration.test.js (4 tests) 2ms
 ✓ tests/unit/knowledge-candidates-ui.test.js (3 tests) 7ms
 ✓ tests/unit/fr056-landing.test.js (3 tests) 3ms
 ✓ tests/unit/fr045-path-security.test.js (14 tests) 3ms
 ✓ tests/unit/business-strategy-service.test.js (3 tests) 3ms
 ✓ tests/unit/marketing/marketing-campaign-contract.test.js (2 tests) 4ms
 ✓ tests/unit/marketing/marketing-plan-contract.test.js (3 tests) 4ms
 ✓ tests/unit/project-file-service.test.js (3 tests) 5ms
 ✓ tests/unit/project-dependency-route.test.js (2 tests) 6ms
 ✓ tests/integration/identity-gate.test.js (3 tests) 131ms
 ✓ tests/unit/api-access-key-migration.test.js (4 tests) 2ms
 ✓ tests/unit/activation-readiness-contract.test.js (3 tests) 4ms
 ✓ tests/unit/customer-profile-backfill-migration.test.js (3 tests) 2ms
 ✓ tests/unit/list-operator-grants-cli.test.js (5 tests) 4ms
 ✓ tests/integration/fr046-entry-contract.test.js (1 test) 98ms
 ✓ tests/unit/asset-management-api-ui-contract.test.js (4 tests) 2ms
 ✓ tests/unit/knowledge-admission-ui-contract.test.js (4 tests) 2ms
 ✓ tests/unit/platform-grant-migration.test.js (3 tests) 2ms
 ✓ tests/unit/wbs-structure.test.js (4 tests) 2ms
 ✓ tests/unit/market-intelligence/procurement-recommendation.test.js (2 tests) 1ms
 ✓ tests/unit/application-schema-migration.test.js (3 tests) 2ms
 ✓ tests/unit/business-routing.test.js (4 tests) 3ms
 ✓ tests/unit/fr045-w0-contract.test.js (3 tests) 5ms
 ✓ tests/unit/identity/session-assurance.test.js (5 tests) 2ms
 ✓ tests/unit/sot-data-plane-key-migration.test.js (3 tests) 2ms
 ✓ tests/unit/format-progress-percent.test.js (6 tests) 2ms
 ✓ tests/unit/line-channel-binding.test.js (2 tests) 3ms
 ✓ tests/unit/document-intake-ui.test.js (4 tests) 2ms
 ✓ tests/unit/market-intelligence/market-research-domain.test.js (2 tests) 2ms
 ✓ tests/unit/marketing/marketing-insights-route.test.js (2 tests) 5ms
 ✓ tests/unit/line-oa-rich-menu-routes.test.js (3 tests) 3ms
 ✓ tests/unit/error-events-view.test.js (3 tests) 15ms
 ✓ tests/unit/fr048-provider-catalog.test.js (5 tests) 3ms
 ✓ tests/unit/customer-data-contract.test.js (2 tests) 66ms
 ✓ tests/unit/runtime-postgres-config.test.js (2 tests) 5ms
 ✓ tests/unit/sot-decision-migration.test.js (2 tests) 2ms
 ✓ tests/unit/line-oa-knowledge-grounding-migration.test.js (3 tests) 2ms
 ✓ tests/unit/asset-receiving-evidence-ui.test.js (3 tests) 2ms
 ✓ tests/integration/agent-tools.test.js (5 tests) 3ms
 ✓ tests/unit/marketing-navigation.test.js (2 tests) 2ms
 ✓ tests/unit/platform/pipeline-tracking-migration.test.js (2 tests) 2ms
 ✓ tests/unit/dependency-map-view.test.js (4 tests) 1ms
 ✓ tests/unit/fr079-supabase-migration.test.js (2 tests) 2ms
 ✓ tests/unit/line-trace-route.test.js (2 tests) 5ms
 ✓ tests/unit/pipeline-tracking-route.test.js (2 tests) 1ms
 ✓ tests/unit/fr046-entry-read-model.test.js (3 tests) 4ms
 ✓ tests/unit/home-scope.test.js (3 tests) 2ms
 ✓ tests/unit/customer-import-review-queue-script.test.js (2 tests) 3ms
 ✓ tests/unit/market-intelligence/market-signals-domain.test.js (3 tests) 2ms
 ✓ tests/unit/run-bat-database-bootstrap.test.js (2 tests) 3ms
 ✓ tests/unit/identity/rate-limit-bucket-migration.test.js (2 tests) 2ms
 ✓ tests/unit/usage-events-view.test.js (2 tests) 13ms
 ✓ tests/unit/customer-review-runtime-login.test.js (2 tests) 2ms
 ✓ tests/unit/sot-plan-board-ui.test.js (4 tests) 2ms
 ✓ tests/unit/sot-inbox-ui.test.js (4 tests) 2ms
 ✓ tests/unit/model-residency-service.test.js (4 tests) 2ms
 ✓ tests/unit/breadcrumb-switcher.test.js (4 tests) 1ms
 ✓ tests/unit/marketing/marketing-operations-contract.test.js (2 tests) 3ms
 ✓ tests/unit/customer-import-review-api.test.js (2 tests) 1ms
 ✓ tests/unit/docker-publication-containment.test.js (1 test) 9ms
 ✓ tests/unit/customer-review-runtime-login-migration.test.js (2 tests) 2ms
 ✓ tests/unit/integration/marketplace-listing-adapter.test.js (2 tests) 2ms
 ✓ tests/unit/monorepo-layout.test.js (2 tests) 12ms
 ✓ tests/unit/db-boundary.test.js (6 tests) 2ms
 ✓ tests/unit/platform-approver-profile-migration.test.js (2 tests) 2ms
 ✓ tests/unit/business-knowledge-candidates.test.js (2 tests) 1ms
 ✓ tests/unit/customer-profile-contract-receipt.test.js (2 tests) 1ms
 ✓ tests/unit/application-identity-bootstrap-migration.test.js (2 tests) 2ms
 ✓ tests/unit/integration/retail-price-adapter.test.js (2 tests) 2ms
 ✓ tests/unit/fr079-schema-contract.test.js (2 tests) 4ms
 ✓ tests/unit/manage-superadmin-cli.test.js (3 tests) 3ms
 ✓ tests/unit/marketing-migration-policy.test.js (3 tests) 3ms
 ✓ tests/unit/business-routing-page.test.js (3 tests) 1ms
 ✓ tests/unit/overview-split.test.js (1 test) 2ms
 ✓ tests/unit/line-studio-dashboard-render.test.js (1 test) 6ms
 ✓ tests/unit/fr079-credential-vault.test.js (2 tests) 50ms
 ✓ tests/unit/asset-management-pipeline-contract.test.js (2 tests) 2ms
 ✓ tests/unit/design-system.test.js (3 tests) 2ms
 ✓ tests/unit/asset-management-navigation.test.js (3 tests) 3ms
 ✓ tests/unit/doc-identities.test.js (2 tests) 2ms
 ✓ tests/unit/ci-code-changes.test.js (2 tests) 46ms
 ✓ tests/unit/ids.test.js (5 tests) 2ms
 ✓ tests/unit/postgres-runtime-client.test.js (2 tests) 1ms
 ✓ tests/unit/waiting-room-page.test.js (2 tests) 1ms
 ✓ tests/unit/customer-profile-target-verification.test.js (2 tests) 1ms
 ✓ tests/unit/pipeline-monitor-ui.test.js (2 tests) 1ms
 ✓ tests/unit/global-view-scope-contract.test.js (1 test) 3ms
 ✓ tests/unit/marketing/marketing-broadcast-client-contract.test.js (2 tests) 2ms
 ✓ tests/unit/human-intake-surface.test.js (3 tests) 2ms
 ✓ tests/unit/knowledge-http.test.js (2 tests) 2ms
 ✓ tests/unit/marketing/marketing-operations-ui.test.js (1 test) 2ms
 ✓ tests/unit/marketing/marketing-operations-service.test.js (1 test) 1ms
 ✓ tests/unit/edge-pairing-download.test.js (1 test) 2ms
 ✓ tests/unit/entry-routing-boundary.test.js (2 tests) 2ms
 ✓ tests/unit/project-business-context.test.js (1 test) 1ms
 ✓ tests/unit/scope-view-context.test.js (1 test) 1ms
 ✓ tests/unit/people-directory.test.js (1 test) 1ms
 ✓ tests/unit/business-strategy-route.test.js (1 test) 1ms
 ✓ tests/unit/people-route.test.js (1 test) 1ms

⎯⎯⎯⎯⎯⎯⎯ Failed Tests 1 ⎯⎯⎯⎯⎯⎯⎯

 FAIL  tests/unit/knowledge-runtime.test.js > knowledge durable queue > atomically attaches its real pipeline run before reply loss and resumes that run after restart
AssertionError: expected null to deeply equal Any<String>

- Expected:
Any<String>

+ Received:
null

 ❯ tests/unit/knowledge-runtime.test.js:75:33
     73|     await runtime.runOnce()
     74|     const lost = await prisma.knowledgeIngestion.findUnique({ where: {…
     75|     expect(lost.executionRunId).toEqual(expect.any(String))
       |                                 ^
     76|     expect(lost.rawArtifactId).toEqual(expect.any(String))
     77|     expect(lost.status).toBe('RUNNING')

⎯⎯⎯⎯⎯⎯⎯⎯⎯⎯⎯⎯⎯⎯⎯⎯⎯⎯⎯⎯⎯⎯⎯⎯[1/1]⎯

 Test Files  1 failed | 722 passed | 6 skipped (729)
      Tests  1 failed | 6135 passed | 32 skipped (6168)
   Start at  03:37:19
   Duration  594.56s (transform 5.85s, setup 3.17s, collect 222.08s, tests 247.70s, environment 78ms, prepare 34.45s)

JSON report written to C:/Users/pc/.codex/visualizations/2026/09/16/01a0ab85-48d9-7380-91a5-7dd7539f6427/zuri-pricing-engine/apps/server/node_modules/.cache/zuri-test-proof/vitest.json
